image name (matching Raise-1k),Prompt,Midjourney aspect ratio,Midjourney image choice,Glide/SD 1.x CFG scale,SD14 scale,Glide upsample temperature,Glide choice,SD 1.3 choice,SD 1.4 choice,sd2 resolution,sdxl width,sdxl height,sd2/sdxl steps,sd2/sdxl sampler,sd2/sdxl guider,sd2/sdxl guidance if vanilla scale,sdxl use refiner?,sdxl refiner steps,sdxl refiner sampler,sdxl refiner guider,sdxl refiner guidance if vanilla scale,sdxl finish denoising,dalle3 ar (not guaranteed),Firefly styles,Firefly aspect ratio,Firefly guide strength,Firefly creativity,Firefly exif mode,Firefly manual exif aperture,Firefly manual exif shutter speed,Firefly manual exif FOV,Firefly generation URL
r0b0e2ba5t,"branches of trees that surround a lake, in the style of romantic soft focus and ethereal light, italian landscapes, flickr, carl zeiss distagon t* 15mm f/2.8 ze, silhouette lighting, swiss style, playing with light and shadow",77:51,3,5.610608219,6.751009419,0.997,4,4,1,768,1472,704,43,HeunEDMSampler,IdentityGuider,,TRUE,34,HeunEDMSampler,VanillaCFG,,TRUE,4:5,harsh_light+wide_angle,landscape,50,6,manual,8,0.004,161,"https://firefly.adobe.com/generate/images?style=photo&seed=42&seed=242&seed=4242&seed=2442&prompt=branches+of+trees+that+surround+a+lake%2C+in+the+style+of+romantic+soft+focus+and+ethereal+light%2C+italian+landscapes%2C+flickr%2C+carl+zeiss+distagon+t*+15mm+f/2.8+ze%2C+silhouette+lighting%2C+swiss+style%2C+playing+with+light+and+shadow&modelInputVersion=v2&aspectRatio=landscape&creativity=6&guideStrength=50&exif={""mode""%3A""manual""%2C""details""%3A{""aperture""%3A8%2C""focal_length""%3A161%2C""shutter_speed""%3A0.004}}&style=harsh_light&style=wide_angle"
r0b3979d0t,"a large group of people walking past a large building, in the style of madonna and child, depth of field, marble, wimmelbilder, sanctuary, candid shots, streaked",77:51,3,6.245048355,7.860516071,0.999,3,2,1,512,1408,704,33,EulerAncestralSampler,IdentityGuider,,TRUE,46,DPMPP2MSampler,VanillaCFG,,FALSE,1:2,low_lighting+shot_from_below,widescreen,100,7,manual,4,0.008,146,"https://firefly.adobe.com/generate/images?style=photo&seed=42&seed=242&seed=4242&seed=2442&prompt=a+large+group+of+people+walking+past+a+large+building%2C+in+the+style+of+madonna+and+child%2C+depth+of+field%2C+marble%2C+wimmelbilder%2C+sanctuary%2C+candid+shots%2C+streaked&modelInputVersion=v2&aspectRatio=widescreen&creativity=7&guideStrength=100&exif={""mode""%3A""manual""%2C""details""%3A{""aperture""%3A4%2C""focal_length""%3A146%2C""shutter_speed""%3A0.008}}&style=low_lighting&style=shot_from_below"
r0b59fc2bt,"wooden window on a rustic stone wall, in the style of detailed drapery, xmaspunk, reflections and mirroring, swiss style, primitive figurines, cabincore",89:134,3,5.749022182,3.775644273,1,4,0,2,768,1600,640,50,LinearMultistepSampler,VanillaCFG,5.922338838,FALSE,,,,,,3:2,minimalism+bw+low_lighting+surface_detail,portrait,50,2,manual,1.4,0.0006,69,"https://firefly.adobe.com/generate/images?style=photo&seed=42&seed=242&seed=4242&seed=2442&prompt=wooden+window+on+a+rustic+stone+wall%2C+in+the+style+of+detailed+drapery%2C+xmaspunk%2C+reflections+and+mirroring%2C+swiss+style%2C+primitive+figurines%2C+cabincore&modelInputVersion=v2&aspectRatio=portrait&creativity=2&guideStrength=50&exif={""mode""%3A""manual""%2C""details""%3A{""aperture""%3A1.4%2C""focal_length""%3A69%2C""shutter_speed""%3A0.0006}}&style=minimalism&style=bw&style=low_lighting&style=surface_detail"
r0b6e4254t,"this statue portrays a man on a horse surrounded by trees, in the style of noble figures, dark green and orange, fujifilm velvia, germanic art",51:77,4,8.694730465,5.016987482,0.995,4,5,2,768,704,1344,47,DPMPP2MSampler,VanillaCFG,5.48423172,TRUE,42,DPMPP2SAncestralSampler,VanillaCFG,3.197275775,TRUE,4:3,divine+golden_hour,widescreen,100,7,auto,,,,"https://firefly.adobe.com/generate/images?style=photo&seed=42&seed=242&seed=4242&seed=2442&prompt=this+statue+portrays+a+man+on+a+horse+surrounded+by+trees%2C+in+the+style+of+noble+figures%2C+dark+green+and+orange%2C+fujifilm+velvia%2C+germanic+art&modelInputVersion=v2&aspectRatio=widescreen&creativity=7&guideStrength=100&exif={""mode""%3A""auto""}&style=divine&style=golden_hour"
r0b735401t,"a group of rocks covered with grass, in the style of peruvian landscapes, polished concrete, mountainous vistas, cabincore, grandeur of scale, anamorphic lens, beige and aquamarine",77:51,4,4.639814961,8.114581112,0.996,1,2,0,512,1344,768,41,LinearMultistepSampler,IdentityGuider,,FALSE,,,,,,4:3,cool_colors+harsh_light,landscape,100,6,manual,1.2,0.066,273,"https://firefly.adobe.com/generate/images?style=photo&seed=42&seed=242&seed=4242&seed=2442&prompt=a+group+of+rocks+covered+with+grass%2C+in+the+style+of+peruvian+landscapes%2C+polished+concrete%2C+mountainous+vistas%2C+cabincore%2C+grandeur+of+scale%2C+anamorphic+lens%2C+beige+and+aquamarine&modelInputVersion=v2&aspectRatio=landscape&creativity=6&guideStrength=100&exif={""mode""%3A""manual""%2C""details""%3A{""aperture""%3A1.2%2C""focal_length""%3A273%2C""shutter_speed""%3A0.066}}&style=cool_colors&style=harsh_light"
r0b7b1156t,"large red flowers with yellow cores, in the style of 35mm lens, vibrant coloration, rounded",77:51,2,3.702299824,8.312716423,0.995,2,3,1,512,1472,704,39,EulerEDMSampler,VanillaCFG,5.590680495,FALSE,,,,,,9:16,shot_from_above,widescreen,0,6,manual,4,10,139,"https://firefly.adobe.com/generate/images?style=photo&seed=42&seed=242&seed=4242&seed=2442&prompt=large+red+flowers+with+yellow+cores%2C+in+the+style+of+35mm+lens%2C+vibrant+coloration%2C+rounded&modelInputVersion=v2&aspectRatio=widescreen&creativity=6&guideStrength=0&exif={""mode""%3A""manual""%2C""details""%3A{""aperture""%3A4%2C""focal_length""%3A139%2C""shutter_speed""%3A10}}&style=shot_from_above"
r0bdc7894t,"a fly perched on the leaf of a flower, in the style of spiky mounds, overexposure, bokeh, whistlerian, striped arrangements, soft light, prairiecore, rough clusters",51:77,1,3.479122661,5.900860021,0.998,3,2,3,512,1600,640,45,LinearMultistepSampler,VanillaCFG,5.934152084,FALSE,,,,,,3:4,studio_light,square,50,4,manual,22,0.008,242,"https://firefly.adobe.com/generate/images?style=photo&seed=42&seed=242&seed=4242&seed=2442&prompt=a+fly+perched+on+the+leaf+of+a+flower%2C+in+the+style+of+spiky+mounds%2C+overexposure%2C+bokeh%2C+whistlerian%2C+striped+arrangements%2C+soft+light%2C+prairiecore%2C+rough+clusters&modelInputVersion=v2&aspectRatio=square&creativity=4&guideStrength=50&exif={""mode""%3A""manual""%2C""details""%3A{""aperture""%3A22%2C""focal_length""%3A242%2C""shutter_speed""%3A0.008}}&style=studio_light"
r0c9910e4t,"this statue was created as a gift for a steward,, in the style of made of insects, realistic blue skies, dark green, thin steel forms, macro perspectives, elongated figures",134:89,3,4.252425019,5.015962652,0.998,2,0,1,768,704,1408,39,EulerEDMSampler,VanillaCFG,5.220622745,TRUE,38,EulerAncestralSampler,VanillaCFG,5.372900931,TRUE,3:4,otherworldly_depiction+shallow_depth_of_field,widescreen,42,9,manual,2.8,0.066,295,"https://firefly.adobe.com/generate/images?style=photo&seed=42&seed=242&seed=4242&seed=2442&prompt=this+statue+was+created+as+a+gift+for+a+steward%2C%2C+in+the+style+of+made+of+insects%2C+realistic+blue+skies%2C+dark+green%2C+thin+steel+forms%2C+macro+perspectives%2C+elongated+figures&modelInputVersion=v2&aspectRatio=widescreen&creativity=9&guideStrength=42&exif={""mode""%3A""manual""%2C""details""%3A{""aperture""%3A2.8%2C""focal_length""%3A295%2C""shutter_speed""%3A0.066}}&style=otherworldly_depiction&style=shallow_depth_of_field"
r0cde6159t,"clouds are covering a body of water, in the style of snow scenes, light gray and green, sunrays shine upon it, whistlerian, shaky camera work, high-key lighting, webcam photography",77:51,3,3.727447935,2.88083881,1,4,1,2,512,1472,704,38,DPMPP2MSampler,VanillaCFG,4.118789614,TRUE,37,LinearMultistepSampler,IdentityGuider,5.214256148,TRUE,5:4,muted+surreal_lighting,widescreen,50,10,auto,,,,"https://firefly.adobe.com/generate/images?style=photo&seed=42&seed=242&seed=4242&seed=2442&prompt=clouds+are+covering+a+body+of+water%2C+in+the+style+of+snow+scenes%2C+light+gray+and+green%2C+sunrays+shine+upon+it%2C+whistlerian%2C+shaky+camera+work%2C+high-key+lighting%2C+webcam+photography&modelInputVersion=v2&aspectRatio=widescreen&creativity=10&guideStrength=50&exif={""mode""%3A""auto""}&style=muted&style=surreal_lighting"
r0ce35df8t,"red poppies are growing out of rock near an ancient church, in the style of soft-focus portraits, light sky-blue and green, over, high contrast, archaeological object, poetcore, desertwave, soft-focus technique",77:51,3,7.233541288,3.505589593,0.998,4,1,3,768,896,1088,36,DPMPP2SAncestralSampler,VanillaCFG,2.800409289,TRUE,39,DPMPP2MSampler,VanillaCFG,4.269392213,TRUE,2:3,maximalism+warm_colors+surreal_lighting+landscape_photography,square,100,6,manual,16,1,14,"https://firefly.adobe.com/generate/images?style=photo&seed=42&seed=242&seed=4242&seed=2442&prompt=red+poppies+are+growing+out+of+rock+near+an+ancient+church%2C+in+the+style+of+soft-focus+portraits%2C+light+sky-blue+and+green%2C+over%2C+high+contrast%2C+archaeological+object%2C+poetcore%2C+desertwave%2C+soft-focus+technique&modelInputVersion=v2&aspectRatio=square&creativity=6&guideStrength=100&exif={""mode""%3A""manual""%2C""details""%3A{""aperture""%3A16%2C""focal_length""%3A14%2C""shutter_speed""%3A1}}&style=maximalism&style=warm_colors&style=surreal_lighting&style=landscape_photography"
r0d203f37t,"this view is of a lake, in the style of viennese actionism, himalayan vistas, dotted, light sky-blue and light yellow, canon 50mm f/0.95, topographical views, geodesic structures",134:89,4,6.015000436,4.6073392,0.998,2,3,2,768,1088,896,46,DPMPP2MSampler,IdentityGuider,,TRUE,45,HeunEDMSampler,VanillaCFG,,FALSE,1:2,photographed_through_window,landscape,0,10,manual,22,0.016,16,"https://firefly.adobe.com/generate/images?style=photo&seed=42&seed=242&seed=4242&seed=2442&prompt=this+view+is+of+a+lake%2C+in+the+style+of+viennese+actionism%2C+himalayan+vistas%2C+dotted%2C+light+sky-blue+and+light+yellow%2C+canon+50mm+f/0.95%2C+topographical+views%2C+geodesic+structures&modelInputVersion=v2&aspectRatio=landscape&creativity=10&guideStrength=0&exif={""mode""%3A""manual""%2C""details""%3A{""aperture""%3A22%2C""focal_length""%3A16%2C""shutter_speed""%3A0.016}}&style=photographed_through_window"
r0d56c1d7t,"photo of one tree with leaves, in the style of swiss style, charming, idyllic rural scenes, 32k uhd, cross processing, terraced cityscapes, site-specific works, mountainous vistas",134:89,2,2.994101377,8.543748474,0.999,2,4,3,768,1344,768,40,EulerAncestralSampler,VanillaCFG,1.232396043,TRUE,41,LinearMultistepSampler,VanillaCFG,3.807774469,FALSE,4:5,dramatic_light+wide_angle,landscape,0,10,manual,2.8,10,69,"https://firefly.adobe.com/generate/images?style=photo&seed=42&seed=242&seed=4242&seed=2442&prompt=photo+of+one+tree+with+leaves%2C+in+the+style+of+swiss+style%2C+charming%2C+idyllic+rural+scenes%2C+32k+uhd%2C+cross+processing%2C+terraced+cityscapes%2C+site-specific+works%2C+mountainous+vistas&modelInputVersion=v2&aspectRatio=landscape&creativity=10&guideStrength=0&exif={""mode""%3A""manual""%2C""details""%3A{""aperture""%3A2.8%2C""focal_length""%3A69%2C""shutter_speed""%3A10}}&style=dramatic_light&style=wide_angle"
r0d89edd8t,"a group of seaguls stand on a wooden jetty, in the style of urban interventions, bentwood, shiny eyes, naturalistic poses, havencore, pensive poses, raw, confrontational figures, shiny eyes, associated press photo, white and beige, lively group compositions, tumblewave,  majestic ports, unconventional poses, die brücke, american urban life, telephoto lens, bentwood, photo taken with nikon d750",77:51,4,5.507135723,6.137963772,0.996,3,2,1,768,1472,704,41,DPMPP2MSampler,VanillaCFG,9.107543628,FALSE,,,,,,2:3,macrophotography,landscape,82,5,auto,,,,"https://firefly.adobe.com/generate/images?style=photo&seed=42&seed=242&seed=4242&seed=2442&prompt=a+group+of+seaguls+stand+on+a+wooden+jetty%2C+in+the+style+of+urban+interventions%2C+bentwood%2C+shiny+eyes%2C+naturalistic+poses%2C+havencore%2C+pensive+poses%2C+raw%2C+confrontational+figures%2C+shiny+eyes%2C+associated+press+photo%2C+white+and+beige%2C+lively+group+compositions%2C+tumblewave%2C++majestic+ports%2C+unconventional+poses%2C+die+brücke%2C+american+urban+life%2C+telephoto+lens%2C+bentwood%2C+photo+taken+with+nikon+d750&modelInputVersion=v2&aspectRatio=landscape&creativity=5&guideStrength=82&exif={""mode""%3A""auto""}&style=macrophotography"
r0e04cc91t,"a green finnish lake between trees and rocks near a rocky shore reflecting the unseen mountains of the background, in the style of light emerald and dark aquamarine, observational photography, kitsch and camp charm, delicate washes, finnish nature scenes, finnish landscapes, colorful imagery, intensely detailed, ephemeral, whimsical wilderness, naturecore, lakecore, forestcore",77:51,2,3.692171625,7.687480918,0.999,4,2,0,512,960,1024,42,EulerEDMSampler,IdentityGuider,,TRUE,36,DPMPP2MSampler,VanillaCFG,,FALSE,4:5,divine+closeup,widescreen,100,6,auto,,,,"https://firefly.adobe.com/generate/images?style=photo&seed=42&seed=242&seed=4242&seed=2442&prompt=a+green+finnish+lake+between+trees+and+rocks+near+a+rocky+shore+reflecting+the+unseen+mountains+of+the+background%2C+in+the+style+of+light+emerald+and+dark+aquamarine%2C+observational+photography%2C+kitsch+and+camp+charm%2C+delicate+washes%2C+finnish+nature+scenes%2C+finnish+landscapes%2C+colorful+imagery%2C+intensely+detailed%2C+ephemeral%2C+whimsical+wilderness%2C+naturecore%2C+lakecore%2C+forestcore&modelInputVersion=v2&aspectRatio=widescreen&creativity=6&guideStrength=100&exif={""mode""%3A""auto""}&style=divine&style=closeup"
r0e5dfc8et,"two wooden rowboats with flowers and two elderly people on them in a lush swamp canal next to a duck and lush grass and swamp trees on the canal banks, in the style of saint-omer, colorful gardens, romantic sensibility, swampcore, duckcore, elaborate, orderly arrangements, romantic gestures, floating structures, serene and tranquil scenes",77:51,2,8.626260757,3.192411489,0.996,2,3,1,512,704,1408,44,EulerAncestralSampler,IdentityGuider,,FALSE,,,,,,4:3,,portrait,50,2,auto,,,,"https://firefly.adobe.com/generate/images?style=photo&seed=42&seed=242&seed=4242&seed=2442&prompt=two+wooden+rowboats+with+flowers+and+two+elderly+people+on+them+in+a+lush+swamp+canal+next+to+a+duck+and+lush+grass+and+swamp+trees+on+the+canal+banks%2C+in+the+style+of+saint-omer%2C+colorful+gardens%2C+romantic+sensibility%2C+swampcore%2C+duckcore%2C+elaborate%2C+orderly+arrangements%2C+romantic+gestures%2C+floating+structures%2C+serene+and+tranquil+scenes&modelInputVersion=v2&aspectRatio=portrait&creativity=2&guideStrength=50&exif={""mode""%3A""auto""}"
r0e7b407bt,"roman tiled mosaic floor in the museum, in the style of goosepunk, nature-based patterns, nature motifs, natural fibers, the bechers' typologies, light red and bronze, grocery art, lively tableaus, crisp detailing",134:89,2,4.135235682,5.042073758,0.999,3,3,2,768,1088,960,35,EulerAncestralSampler,VanillaCFG,6.676997567,TRUE,48,LinearMultistepSampler,VanillaCFG,7.342645903,TRUE,5:4,knolling,widescreen,50,10,manual,16,0.066,300,"https://firefly.adobe.com/generate/images?style=photo&seed=42&seed=242&seed=4242&seed=2442&prompt=roman+tiled+mosaic+floor+in+the+museum%2C+in+the+style+of+goosepunk%2C+nature-based+patterns%2C+nature+motifs%2C+natural+fibers%2C+the+bechers'+typologies%2C+light+red+and+bronze%2C+grocery+art%2C+lively+tableaus%2C+crisp+detailing&modelInputVersion=v2&aspectRatio=widescreen&creativity=10&guideStrength=50&exif={""mode""%3A""manual""%2C""details""%3A{""aperture""%3A16%2C""focal_length""%3A300%2C""shutter_speed""%3A0.066}}&style=knolling"
r0eab8214t,"a wooden table with alchemy/herborism items on it, in the style of anthropological, distillation of forms, historically accurate, material experimentation, villagecore, red and brown, nostalgic rural life depictions",89:134,3,8.814982153,3.060628303,0.999,2,1,2,768,1024,1024,44,HeunEDMSampler,IdentityGuider,,TRUE,36,LinearMultistepSampler,IdentityGuider,,FALSE,2:3,grainy_film+vibrant_colors+studio_light+photographed_through_window,square,0,7,manual,5.6,0.066,247,"https://firefly.adobe.com/generate/images?style=photo&seed=42&seed=242&seed=4242&seed=2442&prompt=a+wooden+table+with+alchemy/herborism+items+on+it%2C+in+the+style+of+anthropological%2C+distillation+of+forms%2C+historically+accurate%2C+material+experimentation%2C+villagecore%2C+red+and+brown%2C+nostalgic+rural+life+depictions&modelInputVersion=v2&aspectRatio=square&creativity=7&guideStrength=0&exif={""mode""%3A""manual""%2C""details""%3A{""aperture""%3A5.6%2C""focal_length""%3A247%2C""shutter_speed""%3A0.066}}&style=grainy_film&style=vibrant_colors&style=studio_light&style=photographed_through_window"
r0eb07be3t,"a tall building with large vertical banners and ornate windows, in the style of 19th century french academy, large-scale portraits, feminine affluence, les nabis, dark white and dark beige, eclectic curatorial style, rubens, large grey building at the louvre, en plein air, dark gray, eclectic curatorial style",77:51,2,2.681349597,5.847579147,0.998,1,3,0,768,1088,896,39,DPMPP2MSampler,VanillaCFG,3.5720541,TRUE,44,EulerAncestralSampler,VanillaCFG,2.819273374,TRUE,4:5,,square,87,9,manual,4,0.125,20,"https://firefly.adobe.com/generate/images?style=photo&seed=42&seed=242&seed=4242&seed=2442&prompt=a+tall+building+with+large+vertical+banners+and+ornate+windows%2C+in+the+style+of+19th+century+french+academy%2C+large-scale+portraits%2C+feminine+affluence%2C+les+nabis%2C+dark+white+and+dark+beige%2C+eclectic+curatorial+style%2C+rubens%2C+large+grey+building+at+the+louvre%2C+en+plein+air%2C+dark+gray%2C+eclectic+curatorial+style&modelInputVersion=v2&aspectRatio=square&creativity=9&guideStrength=87&exif={""mode""%3A""manual""%2C""details""%3A{""aperture""%3A4%2C""focal_length""%3A20%2C""shutter_speed""%3A0.125}}"
r0ebdd2d2t,"the city wall is in the background, in the style of mountainous vistas, streetscape, classicist approach, passage, dappled, soft mist, absinthe culture, passage, majestic ports, kodak ektar, en plein air, fantastical street, abrupt, streetscape, paved street, harmony of city and nature, historical instpiration",89:134,1,4.75528111,2.629335252,0.999,3,5,2,768,1472,704,44,DPMPP2SAncestralSampler,IdentityGuider,,TRUE,35,LinearMultistepSampler,VanillaCFG,,FALSE,3:2,bokeh+muted+golden_hour,widescreen,0,9,manual,2,0.5,170,"https://firefly.adobe.com/generate/images?style=photo&seed=42&seed=242&seed=4242&seed=2442&prompt=the+city+wall+is+in+the+background%2C+in+the+style+of+mountainous+vistas%2C+streetscape%2C+classicist+approach%2C+passage%2C+dappled%2C+soft+mist%2C+absinthe+culture%2C+passage%2C+majestic+ports%2C+kodak+ektar%2C+en+plein+air%2C+fantastical+street%2C+abrupt%2C+streetscape%2C+paved+street%2C+harmony+of+city+and+nature%2C+historical+instpiration&modelInputVersion=v2&aspectRatio=widescreen&creativity=9&guideStrength=0&exif={""mode""%3A""manual""%2C""details""%3A{""aperture""%3A2%2C""focal_length""%3A170%2C""shutter_speed""%3A0.5}}&style=bokeh&style=muted&style=golden_hour"
r0eea5a7et,"the scenery is green, in the style of wollensak 127mm f/4.7 ektar, topographical views, opacity and translucency, iso 200, mountainous vistas, matte photo, camera noise",77:51,2,7.189756401,5.152769565,0.997,3,0,0,768,960,1024,40,EulerEDMSampler,VanillaCFG,6.067162168,FALSE,,,,,,2:3,shot_from_below,square,100,2,manual,2.8,0.0006,77,"https://firefly.adobe.com/generate/images?style=photo&seed=42&seed=242&seed=4242&seed=2442&prompt=the+scenery+is+green%2C+in+the+style+of+wollensak+127mm+f/4.7+ektar%2C+topographical+views%2C+opacity+and+translucency%2C+iso+200%2C+mountainous+vistas%2C+matte+photo%2C+camera+noise&modelInputVersion=v2&aspectRatio=square&creativity=2&guideStrength=100&exif={""mode""%3A""manual""%2C""details""%3A{""aperture""%3A2.8%2C""focal_length""%3A77%2C""shutter_speed""%3A0.0006}}&style=shot_from_below"
r0fae3dbdt,"people walking down the narrow street through a roz of buildings in the background before a small courtyard and darkbrown brick wall between the buildings, in the style of terracotta roman art and architecture, light maroon and orange, romanticized views, raw street photography, richly layered, emancicore, gritty urban landscapes, muted colours",89:134,1,7.951844955,3.409549258,0.997,4,1,0,768,1152,896,45,DPMPP2SAncestralSampler,VanillaCFG,3.691095508,FALSE,,,,,,2:1,pastel_colors+low_lighting+shallow_depth_of_field,portrait,50,6,manual,2.8,0.125,278,"https://firefly.adobe.com/generate/images?style=photo&seed=42&seed=242&seed=4242&seed=2442&prompt=people+walking+down+the+narrow+street+through+a+roz+of+buildings+in+the+background+before+a+small+courtyard+and+darkbrown+brick+wall+between+the+buildings%2C+in+the+style+of+terracotta+roman+art+and+architecture%2C+light+maroon+and+orange%2C+romanticized+views%2C+raw+street+photography%2C+richly+layered%2C+emancicore%2C+gritty+urban+landscapes%2C+muted+colours&modelInputVersion=v2&aspectRatio=portrait&creativity=6&guideStrength=50&exif={""mode""%3A""manual""%2C""details""%3A{""aperture""%3A2.8%2C""focal_length""%3A278%2C""shutter_speed""%3A0.125}}&style=pastel_colors&style=low_lighting&style=shallow_depth_of_field"
r0faffef3t,"the flowers are in the field near a stream, in the style of laowa 100mm f/2.8 2x ultra macro apo, light purple and dark emerald, celtic knotwork, goerz hypergon 6.5mm f/8, 32k uhd, matte photo, wet-on-wet blending",51:77,3,4.056088933,8.992247411,0.996,2,2,0,768,1088,960,41,HeunEDMSampler,IdentityGuider,,TRUE,39,HeunEDMSampler,IdentityGuider,,TRUE,4:3,cool_colors+dramatic_light,portrait,0,3,auto,,,,"https://firefly.adobe.com/generate/images?style=photo&seed=42&seed=242&seed=4242&seed=2442&prompt=the+flowers+are+in+the+field+near+a+stream%2C+in+the+style+of+laowa+100mm+f/2.8+2x+ultra+macro+apo%2C+light+purple+and+dark+emerald%2C+celtic+knotwork%2C+goerz+hypergon+6.5mm+f/8%2C+32k+uhd%2C+matte+photo%2C+wet-on-wet+blending&modelInputVersion=v2&aspectRatio=portrait&creativity=3&guideStrength=0&exif={""mode""%3A""auto""}&style=cool_colors&style=dramatic_light"
r0fbb5bc1t,"a snowcovered mountain and trees, in the style of light yellow and dark amber, rollei prego 90, light amber and emerald, captures the essence of nature, spiky mounds, off-focus part of the yellow tree in the foreground, mountains in the background, exacting precision, forestpunk, adventurecore, snow scenes, mountainous vistas, light orange and white and gray and dark emerald, spiky mounds",51:77,1,7.565090841,4.705363116,1,3,4,2,768,1664,576,40,DPMPP2MSampler,IdentityGuider,,TRUE,42,HeunEDMSampler,VanillaCFG,,TRUE,1:1,monochromatic+multiexposure,portrait,100,2,auto,,,,"https://firefly.adobe.com/generate/images?style=photo&seed=42&seed=242&seed=4242&seed=2442&prompt=a+snowcovered+mountain+and+trees%2C+in+the+style+of+light+yellow+and+dark+amber%2C+rollei+prego+90%2C+light+amber+and+emerald%2C+captures+the+essence+of+nature%2C+spiky+mounds%2C+off-focus+part+of+the+yellow+tree+in+the+foreground%2C+mountains+in+the+background%2C+exacting+precision%2C+forestpunk%2C+adventurecore%2C+snow+scenes%2C+mountainous+vistas%2C+light+orange+and+white+and+gray+and+dark+emerald%2C+spiky+mounds&modelInputVersion=v2&aspectRatio=portrait&creativity=2&guideStrength=100&exif={""mode""%3A""auto""}&style=monochromatic&style=multiexposure"
r0fbd0c71t,"in the foreground three papier-mâché anumal scultpures with floral patterns: a teal-background-floral-ochre papier-mâché pig sculpture and an oversized papier-mâché floral-patterned teal-ochre shadowed frog are facing each other white the papier-mâché red paisley dog is mounting gard looking at the camera, an old classical carpeted room with large windows with strong sunlight, golden walls, crimson velvet curtains, gold and crimson velvet chairs around one round wood table in the foreground and two other in the background, a large couch of same style as the chairs crimson velvet gold contours, in the style of baroque animals, animalier, elaborate drapery, animal motifs, grandiose environments, use of fabric",77:51,1,3.323966203,3.630845061,0.999,1,2,2,512,704,1408,39,DPMPP2MSampler,VanillaCFG,1.457146631,TRUE,41,EulerAncestralSampler,IdentityGuider,2.637263862,TRUE,5:4,,widescreen,0,10,manual,1.2,0.0006,37,"https://firefly.adobe.com/generate/images?style=photo&seed=42&seed=242&seed=4242&seed=2442&prompt=in+the+foreground+three+papier-mâché+anumal+scultpures+with+floral+patterns:+a+teal-background-floral-ochre+papier-mâché+pig+sculpture+and+an+oversized+papier-mâché+floral-patterned+teal-ochre+shadowed+frog+are+facing+each+other+white+the+papier-mâché+red+paisley+dog+is+mounting+gard+looking+at+the+camera%2C+an+old+classical+carpeted+room+with+large+windows+with+strong+sunlight%2C+golden+walls%2C+crimson+velvet+curtains%2C+gold+and+crimson+velvet+chairs+around+one+round+wood+table+in+the+foreground+and+two+other+in+the+background%2C+a+large+couch+of+same+style+as+the+chairs+crimson+velvet+gold+contours%2C+in+the+style+of+baroque+animals%2C+animalier%2C+elaborate+drapery%2C+animal+motifs%2C+grandiose+environments%2C+use+of+fabric&modelInputVersion=v2&aspectRatio=widescreen&creativity=10&guideStrength=0&exif={""mode""%3A""manual""%2C""details""%3A{""aperture""%3A1.2%2C""focal_length""%3A37%2C""shutter_speed""%3A0.0006}}"
r0fbf62f8t,"green stone wall on the road, in the style of italian landscapes, die brücke, mountainous vistas, uhd image, pentax k1000, organic stone carvings, frequent use of yellow",51:77,2,3.83597305,6.094278209,0.999,2,3,0,768,960,1024,34,DPMPP2SAncestralSampler,IdentityGuider,,TRUE,41,EulerAncestralSampler,VanillaCFG,,FALSE,9:16,,landscape,48,10,manual,2,1,130,"https://firefly.adobe.com/generate/images?style=photo&seed=42&seed=242&seed=4242&seed=2442&prompt=green+stone+wall+on+the+road%2C+in+the+style+of+italian+landscapes%2C+die+brücke%2C+mountainous+vistas%2C+uhd+image%2C+pentax+k1000%2C+organic+stone+carvings%2C+frequent+use+of+yellow&modelInputVersion=v2&aspectRatio=landscape&creativity=10&guideStrength=48&exif={""mode""%3A""manual""%2C""details""%3A{""aperture""%3A2%2C""focal_length""%3A130%2C""shutter_speed""%3A1}}"
r0fd69c12t,"a mountain with a few pine trees, in the style of site-specific works, cold and detached atmosphere, ricoh r1, panorama, light-filled landscapes, smokey background, swiss style",134:89,2,8.985267245,4.952276363,0.999,3,2,0,768,1152,896,31,EulerAncestralSampler,VanillaCFG,8.098936191,TRUE,42,HeunEDMSampler,IdentityGuider,2.367948541,FALSE,3:2,bokeh,portrait,48,5,manual,8,0.125,262,"https://firefly.adobe.com/generate/images?style=photo&seed=42&seed=242&seed=4242&seed=2442&prompt=a+mountain+with+a+few+pine+trees%2C+in+the+style+of+site-specific+works%2C+cold+and+detached+atmosphere%2C+ricoh+r1%2C+panorama%2C+light-filled+landscapes%2C+smokey+background%2C+swiss+style&modelInputVersion=v2&aspectRatio=portrait&creativity=5&guideStrength=48&exif={""mode""%3A""manual""%2C""details""%3A{""aperture""%3A8%2C""focal_length""%3A262%2C""shutter_speed""%3A0.125}}&style=bokeh"
r0fdfc4f0t,"the water goes straight across, in the style of baroque grandeur, swiss style",77:51,3,4.653692359,6.573119826,0.999,3,0,1,512,1408,704,41,HeunEDMSampler,VanillaCFG,5.841788774,FALSE,,,,,,3:4,simple+vibrant_colors+dramatic_light,portrait,50,9,auto,,,,"https://firefly.adobe.com/generate/images?style=photo&seed=42&seed=242&seed=4242&seed=2442&prompt=the+water+goes+straight+across%2C+in+the+style+of+baroque+grandeur%2C+swiss+style&modelInputVersion=v2&aspectRatio=portrait&creativity=9&guideStrength=50&exif={""mode""%3A""auto""}&style=simple&style=vibrant_colors&style=dramatic_light"
r0fe270aet,"sidewalks on the water, in the style of venetian scenes, sky-blue and green, imposing monumentality, piles/stacks, camera obscura, high-key lighting, light brown and dark black",77:51,2,3.72685457,3.737742997,0.998,3,2,1,768,1472,704,44,DPMPP2MSampler,IdentityGuider,,TRUE,27,DPMPP2SAncestralSampler,VanillaCFG,,FALSE,3:4,warm_colors,portrait,0,9,auto,,,,"https://firefly.adobe.com/generate/images?style=photo&seed=42&seed=242&seed=4242&seed=2442&prompt=sidewalks+on+the+water%2C+in+the+style+of+venetian+scenes%2C+sky-blue+and+green%2C+imposing+monumentality%2C+piles/stacks%2C+camera+obscura%2C+high-key+lighting%2C+light+brown+and+dark+black&modelInputVersion=v2&aspectRatio=portrait&creativity=9&guideStrength=0&exif={""mode""%3A""auto""}&style=warm_colors"
r0fe7b1c6t,"wall and ceiling are two things to look at, in the style of playful characters, interactive exhibits, made of cheese, fauvist animator, thx sound, avian-themed",134:89,3,4.820936402,8.418936971,0.995,1,1,1,512,832,1216,42,DPMPP2SAncestralSampler,IdentityGuider,,TRUE,32,DPMPP2SAncestralSampler,IdentityGuider,,TRUE,3:2,dramatic_light,landscape,4,5,auto,,,,"https://firefly.adobe.com/generate/images?style=photo&seed=42&seed=242&seed=4242&seed=2442&prompt=wall+and+ceiling+are+two+things+to+look+at%2C+in+the+style+of+playful+characters%2C+interactive+exhibits%2C+made+of+cheese%2C+fauvist+animator%2C+thx+sound%2C+avian-themed&modelInputVersion=v2&aspectRatio=landscape&creativity=5&guideStrength=4&exif={""mode""%3A""auto""}&style=dramatic_light"
r0fef53bft,"a stream running through a field of pine trees, in the style of swiss style, leica cl, sparse backgrounds, dau al set, nabis, mountainous vistas, green",51:77,1,8.801453375,6.735422157,0.999,1,3,1,768,1024,1024,34,DPMPP2MSampler,VanillaCFG,9.635975407,TRUE,50,EulerAncestralSampler,IdentityGuider,4.466539577,FALSE,1:1,shot_from_above,landscape,0,3,manual,22,10,61,"https://firefly.adobe.com/generate/images?style=photo&seed=42&seed=242&seed=4242&seed=2442&prompt=a+stream+running+through+a+field+of+pine+trees%2C+in+the+style+of+swiss+style%2C+leica+cl%2C+sparse+backgrounds%2C+dau+al+set%2C+nabis%2C+mountainous+vistas%2C+green&modelInputVersion=v2&aspectRatio=landscape&creativity=3&guideStrength=0&exif={""mode""%3A""manual""%2C""details""%3A{""aperture""%3A22%2C""focal_length""%3A61%2C""shutter_speed""%3A10}}&style=shot_from_above"
r0ff7a848t,"clouds at the horizon at dusk, in the style of light gold and yellow, transfixing marine scenes, sunrays shine upon it, overexposure, light yellow and dark silver, canon eos 5d mark iv, ricoh r1, carl zeiss distagon t* 15mm f/2.8 ze, god rays, dutch marine scenes, quiet simplicity, silhouette lighting, dutch marine scene, god rays",134:89,3,8.2934489,5.480752731,0.995,4,3,2,512,832,1152,43,DPMPP2MSampler,IdentityGuider,,TRUE,50,EulerAncestralSampler,VanillaCFG,,FALSE,3:2,,square,50,4,auto,,,,"https://firefly.adobe.com/generate/images?style=photo&seed=42&seed=242&seed=4242&seed=2442&prompt=clouds+at+the+horizon+at+dusk%2C+in+the+style+of+light+gold+and+yellow%2C+transfixing+marine+scenes%2C+sunrays+shine+upon+it%2C+overexposure%2C+light+yellow+and+dark+silver%2C+canon+eos+5d+mark+iv%2C+ricoh+r1%2C+carl+zeiss+distagon+t*+15mm+f/2.8+ze%2C+god+rays%2C+dutch+marine+scenes%2C+quiet+simplicity%2C+silhouette+lighting%2C+dutch+marine+scene%2C+god+rays&modelInputVersion=v2&aspectRatio=square&creativity=4&guideStrength=50&exif={""mode""%3A""auto""}"
r10134c59t,"a mountain range with a steep hill, in the style of zeiss batis 18mm f/2.8, light turquoise and light green, french countryside, impressions of nature, naturalistic textures, kodak vision3, nature-inspired imagery",77:51,2,8.88845109,4.55809039,1,3,0,3,768,1472,704,37,EulerAncestralSampler,IdentityGuider,,TRUE,41,DPMPP2MSampler,VanillaCFG,,TRUE,5:4,surreal_lighting+shot_from_below,widescreen,0,3,manual,2,0.066,224,"https://firefly.adobe.com/generate/images?style=photo&seed=42&seed=242&seed=4242&seed=2442&prompt=a+mountain+range+with+a+steep+hill%2C+in+the+style+of+zeiss+batis+18mm+f/2.8%2C+light+turquoise+and+light+green%2C+french+countryside%2C+impressions+of+nature%2C+naturalistic+textures%2C+kodak+vision3%2C+nature-inspired+imagery&modelInputVersion=v2&aspectRatio=widescreen&creativity=3&guideStrength=0&exif={""mode""%3A""manual""%2C""details""%3A{""aperture""%3A2%2C""focal_length""%3A224%2C""shutter_speed""%3A0.066}}&style=surreal_lighting&style=shot_from_below"
r101af5b4t,"boats in water near venice, in the style of light sky-blue and dark green, baroque architecture, sony fe 24-70mm f/2.8 gm, light brown and violet, cityscapes, anglocore, panorama",134:89,3,4.514744349,6.441636944,1,3,0,5,512,832,1216,39,DPMPP2SAncestralSampler,VanillaCFG,1.652922261,TRUE,41,DPMPP2SAncestralSampler,IdentityGuider,4.997891567,TRUE,4:3,muted+surreal_lighting,portrait,0,2,auto,,,,"https://firefly.adobe.com/generate/images?style=photo&seed=42&seed=242&seed=4242&seed=2442&prompt=boats+in+water+near+venice%2C+in+the+style+of+light+sky-blue+and+dark+green%2C+baroque+architecture%2C+sony+fe+24-70mm+f/2.8+gm%2C+light+brown+and+violet%2C+cityscapes%2C+anglocore%2C+panorama&modelInputVersion=v2&aspectRatio=portrait&creativity=2&guideStrength=0&exif={""mode""%3A""auto""}&style=muted&style=surreal_lighting"
r101d6690t,"a path leading to a lake, in the style of daguerreian, light emerald and turquoise, french countryside, sacricore, dotted, mountainous vistas, sleek",77:51,2,8.898264044,7.347275878,0.995,2,1,0,512,768,1344,45,DPMPP2SAncestralSampler,VanillaCFG,6.749434971,FALSE,,,,,,3:2,,landscape,0,2,auto,,,,"https://firefly.adobe.com/generate/images?style=photo&seed=42&seed=242&seed=4242&seed=2442&prompt=a+path+leading+to+a+lake%2C+in+the+style+of+daguerreian%2C+light+emerald+and+turquoise%2C+french+countryside%2C+sacricore%2C+dotted%2C+mountainous+vistas%2C+sleek&modelInputVersion=v2&aspectRatio=landscape&creativity=2&guideStrength=0&exif={""mode""%3A""auto""}"
r101eab0dt,"green wooded hedges in the front yard of residence, in the style of etruscan art, terraced cityscapes, contrasting shadows, literary excavations, light brown and indigo, sfumato, science academia",77:51,1,6.116138907,3.608905888,0.995,2,0,0,768,1664,576,36,EulerAncestralSampler,VanillaCFG,2.552499765,TRUE,36,EulerAncestralSampler,VanillaCFG,6.239410372,FALSE,9:16,muted+low_lighting,square,50,7,manual,22,10,268,"https://firefly.adobe.com/generate/images?style=photo&seed=42&seed=242&seed=4242&seed=2442&prompt=green+wooded+hedges+in+the+front+yard+of+residence%2C+in+the+style+of+etruscan+art%2C+terraced+cityscapes%2C+contrasting+shadows%2C+literary+excavations%2C+light+brown+and+indigo%2C+sfumato%2C+science+academia&modelInputVersion=v2&aspectRatio=square&creativity=7&guideStrength=50&exif={""mode""%3A""manual""%2C""details""%3A{""aperture""%3A22%2C""focal_length""%3A268%2C""shutter_speed""%3A10}}&style=muted&style=low_lighting"
r1023c21et,"the sky is pink-grey and cloudy over the city skyline of paris, the skyscrapers from la defense are visible afar, in the style of dark sky-blue and light pink, cultural documentation, dark white and bronze, dusk, urban documentation, skyline, bold chromaticity, slu,ped/draped, hazy, paris school, fujifilm pro 800z, luminous shadowing, cloudy overcast sky",77:51,1,4.502020226,6.50601173,0.997,4,0,0,768,1472,704,44,HeunEDMSampler,VanillaCFG,0.5,FALSE,,,,,,2:3,knolling,square,100,4,auto,,,,"https://firefly.adobe.com/generate/images?style=photo&seed=42&seed=242&seed=4242&seed=2442&prompt=the+sky+is+pink-grey+and+cloudy+over+the+city+skyline+of+paris%2C+the+skyscrapers+from+la+defense+are+visible+afar%2C+in+the+style+of+dark+sky-blue+and+light+pink%2C+cultural+documentation%2C+dark+white+and+bronze%2C+dusk%2C+urban+documentation%2C+skyline%2C+bold+chromaticity%2C+slu%2Cped/draped%2C+hazy%2C+paris+school%2C+fujifilm+pro+800z%2C+luminous+shadowing%2C+cloudy+overcast+sky&modelInputVersion=v2&aspectRatio=square&creativity=4&guideStrength=100&exif={""mode""%3A""auto""}&style=knolling"
r102b4aa4t,"front view of the notre-dame-de-paris cathedral over a crowd, the building has three pointy arched double doorways, ornamented details, the sky is clear white after the rain, in the style of greco-roman architecture, intricate embellishments, powerful symbolism, structural symmetry, dark pink and beige, religious iconography",51:77,1,6.141114935,6.517482607,0.998,2,3,3,768,960,1024,39,HeunEDMSampler,IdentityGuider,,TRUE,38,EulerAncestralSampler,VanillaCFG,,FALSE,3:2,muted,portrait,0,4,auto,,,,"https://firefly.adobe.com/generate/images?style=photo&seed=42&seed=242&seed=4242&seed=2442&prompt=front+view+of+the+notre-dame-de-paris+cathedral+over+a+crowd%2C+the+building+has+three+pointy+arched+double+doorways%2C+ornamented+details%2C+the+sky+is+clear+white+after+the+rain%2C+in+the+style+of+greco-roman+architecture%2C+intricate+embellishments%2C+powerful+symbolism%2C+structural+symmetry%2C+dark+pink+and+beige%2C+religious+iconography&modelInputVersion=v2&aspectRatio=portrait&creativity=4&guideStrength=0&exif={""mode""%3A""auto""}&style=muted"
r103a4f26t,"a clear shallow lake over rocks, surrounded by large rocks, surrounded by tall pine trees, strong reflections, in the style of crystalline and geological forms, romanticized depictions of wilderness, naturecore, forestcore",77:51,1,3.31373825,7.86533239,0.996,3,2,3,512,1728,576,41,LinearMultistepSampler,IdentityGuider,,TRUE,41,EulerAncestralSampler,VanillaCFG,,TRUE,3:4,multiexposure+shot_from_below,portrait,95,7,auto,,,,"https://firefly.adobe.com/generate/images?style=photo&seed=42&seed=242&seed=4242&seed=2442&prompt=a+clear+shallow+lake+over+rocks%2C+surrounded+by+large+rocks%2C+surrounded+by+tall+pine+trees%2C+strong+reflections%2C+in+the+style+of+crystalline+and+geological+forms%2C+romanticized+depictions+of+wilderness%2C+naturecore%2C+forestcore&modelInputVersion=v2&aspectRatio=portrait&creativity=7&guideStrength=95&exif={""mode""%3A""auto""}&style=multiexposure&style=shot_from_below"
r104153eat,"dark backlight mountains at the foreground bottom, hazy mountains in the background, the blue sky has lots of small clouds, light and shadow contrasts, atmospheric naturescapes, mountaincore, panorama",77:51,2,7.389129736,5.183297185,1,4,4,3,768,704,1344,41,DPMPP2SAncestralSampler,IdentityGuider,,TRUE,38,LinearMultistepSampler,VanillaCFG,,TRUE,16:9,,landscape,50,4,auto,,,,"https://firefly.adobe.com/generate/images?style=photo&seed=42&seed=242&seed=4242&seed=2442&prompt=dark+backlight+mountains+at+the+foreground+bottom%2C+hazy+mountains+in+the+background%2C+the+blue+sky+has+lots+of+small+clouds%2C+light+and+shadow+contrasts%2C+atmospheric+naturescapes%2C+mountaincore%2C+panorama&modelInputVersion=v2&aspectRatio=landscape&creativity=4&guideStrength=50&exif={""mode""%3A""auto""}"
r10940798t,"a stone bridge over a river in the background, the bridge has arches of different sizes, a brick wall on the left, lush forest on the right, foggy mountain behind the bridge, in the style of reflections in the water",77:51,3,2.918790176,3.812950533,0.997,1,5,4,768,832,1216,30,DPMPP2SAncestralSampler,VanillaCFG,6.542514235,TRUE,35,HeunEDMSampler,VanillaCFG,2.368647569,FALSE,4:3,bw,widescreen,0,2,manual,16,1,41,"https://firefly.adobe.com/generate/images?style=photo&seed=42&seed=242&seed=4242&seed=2442&prompt=a+stone+bridge+over+a+river+in+the+background%2C+the+bridge+has+arches+of+different+sizes%2C+a+brick+wall+on+the+left%2C+lush+forest+on+the+right%2C+foggy+mountain+behind+the+bridge%2C+in+the+style+of+reflections+in+the+water&modelInputVersion=v2&aspectRatio=widescreen&creativity=2&guideStrength=0&exif={""mode""%3A""manual""%2C""details""%3A{""aperture""%3A16%2C""focal_length""%3A41%2C""shutter_speed""%3A1}}&style=bw"
r10a9ca2at,"cable car lines going from the top of the mountain to a valley village, the village in the valley surrounded by green field, the mountains are lush forests of dark green trees, intensive foliage, in the style of mountainous vistas",77:51,1,3.798693451,7.062345695,0.997,3,0,4,768,1280,768,47,EulerAncestralSampler,VanillaCFG,4.543070293,FALSE,,,,,,16:9,maximalism+underwater+backlighting+knolling,widescreen,33,4,manual,1.4,0.008,201,"https://firefly.adobe.com/generate/images?style=photo&seed=42&seed=242&seed=4242&seed=2442&prompt=cable+car+lines+going+from+the+top+of+the+mountain+to+a+valley+village%2C+the+village+in+the+valley+surrounded+by+green+field%2C+the+mountains+are+lush+forests+of+dark+green+trees%2C+intensive+foliage%2C+in+the+style+of+mountainous+vistas&modelInputVersion=v2&aspectRatio=widescreen&creativity=4&guideStrength=33&exif={""mode""%3A""manual""%2C""details""%3A{""aperture""%3A1.4%2C""focal_length""%3A201%2C""shutter_speed""%3A0.008}}&style=maximalism&style=underwater&style=backlighting&style=knolling"
r10c5fc29t,"lush bushes on hillside terrain, the sky is blue in the foreground, the sky is shadowed dark grey afar, a storm is coming, in the style of ethereal cloudscapes",77:51,4,6.126812368,3.366066822,0.998,2,4,3,768,704,1408,33,EulerAncestralSampler,VanillaCFG,8.13489899,FALSE,,,,,,3:2,photographed_through_window,portrait,0,4,auto,,,,"https://firefly.adobe.com/generate/images?style=photo&seed=42&seed=242&seed=4242&seed=2442&prompt=lush+bushes+on+hillside+terrain%2C+the+sky+is+blue+in+the+foreground%2C+the+sky+is+shadowed+dark+grey+afar%2C+a+storm+is+coming%2C+in+the+style+of+ethereal+cloudscapes&modelInputVersion=v2&aspectRatio=portrait&creativity=4&guideStrength=0&exif={""mode""%3A""auto""}&style=photographed_through_window"
r10cf67d1t,"view from above the cloud, view from a mountain top, view to a mountain crest to a mountain top, lush scenery, in the style of naturalistic shadows",77:51,2,8.631608584,5.350524877,0.998,3,0,4,512,1152,832,39,HeunEDMSampler,IdentityGuider,,TRUE,45,DPMPP2MSampler,IdentityGuider,,TRUE,2:1,vibrant_colors,widescreen,0,5,auto,,,,"https://firefly.adobe.com/generate/images?style=photo&seed=42&seed=242&seed=4242&seed=2442&prompt=view+from+above+the+cloud%2C+view+from+a+mountain+top%2C+view+to+a+mountain+crest+to+a+mountain+top%2C+lush+scenery%2C+in+the+style+of+naturalistic+shadows&modelInputVersion=v2&aspectRatio=widescreen&creativity=5&guideStrength=0&exif={""mode""%3A""auto""}&style=vibrant_colors"
r10e36316t,"stone portraits around a building with many statues, in the style of light bronze and light beige, ritualistic masks, playing with light and shadow",77:51,1,6.279597912,2.517950183,0.997,2,4,4,512,1600,640,39,DPMPP2MSampler,VanillaCFG,5.716992481,TRUE,42,LinearMultistepSampler,VanillaCFG,6.270855335,TRUE,9:16,isometric+otherworldly_depiction+low_lighting,portrait,46,2,manual,2,0.008,85,"https://firefly.adobe.com/generate/images?style=photo&seed=42&seed=242&seed=4242&seed=2442&prompt=stone+portraits+around+a+building+with+many+statues%2C+in+the+style+of+light+bronze+and+light+beige%2C+ritualistic+masks%2C+playing+with+light+and+shadow&modelInputVersion=v2&aspectRatio=portrait&creativity=2&guideStrength=46&exif={""mode""%3A""manual""%2C""details""%3A{""aperture""%3A2%2C""focal_length""%3A85%2C""shutter_speed""%3A0.008}}&style=isometric&style=otherworldly_depiction&style=low_lighting"
r10f888c2t,"tall trees in the forest, in the style of mountainous vistas, snow scenes, alpine",134:89,2,7.217945449,6.370006148,0.998,4,9,9,768,704,1408,36,DPMPP2SAncestralSampler,VanillaCFG,5.581274844,TRUE,42,DPMPP2SAncestralSampler,VanillaCFG,8.132445712,FALSE,16:9,bw+macrophotography,landscape,44,6,manual,1.2,0.0006,138,"https://firefly.adobe.com/generate/images?style=photo&seed=42&seed=242&seed=4242&seed=2442&prompt=tall+trees+in+the+forest%2C+in+the+style+of+mountainous+vistas%2C+snow+scenes%2C+alpine&modelInputVersion=v2&aspectRatio=landscape&creativity=6&guideStrength=44&exif={""mode""%3A""manual""%2C""details""%3A{""aperture""%3A1.2%2C""focal_length""%3A138%2C""shutter_speed""%3A0.0006}}&style=bw&style=macrophotography"
r110b4219t,"a dirt path through a forest, in the style of norwegian nature, rural life scenes, zeiss planar t* 80mm f/2.8, 32k uhd, green, romantic scenery, nikon fm2",77:51,3,4.73677391,7.07289048,0.996,1,0,3,768,960,1088,37,LinearMultistepSampler,VanillaCFG,6.113644072,FALSE,,,,,,9:16,underwater+dramatic_light,widescreen,100,3,manual,8,1,40,"https://firefly.adobe.com/generate/images?style=photo&seed=42&seed=242&seed=4242&seed=2442&prompt=a+dirt+path+through+a+forest%2C+in+the+style+of+norwegian+nature%2C+rural+life+scenes%2C+zeiss+planar+t*+80mm+f/2.8%2C+32k+uhd%2C+green%2C+romantic+scenery%2C+nikon+fm2&modelInputVersion=v2&aspectRatio=widescreen&creativity=3&guideStrength=100&exif={""mode""%3A""manual""%2C""details""%3A{""aperture""%3A8%2C""focal_length""%3A40%2C""shutter_speed""%3A1}}&style=underwater&style=dramatic_light"
r110cc74ct,"small yellow flower growing up from rocks, in the style of whistlerian, goerz hypergon 6.5mm f/8, striped arrangements, long lens, light green and dark bronze, bentwood, rounded",51:77,4,3.4471185,8.701697762,0.996,4,3,4,768,1280,768,36,DPMPP2MSampler,VanillaCFG,3.757755504,TRUE,45,EulerEDMSampler,IdentityGuider,1.339110011,TRUE,4:5,backlighting,portrait,100,10,manual,1.2,0.5,211,"https://firefly.adobe.com/generate/images?style=photo&seed=42&seed=242&seed=4242&seed=2442&prompt=small+yellow+flower+growing+up+from+rocks%2C+in+the+style+of+whistlerian%2C+goerz+hypergon+6.5mm+f/8%2C+striped+arrangements%2C+long+lens%2C+light+green+and+dark+bronze%2C+bentwood%2C+rounded&modelInputVersion=v2&aspectRatio=portrait&creativity=10&guideStrength=100&exif={""mode""%3A""manual""%2C""details""%3A{""aperture""%3A1.2%2C""focal_length""%3A211%2C""shutter_speed""%3A0.5}}&style=backlighting"
r110f894ft,"there is a person walking on a beach and seeing the waves, in the style of light pink and brown, meditative color contrasts, photobash, goa-insprired motifs, dreamscape portraiture, foampunk",134:89,4,5.579246204,3.413473146,0.997,3,3,4,512,1216,832,49,EulerAncestralSampler,IdentityGuider,,TRUE,41,LinearMultistepSampler,VanillaCFG,,TRUE,4:5,product_photo,square,50,7,manual,16,0.008,215,"https://firefly.adobe.com/generate/images?style=photo&seed=42&seed=242&seed=4242&seed=2442&prompt=there+is+a+person+walking+on+a+beach+and+seeing+the+waves%2C+in+the+style+of+light+pink+and+brown%2C+meditative+color+contrasts%2C+photobash%2C+goa-insprired+motifs%2C+dreamscape+portraiture%2C+foampunk&modelInputVersion=v2&aspectRatio=square&creativity=7&guideStrength=50&exif={""mode""%3A""manual""%2C""details""%3A{""aperture""%3A16%2C""focal_length""%3A215%2C""shutter_speed""%3A0.008}}&style=product_photo"
r113402d4t,"the mountains are snow covered, in the style of light emerald and light brown, monumental architecture, cinquecento, rough clusters, agfa vista, festive atmosphere, secluded settings",77:51,2,2.927620756,8.938789168,0.996,1,2,4,768,704,1344,37,DPMPP2MSampler,VanillaCFG,5.132702369,TRUE,43,DPMPP2MSampler,VanillaCFG,5.561502513,FALSE,1:2,,landscape,0,6,manual,1.4,0.016,163,"https://firefly.adobe.com/generate/images?style=photo&seed=42&seed=242&seed=4242&seed=2442&prompt=the+mountains+are+snow+covered%2C+in+the+style+of+light+emerald+and+light+brown%2C+monumental+architecture%2C+cinquecento%2C+rough+clusters%2C+agfa+vista%2C+festive+atmosphere%2C+secluded+settings&modelInputVersion=v2&aspectRatio=landscape&creativity=6&guideStrength=0&exif={""mode""%3A""manual""%2C""details""%3A{""aperture""%3A1.4%2C""focal_length""%3A163%2C""shutter_speed""%3A0.016}}"
r1138e1aft,"gold ornate doors, in the style of botticelli-esque figures, romanticized views, chaotic academia, stone sculptures, navy and bronze, grandiose architecture, sgrafitto",77:51,1,7.925319071,8.814055084,0.997,1,4,3,768,1600,640,35,LinearMultistepSampler,VanillaCFG,3.943686967,TRUE,43,EulerAncestralSampler,VanillaCFG,4.524529271,TRUE,1:2,shot_from_above,widescreen,50,3,manual,2,0.125,221,"https://firefly.adobe.com/generate/images?style=photo&seed=42&seed=242&seed=4242&seed=2442&prompt=gold+ornate+doors%2C+in+the+style+of+botticelli-esque+figures%2C+romanticized+views%2C+chaotic+academia%2C+stone+sculptures%2C+navy+and+bronze%2C+grandiose+architecture%2C+sgrafitto&modelInputVersion=v2&aspectRatio=widescreen&creativity=3&guideStrength=50&exif={""mode""%3A""manual""%2C""details""%3A{""aperture""%3A2%2C""focal_length""%3A221%2C""shutter_speed""%3A0.125}}&style=shot_from_above"
r115c449dt,"a statue of a woman standing next to a tree, a statue, by Alexandre Falguière, shutterstock, figuration libre, late autumn, ivory, top - side view, gateway, portait image, maternal, dressed a long white, royal woman, photo taken on a nikon, large draped cloth, andre le notre, historical setting, parapets",51:77,2,3.148109336,2.803587925,0.996,4,0,3,768,1344,768,44,LinearMultistepSampler,VanillaCFG,4.161358156,FALSE,,,,,,3:4,golden_hour,widescreen,100,5,auto,,,,"https://firefly.adobe.com/generate/images?style=photo&seed=42&seed=242&seed=4242&seed=2442&prompt=a+statue+of+a+woman+standing+next+to+a+tree%2C+a+statue%2C+by+Alexandre+Falguière%2C+shutterstock%2C+figuration+libre%2C+late+autumn%2C+ivory%2C+top+-+side+view%2C+gateway%2C+portait+image%2C+maternal%2C+dressed+a+long+white%2C+royal+woman%2C+photo+taken+on+a+nikon%2C+large+draped+cloth%2C+andre+le+notre%2C+historical+setting%2C+parapets&modelInputVersion=v2&aspectRatio=widescreen&creativity=5&guideStrength=100&exif={""mode""%3A""auto""}&style=golden_hour"
r07ece355t,"a wooden building with many leaves all through the trees and a road, in the style of mountainous vistas, light gray and dark amber, rural life depictions",77:51,2,3.391546637,5.035091754,0.996,1,3,3,768,960,1024,36,EulerEDMSampler,VanillaCFG,4.359383742,FALSE,,,,,,3:2,studio_light+landscape_photography,square,0,7,manual,22,0.004,152,"https://firefly.adobe.com/generate/images?style=photo&seed=42&seed=242&seed=4242&seed=2442&prompt=a+wooden+building+with+many+leaves+all+through+the+trees+and+a+road%2C+in+the+style+of+mountainous+vistas%2C+light+gray+and+dark+amber%2C+rural+life+depictions&modelInputVersion=v2&aspectRatio=square&creativity=7&guideStrength=0&exif={""mode""%3A""manual""%2C""details""%3A{""aperture""%3A22%2C""focal_length""%3A152%2C""shutter_speed""%3A0.004}}&style=studio_light&style=landscape_photography"
r07f22efdt,"a group of yellow trees, in the style of swiss style, light orange and light emerald, italian landscapes",77:51,1,6.690045949,5.715491462,0.999,1,0,0,768,768,1344,42,EulerEDMSampler,VanillaCFG,3.68018418,FALSE,,,,,,4:5,,portrait,50,8,auto,,,,"https://firefly.adobe.com/generate/images?style=photo&seed=42&seed=242&seed=4242&seed=2442&prompt=a+group+of+yellow+trees%2C+in+the+style+of+swiss+style%2C+light+orange+and+light+emerald%2C+italian+landscapes&modelInputVersion=v2&aspectRatio=portrait&creativity=8&guideStrength=50&exif={""mode""%3A""auto""}"
r08079988t,"a yellow building with a complex pipe system, in the style of decay, eroded surfaces",77:51,2,7.287822199,5.553883638,0.999,2,3,0,768,1600,640,37,HeunEDMSampler,IdentityGuider,,TRUE,39,HeunEDMSampler,IdentityGuider,,TRUE,4:3,dramatic_light+landscape_photography,landscape,0,5,manual,22,0.5,37,"https://firefly.adobe.com/generate/images?style=photo&seed=42&seed=242&seed=4242&seed=2442&prompt=a+yellow+building+with+a+complex+pipe+system%2C+in+the+style+of+decay%2C+eroded+surfaces&modelInputVersion=v2&aspectRatio=landscape&creativity=5&guideStrength=0&exif={""mode""%3A""manual""%2C""details""%3A{""aperture""%3A22%2C""focal_length""%3A37%2C""shutter_speed""%3A0.5}}&style=dramatic_light&style=landscape_photography"
r0809811bt,"a large calm emerald river next to high tall trees on both sides and leading to a tall marble-coloured mountain reflecting on the water, in the style of mountainous vistas, serene watercolors, grandiose color schemes, sublime wilderness",77:51,1,5.055217321,3.650222474,1,3,5,0,512,896,1088,42,EulerAncestralSampler,IdentityGuider,,TRUE,37,DPMPP2MSampler,VanillaCFG,,TRUE,1:2,otherworldly_depiction,landscape,50,5,manual,1.2,0.125,248,"https://firefly.adobe.com/generate/images?style=photo&seed=42&seed=242&seed=4242&seed=2442&prompt=a+large+calm+emerald+river+next+to+high+tall+trees+on+both+sides+and+leading+to+a+tall+marble-coloured+mountain+reflecting+on+the+water%2C+in+the+style+of+mountainous+vistas%2C+serene+watercolors%2C+grandiose+color+schemes%2C+sublime+wilderness&modelInputVersion=v2&aspectRatio=landscape&creativity=5&guideStrength=50&exif={""mode""%3A""manual""%2C""details""%3A{""aperture""%3A1.2%2C""focal_length""%3A248%2C""shutter_speed""%3A0.125}}&style=otherworldly_depiction"
r083ca67ct,ruins on a grassy slope,77:51,3,2.610324124,2.621761426,0.998,4,3,0,768,1024,1024,44,LinearMultistepSampler,VanillaCFG,2.82011661,FALSE,,,,,,9:16,product_photo+simple,portrait,6,6,manual,2.8,10,38,"https://firefly.adobe.com/generate/images?style=photo&seed=42&seed=242&seed=4242&seed=2442&prompt=ruins+on+a+grassy+slope&modelInputVersion=v2&aspectRatio=portrait&creativity=6&guideStrength=6&exif={""mode""%3A""manual""%2C""details""%3A{""aperture""%3A2.8%2C""focal_length""%3A38%2C""shutter_speed""%3A10}}&style=product_photo&style=simple"
r084a4ccet,"old art on the wall of a train station, in the style of mosaic-like composition, warm lighting from the roof neon lights",134:89,1,7.275573021,5.944171193,0.999,4,0,1,512,1024,960,35,EulerEDMSampler,VanillaCFG,4.073160357,TRUE,37,EulerEDMSampler,VanillaCFG,6.27082329,FALSE,9:16,divine+simple+low_lighting+closeup,widescreen,44,10,auto,,,,"https://firefly.adobe.com/generate/images?style=photo&seed=42&seed=242&seed=4242&seed=2442&prompt=old+art+on+the+wall+of+a+train+station%2C+in+the+style+of+mosaic-like+composition%2C+warm+lighting+from+the+roof+neon+lights&modelInputVersion=v2&aspectRatio=widescreen&creativity=10&guideStrength=44&exif={""mode""%3A""auto""}&style=divine&style=simple&style=low_lighting&style=closeup"
r085bdbe2t,"a roofed display of elaborate sculpted chocolates with price tags on a market fair, lively street scenes, elongated shapes",89:134,4,8.741773932,5.888155145,0.996,2,1,1,512,1344,704,48,DPMPP2MSampler,VanillaCFG,4.575417236,FALSE,,,,,,4:5,multiexposure+shot_from_below,square,0,10,manual,1.2,0.0006,216,"https://firefly.adobe.com/generate/images?style=photo&seed=42&seed=242&seed=4242&seed=2442&prompt=a+roofed+display+of+elaborate+sculpted+chocolates+with+price+tags+on+a+market+fair%2C+lively+street+scenes%2C+elongated+shapes&modelInputVersion=v2&aspectRatio=square&creativity=10&guideStrength=0&exif={""mode""%3A""manual""%2C""details""%3A{""aperture""%3A1.2%2C""focal_length""%3A216%2C""shutter_speed""%3A0.0006}}&style=multiexposure&style=shot_from_below"
r08b05c94t,"a snowy mountain, romantic scenery, cloudy style, in the style of snow scenes, mountainous vistas",77:51,2,6.527817422,5.579179474,0.999,2,1,1,768,1408,704,43,HeunEDMSampler,VanillaCFG,6.785508119,FALSE,,,,,,3:2,otherworldly_depiction,portrait,0,8,manual,1.4,0.5,114,"https://firefly.adobe.com/generate/images?style=photo&seed=42&seed=242&seed=4242&seed=2442&prompt=a+snowy+mountain%2C+romantic+scenery%2C+cloudy+style%2C+in+the+style+of+snow+scenes%2C+mountainous+vistas&modelInputVersion=v2&aspectRatio=portrait&creativity=8&guideStrength=0&exif={""mode""%3A""manual""%2C""details""%3A{""aperture""%3A1.4%2C""focal_length""%3A114%2C""shutter_speed""%3A0.5}}&style=otherworldly_depiction"
r08b12799t,"close-up of red poppies with ruins in the background, in the style of literary excavations, nature-inspired imagery",77:51,2,8.561360603,3.514894511,0.999,1,5,1,512,1408,704,42,HeunEDMSampler,VanillaCFG,4.989689736,TRUE,40,EulerAncestralSampler,IdentityGuider,2.572938715,TRUE,16:9,bw+surface_detail,widescreen,50,9,auto,,,,"https://firefly.adobe.com/generate/images?style=photo&seed=42&seed=242&seed=4242&seed=2442&prompt=close-up+of+red+poppies+with+ruins+in+the+background%2C+in+the+style+of+literary+excavations%2C+nature-inspired+imagery&modelInputVersion=v2&aspectRatio=widescreen&creativity=9&guideStrength=50&exif={""mode""%3A""auto""}&style=bw&style=surface_detail"
r09488b39t,aquamarine lake in a forrest valley surrounded by mountains,77:51,4,5.397320634,3.415290221,0.996,2,2,2,768,1088,896,50,LinearMultistepSampler,IdentityGuider,,TRUE,51,LinearMultistepSampler,VanillaCFG,,FALSE,5:4,cool_colors+multiexposure,portrait,50,10,auto,,,,"https://firefly.adobe.com/generate/images?style=photo&seed=42&seed=242&seed=4242&seed=2442&prompt=aquamarine+lake+in+a+forrest+valley+surrounded+by+mountains&modelInputVersion=v2&aspectRatio=portrait&creativity=10&guideStrength=50&exif={""mode""%3A""auto""}&style=cool_colors&style=multiexposure"
r09579ff2t,two performers in an old outside theatre illuminated by warm red lights and a strong spot lamp on the centre,77:51,1,4.091687334,2.9750291,0.999,4,1,2,512,1216,832,37,DPMPP2SAncestralSampler,VanillaCFG,5.731666153,TRUE,38,EulerEDMSampler,VanillaCFG,4.628123854,TRUE,2:1,cool_colors,widescreen,96,8,manual,16,0.004,68,"https://firefly.adobe.com/generate/images?style=photo&seed=42&seed=242&seed=4242&seed=2442&prompt=two+performers+in+an+old+outside+theatre+illuminated+by+warm+red+lights+and+a+strong+spot+lamp+on+the+centre&modelInputVersion=v2&aspectRatio=widescreen&creativity=8&guideStrength=96&exif={""mode""%3A""manual""%2C""details""%3A{""aperture""%3A16%2C""focal_length""%3A68%2C""shutter_speed""%3A0.004}}&style=cool_colors"
r0965e155t,"front of buildings covered in snow, cars parked in front and a grass fountain nearby, in the style of swiss style, rustic charm, mountainous vistas",77:51,2,5.133903155,6.406328584,0.996,4,1,2,768,1408,704,36,LinearMultistepSampler,IdentityGuider,,TRUE,45,DPMPP2MSampler,VanillaCFG,,FALSE,3:4,bw+studio_light+wide_angle,square,50,4,manual,8,10,236,"https://firefly.adobe.com/generate/images?style=photo&seed=42&seed=242&seed=4242&seed=2442&prompt=front+of+buildings+covered+in+snow%2C+cars+parked+in+front+and+a+grass+fountain+nearby%2C+in+the+style+of+swiss+style%2C+rustic+charm%2C+mountainous+vistas&modelInputVersion=v2&aspectRatio=square&creativity=4&guideStrength=50&exif={""mode""%3A""manual""%2C""details""%3A{""aperture""%3A8%2C""focal_length""%3A236%2C""shutter_speed""%3A10}}&style=bw&style=studio_light&style=wide_angle"
r097d3563t,"some water flowers growing on a pond in the snow in front of a stone wall, in the style of snow scenes, organic art nouveau, architectural compositions, sparse use of color",77:51,4,6.238691986,7.209077792,0.997,4,1,2,768,768,1344,47,DPMPP2SAncestralSampler,VanillaCFG,2.078284189,TRUE,49,HeunEDMSampler,IdentityGuider,1.850389309,TRUE,3:2,low_lighting+surface_detail,landscape,11,4,manual,1.2,1,201,"https://firefly.adobe.com/generate/images?style=photo&seed=42&seed=242&seed=4242&seed=2442&prompt=some+water+flowers+growing+on+a+pond+in+the+snow+in+front+of+a+stone+wall%2C+in+the+style+of+snow+scenes%2C+organic+art+nouveau%2C+architectural+compositions%2C+sparse+use+of+color&modelInputVersion=v2&aspectRatio=landscape&creativity=4&guideStrength=11&exif={""mode""%3A""manual""%2C""details""%3A{""aperture""%3A1.2%2C""focal_length""%3A201%2C""shutter_speed""%3A1}}&style=low_lighting&style=surface_detail"
r09c8e042t,"hiking in the dolomites, in the style of light green and dark gray, cyclorama, symmetrical arrangements, realistic blue skies, cinquecento, rollei prego 90, light gray and dark brown",77:51,4,4.001392423,8.846727806,1,1,2,0,768,1152,832,41,LinearMultistepSampler,VanillaCFG,5.701292565,FALSE,,,,,,16:9,pastel_colors+studio_light,square,0,6,manual,8,1,194,"https://firefly.adobe.com/generate/images?style=photo&seed=42&seed=242&seed=4242&seed=2442&prompt=hiking+in+the+dolomites%2C+in+the+style+of+light+green+and+dark+gray%2C+cyclorama%2C+symmetrical+arrangements%2C+realistic+blue+skies%2C+cinquecento%2C+rollei+prego+90%2C+light+gray+and+dark+brown&modelInputVersion=v2&aspectRatio=square&creativity=6&guideStrength=0&exif={""mode""%3A""manual""%2C""details""%3A{""aperture""%3A8%2C""focal_length""%3A194%2C""shutter_speed""%3A1}}&style=pastel_colors&style=studio_light"
r0a4ce555t,"statue of a man laying in the middle of a fountain, in the style of emancicore, sanctuary, charismatic, religious building, cinquecento, grandiose ruins",89:134,1,7.226622102,6.406594111,0.995,2,2,0,512,768,1280,49,DPMPP2MSampler,VanillaCFG,5.179560056,FALSE,,,,,,5:4,simple+photographed_through_window,square,0,8,auto,,,,"https://firefly.adobe.com/generate/images?style=photo&seed=42&seed=242&seed=4242&seed=2442&prompt=statue+of+a+man+laying+in+the+middle+of+a+fountain%2C+in+the+style+of+emancicore%2C+sanctuary%2C+charismatic%2C+religious+building%2C+cinquecento%2C+grandiose+ruins&modelInputVersion=v2&aspectRatio=square&creativity=8&guideStrength=0&exif={""mode""%3A""auto""}&style=simple&style=photographed_through_window"
r0a8e5f8at,"a row of trees, in the style of soft and airy compositions, film grain, detailed hunting scenes, sparse and simple, attention to fur and feathers texture",77:51,1,7.373002182,4.320350204,0.996,3,0,0,768,896,1152,36,LinearMultistepSampler,VanillaCFG,3.272005806,FALSE,,,,,,1:1,long-time_exposure+shot_from_below,square,100,2,manual,16,0.008,33,"https://firefly.adobe.com/generate/images?style=photo&seed=42&seed=242&seed=4242&seed=2442&prompt=a+row+of+trees%2C+in+the+style+of+soft+and+airy+compositions%2C+film+grain%2C+detailed+hunting+scenes%2C+sparse+and+simple%2C+attention+to+fur+and+feathers+texture&modelInputVersion=v2&aspectRatio=square&creativity=2&guideStrength=100&exif={""mode""%3A""manual""%2C""details""%3A{""aperture""%3A16%2C""focal_length""%3A33%2C""shutter_speed""%3A0.008}}&style=long-time_exposure&style=shot_from_below"
r0a94587ft,"the large cathedral is red and gold, in the style of neoclassical influence, roman art and architecture, feminine sensibilities, imposing monumentality, packed with hidden details, caravaggesque, fujifilm acros",134:89,1,3.226908658,8.215032903,0.997,3,3,2,768,1024,960,45,HeunEDMSampler,VanillaCFG,4.46430601,TRUE,48,DPMPP2MSampler,VanillaCFG,4.936328565,TRUE,2:1,vibrant_colors,square,100,2,manual,1.4,0.5,229,"https://firefly.adobe.com/generate/images?style=photo&seed=42&seed=242&seed=4242&seed=2442&prompt=the+large+cathedral+is+red+and+gold%2C+in+the+style+of+neoclassical+influence%2C+roman+art+and+architecture%2C+feminine+sensibilities%2C+imposing+monumentality%2C+packed+with+hidden+details%2C+caravaggesque%2C+fujifilm+acros&modelInputVersion=v2&aspectRatio=square&creativity=2&guideStrength=100&exif={""mode""%3A""manual""%2C""details""%3A{""aperture""%3A1.4%2C""focal_length""%3A229%2C""shutter_speed""%3A0.5}}&style=vibrant_colors"
r0a966704t,"red and white buildings that are tall, in the style of dutch golden age, lively tavern scenes, cultural heritage, floating structures, extravagant table settings, wimmelbilder, authentic details",134:89,1,5.708865961,4.392349444,0.997,3,1,2,768,768,1280,39,DPMPP2MSampler,VanillaCFG,3.163176886,FALSE,,,,,,4:3,low_lighting,portrait,50,6,manual,1.2,10,176,"https://firefly.adobe.com/generate/images?style=photo&seed=42&seed=242&seed=4242&seed=2442&prompt=red+and+white+buildings+that+are+tall%2C+in+the+style+of+dutch+golden+age%2C+lively+tavern+scenes%2C+cultural+heritage%2C+floating+structures%2C+extravagant+table+settings%2C+wimmelbilder%2C+authentic+details&modelInputVersion=v2&aspectRatio=portrait&creativity=6&guideStrength=50&exif={""mode""%3A""manual""%2C""details""%3A{""aperture""%3A1.2%2C""focal_length""%3A176%2C""shutter_speed""%3A10}}&style=low_lighting"
r0aaa70c3t,"a fence is around a view, in the style of cinquecento, terraced cityscapes, distinct framing, urban energy, sfumato, daguerreian, nostalgiacore",125:188,3,5.426687525,4.512936107,0.996,4,0,2,768,960,1024,44,LinearMultistepSampler,IdentityGuider,,TRUE,45,EulerEDMSampler,VanillaCFG,,TRUE,2:1,warm_colors+golden_hour+shot_from_above,portrait,100,7,manual,16,0.125,231,"https://firefly.adobe.com/generate/images?style=photo&seed=42&seed=242&seed=4242&seed=2442&prompt=a+fence+is+around+a+view%2C+in+the+style+of+cinquecento%2C+terraced+cityscapes%2C+distinct+framing%2C+urban+energy%2C+sfumato%2C+daguerreian%2C+nostalgiacore&modelInputVersion=v2&aspectRatio=portrait&creativity=7&guideStrength=100&exif={""mode""%3A""manual""%2C""details""%3A{""aperture""%3A16%2C""focal_length""%3A231%2C""shutter_speed""%3A0.125}}&style=warm_colors&style=golden_hour&style=shot_from_above"
r0ac70243t,"building with clocks on it, in the style of slovenian paintings, intricate use of hatching, master of the spray paint, stone sculptures, magenta and gray, traditional costumes, snow scenes",51:77,4,8.128224876,3.444092812,0.997,3,1,1,768,1088,896,37,LinearMultistepSampler,VanillaCFG,4.663103494,TRUE,41,DPMPP2SAncestralSampler,VanillaCFG,8.60354681,TRUE,5:4,underwater+divine+pastel_colors+shallow_depth_of_field,landscape,50,6,manual,8,10,24,"https://firefly.adobe.com/generate/images?style=photo&seed=42&seed=242&seed=4242&seed=2442&prompt=building+with+clocks+on+it%2C+in+the+style+of+slovenian+paintings%2C+intricate+use+of+hatching%2C+master+of+the+spray+paint%2C+stone+sculptures%2C+magenta+and+gray%2C+traditional+costumes%2C+snow+scenes&modelInputVersion=v2&aspectRatio=landscape&creativity=6&guideStrength=50&exif={""mode""%3A""manual""%2C""details""%3A{""aperture""%3A8%2C""focal_length""%3A24%2C""shutter_speed""%3A10}}&style=underwater&style=divine&style=pastel_colors&style=shallow_depth_of_field"
r0ae68527t,"beers on silverware at a table, in the style of dark red and dark beige, germanic art, transparent layers, pantonepunk, wide angle lens, red and black, yankeecore",134:89,1,6.35199865,8.04629744,0.999,1,3,2,512,1408,704,43,EulerAncestralSampler,VanillaCFG,9.168156196,FALSE,,,,,,4:5,bokeh+isometric+closeup,landscape,42,10,manual,4,0.004,127,"https://firefly.adobe.com/generate/images?style=photo&seed=42&seed=242&seed=4242&seed=2442&prompt=beers+on+silverware+at+a+table%2C+in+the+style+of+dark+red+and+dark+beige%2C+germanic+art%2C+transparent+layers%2C+pantonepunk%2C+wide+angle+lens%2C+red+and+black%2C+yankeecore&modelInputVersion=v2&aspectRatio=landscape&creativity=10&guideStrength=42&exif={""mode""%3A""manual""%2C""details""%3A{""aperture""%3A4%2C""focal_length""%3A127%2C""shutter_speed""%3A0.004}}&style=bokeh&style=isometric&style=closeup"
r0b07b945t,"a dark town with snow-covered houses, in the style of swiss style, silver and amber, paparazzi-style, nature's wonder, gritty reportage, dusty piles",77:51,4,7.44795686,6.866096567,1,2,1,3,768,1600,640,34,EulerAncestralSampler,VanillaCFG,1.890202099,TRUE,36,LinearMultistepSampler,VanillaCFG,2.299498033,FALSE,5:4,cool_colors,square,63,3,auto,,,,"https://firefly.adobe.com/generate/images?style=photo&seed=42&seed=242&seed=4242&seed=2442&prompt=a+dark+town+with+snow-covered+houses%2C+in+the+style+of+swiss+style%2C+silver+and+amber%2C+paparazzi-style%2C+nature's+wonder%2C+gritty+reportage%2C+dusty+piles&modelInputVersion=v2&aspectRatio=square&creativity=3&guideStrength=63&exif={""mode""%3A""auto""}&style=cool_colors"
r0b0cd69et,"purple metal sculpture of a cyclist guitarist and riding on a curved ribbon against a white metal plaque, in the style of maquette photo, arbeitsrat für kunst, conceptual sculpture, exploration of identity, dynamic energy flow",77:51,4,3.392203135,7.030566592,0.996,3,4,3,512,1024,1024,42,EulerEDMSampler,VanillaCFG,4.487543601,TRUE,38,LinearMultistepSampler,VanillaCFG,4.008040817,TRUE,3:4,monochromatic+shot_from_above,widescreen,68,2,manual,1.4,10,282,"https://firefly.adobe.com/generate/images?style=photo&seed=42&seed=242&seed=4242&seed=2442&prompt=purple+metal+sculpture+of+a+cyclist+guitarist+and+riding+on+a+curved+ribbon+against+a+white+metal+plaque%2C+in+the+style+of+maquette+photo%2C+arbeitsrat+für+kunst%2C+conceptual+sculpture%2C+exploration+of+identity%2C+dynamic+energy+flow&modelInputVersion=v2&aspectRatio=widescreen&creativity=2&guideStrength=68&exif={""mode""%3A""manual""%2C""details""%3A{""aperture""%3A1.4%2C""focal_length""%3A282%2C""shutter_speed""%3A10}}&style=monochromatic&style=shot_from_above"
r05f3bc6ct,a man in the middle of small round tables in a dining hall,89:134,2,8.703522814,8.913675424,1,2,4,5,512,960,1024,39,EulerEDMSampler,VanillaCFG,4.025205671,FALSE,,,,,,1:1,landscape_photography,square,100,9,manual,1.2,0.066,287,"https://firefly.adobe.com/generate/images?style=photo&seed=42&seed=242&seed=4242&seed=2442&prompt=a+man+in+the+middle+of+small+round+tables+in+a+dining+hall&modelInputVersion=v2&aspectRatio=square&creativity=9&guideStrength=100&exif={""mode""%3A""manual""%2C""details""%3A{""aperture""%3A1.2%2C""focal_length""%3A287%2C""shutter_speed""%3A0.066}}&style=landscape_photography"
r061433aft,"the road passes through a medieval spire via a narrow arched doorway, the spire is beige brick with a pointy red brick roof, people walking by the road sideway near a body of water, on the other side of the road is a high stone wall",51:77,2,3.977284584,2.995108601,0.996,3,0,5,768,1728,576,44,DPMPP2MSampler,VanillaCFG,3.981309544,FALSE,,,,,,5:4,bw+surreal_lighting+closeup,portrait,0,5,manual,8,0.0006,75,"https://firefly.adobe.com/generate/images?style=photo&seed=42&seed=242&seed=4242&seed=2442&prompt=the+road+passes+through+a+medieval+spire+via+a+narrow+arched+doorway%2C+the+spire+is+beige+brick+with+a+pointy+red+brick+roof%2C+people+walking+by+the+road+sideway+near+a+body+of+water%2C+on+the+other+side+of+the+road+is+a+high+stone+wall&modelInputVersion=v2&aspectRatio=portrait&creativity=5&guideStrength=0&exif={""mode""%3A""manual""%2C""details""%3A{""aperture""%3A8%2C""focal_length""%3A75%2C""shutter_speed""%3A0.0006}}&style=bw&style=surreal_lighting&style=closeup"
r061db45ft,"white and yellow flowers surround a square grass patch with an obelisk in the center, in the style of new british sculpture",77:51,3,4.551113777,4.68997495,0.995,2,1,4,768,704,1408,45,DPMPP2SAncestralSampler,VanillaCFG,3.933655215,TRUE,34,EulerAncestralSampler,VanillaCFG,3.859099233,TRUE,3:4,landscape_photography,square,50,9,manual,8,0.004,127,"https://firefly.adobe.com/generate/images?style=photo&seed=42&seed=242&seed=4242&seed=2442&prompt=white+and+yellow+flowers+surround+a+square+grass+patch+with+an+obelisk+in+the+center%2C+in+the+style+of+new+british+sculpture&modelInputVersion=v2&aspectRatio=square&creativity=9&guideStrength=50&exif={""mode""%3A""manual""%2C""details""%3A{""aperture""%3A8%2C""focal_length""%3A127%2C""shutter_speed""%3A0.004}}&style=landscape_photography"
r06691aa5t,"close-up of thin twigs with frozen dew, strong bokeh",77:51,4,4.490812942,8.46011505,1,2,4,2,768,896,1088,44,DPMPP2SAncestralSampler,IdentityGuider,,TRUE,48,HeunEDMSampler,VanillaCFG,,TRUE,5:4,surreal_lighting,widescreen,0,9,manual,1.2,0.125,262,"https://firefly.adobe.com/generate/images?style=photo&seed=42&seed=242&seed=4242&seed=2442&prompt=close-up+of+thin+twigs+with+frozen+dew%2C+strong+bokeh&modelInputVersion=v2&aspectRatio=widescreen&creativity=9&guideStrength=0&exif={""mode""%3A""manual""%2C""details""%3A{""aperture""%3A1.2%2C""focal_length""%3A262%2C""shutter_speed""%3A0.125}}&style=surreal_lighting"
r068812d7t,"blue sky above the pond full of water lilies, in the style of the helsinki school of photography, natural phenomena",77:51,2,7.244466977,6.348213225,0.997,3,1,3,512,768,1344,50,HeunEDMSampler,VanillaCFG,3.367160726,FALSE,,,,,,1:2,chaotic+muted+dramatic_light,portrait,0,9,auto,,,,"https://firefly.adobe.com/generate/images?style=photo&seed=42&seed=242&seed=4242&seed=2442&prompt=blue+sky+above+the+pond+full+of+water+lilies%2C+in+the+style+of+the+helsinki+school+of+photography%2C+natural+phenomena&modelInputVersion=v2&aspectRatio=portrait&creativity=9&guideStrength=0&exif={""mode""%3A""auto""}&style=chaotic&style=muted&style=dramatic_light"
r06888d38t,"a small creek surrounded by lush grass and a sunny road, in the style of dutch tradition, celebration of rural life, dark green rural house in the background, a crowd of people standing in the grass in front of the house",51:77,3,7.768159967,5.420098944,0.995,3,4,1,768,896,1088,43,EulerAncestralSampler,VanillaCFG,4.731223137,TRUE,34,EulerAncestralSampler,IdentityGuider,5.935758885,TRUE,16:9,,widescreen,0,3,manual,1.4,0.008,115,"https://firefly.adobe.com/generate/images?style=photo&seed=42&seed=242&seed=4242&seed=2442&prompt=a+small+creek+surrounded+by+lush+grass+and+a+sunny+road%2C+in+the+style+of+dutch+tradition%2C+celebration+of+rural+life%2C+dark+green+rural+house+in+the+background%2C+a+crowd+of+people+standing+in+the+grass+in+front+of+the+house&modelInputVersion=v2&aspectRatio=widescreen&creativity=3&guideStrength=0&exif={""mode""%3A""manual""%2C""details""%3A{""aperture""%3A1.4%2C""focal_length""%3A115%2C""shutter_speed""%3A0.008}}"
r0708431at,"the inside of a cathedral with ornate paintings, in the style of cathedral of orvieto",77:51,1,6.691246687,4.322853985,0.999,3,3,0,768,1408,704,37,EulerEDMSampler,VanillaCFG,4.375098947,FALSE,,,,,,1:2,multiexposure,widescreen,100,6,manual,4,0.016,282,"https://firefly.adobe.com/generate/images?style=photo&seed=42&seed=242&seed=4242&seed=2442&prompt=the+inside+of+a+cathedral+with+ornate+paintings%2C+in+the+style+of+cathedral+of+orvieto&modelInputVersion=v2&aspectRatio=widescreen&creativity=6&guideStrength=100&exif={""mode""%3A""manual""%2C""details""%3A{""aperture""%3A4%2C""focal_length""%3A282%2C""shutter_speed""%3A0.016}}&style=multiexposure"
r072d955bt,"people walking outside in narrow alley with stone building, two towels laundry hanging on balcony, arched passage, in the style of vieille ville, organic formations, romanesque",51:77,1,7.392859336,4.284383086,0.999,4,1,0,768,1600,640,38,DPMPP2MSampler,IdentityGuider,,FALSE,,,,,,4:3,warm_colors+dramatic_light+shot_from_below,widescreen,50,2,auto,,,,"https://firefly.adobe.com/generate/images?style=photo&seed=42&seed=242&seed=4242&seed=2442&prompt=people+walking+outside+in+narrow+alley+with+stone+building%2C+two+towels+laundry+hanging+on+balcony%2C+arched+passage%2C+in+the+style+of+vieille+ville%2C+organic+formations%2C+romanesque&modelInputVersion=v2&aspectRatio=widescreen&creativity=2&guideStrength=50&exif={""mode""%3A""auto""}&style=warm_colors&style=dramatic_light&style=shot_from_below"
r0777fea4t,"a stream crossing over a hill flowing with dirt, in the style of swiss style beige and green, in a wooded area",77:51,3,5.732710903,4.683143183,1,3,0,1,768,1600,640,48,LinearMultistepSampler,VanillaCFG,6.825134481,TRUE,41,EulerAncestralSampler,VanillaCFG,8.309618802,TRUE,5:4,,portrait,50,10,auto,,,,"https://firefly.adobe.com/generate/images?style=photo&seed=42&seed=242&seed=4242&seed=2442&prompt=a+stream+crossing+over+a+hill+flowing+with+dirt%2C+in+the+style+of+swiss+style+beige+and+green%2C+in+a+wooded+area&modelInputVersion=v2&aspectRatio=portrait&creativity=10&guideStrength=50&exif={""mode""%3A""auto""}"
r07cfb432t,"view from the top of red tulips to taller white tulips in front of barely-visible red tulips, light comes from behind the flowers, the flowers appear luminous",77:51,3,6.164654004,7.028669898,0.999,2,3,2,768,832,1152,39,DPMPP2MSampler,VanillaCFG,8.096963283,FALSE,,,,,,2:3,divine+photographed_through_window,square,94,2,manual,2,0.066,260,"https://firefly.adobe.com/generate/images?style=photo&seed=42&seed=242&seed=4242&seed=2442&prompt=view+from+the+top+of+red+tulips+to+taller+white+tulips+in+front+of+barely-visible+red+tulips%2C+light+comes+from+behind+the+flowers%2C+the+flowers+appear+luminous&modelInputVersion=v2&aspectRatio=square&creativity=2&guideStrength=94&exif={""mode""%3A""manual""%2C""details""%3A{""aperture""%3A2%2C""focal_length""%3A260%2C""shutter_speed""%3A0.066}}&style=divine&style=photographed_through_window"
r000da54ft,"a pink cherry blossom tree in front of a school sports field, close up, close-up intensity, delicate flowers, Nikon D90, 18mm, f/5 ",134:89,3,6.751009419,4.003648404,0.999,3,2,3,512,704,1408,34,LinearMultistepSampler,VanillaCFG,4.069979317,TRUE,39,EulerEDMSampler,VanillaCFG,5.48367971,TRUE,2:3,monochromatic+surreal_lighting+shot_from_below,widescreen,100,4,manual,5.6,0.066,165,"https://firefly.adobe.com/generate/images?style=photo&seed=42&seed=242&seed=4242&seed=2442&prompt=a+pink+cherry+blossom+tree+in+front+of+a+school+sports+field%2C+close+up%2C+close-up+intensity%2C+delicate+flowers%2C+Nikon+D90%2C+18mm%2C+f/5+&modelInputVersion=v2&aspectRatio=widescreen&creativity=4&guideStrength=100&exif={""mode""%3A""manual""%2C""details""%3A{""aperture""%3A5.6%2C""focal_length""%3A165%2C""shutter_speed""%3A0.066}}&style=monochromatic&style=surreal_lighting&style=shot_from_below"
r001d260dt,"A balcony jutting from a brick building window, made of wrought iron, striped arrangements, Nikon D7000, 24mm, f/5 ",51:77,3,7.860516071,6.51717388,0.997,1,1,4,768,704,1344,32,EulerEDMSampler,VanillaCFG,4.21237902,TRUE,46,DPMPP2SAncestralSampler,VanillaCFG,5.94614025,FALSE,1:2,shallow_depth_of_field,widescreen,100,5,manual,5.6,1,232,"https://firefly.adobe.com/generate/images?style=photo&seed=42&seed=242&seed=4242&seed=2442&prompt=A+balcony+jutting+from+a+brick+building+window%2C+made+of+wrought+iron%2C+striped+arrangements%2C+Nikon+D7000%2C+24mm%2C+f/5+&modelInputVersion=v2&aspectRatio=widescreen&creativity=5&guideStrength=100&exif={""mode""%3A""manual""%2C""details""%3A{""aperture""%3A5.6%2C""focal_length""%3A232%2C""shutter_speed""%3A1}}&style=shallow_depth_of_field"
r002fc3e2t,"close-up view of a fountain in the middle of an arboretum with people walking by, symmetrical arrangements, Nikon D7000, 18mm, f/4 ",51:77,1,3.775644273,5.018349922,0.997,4,0,5,768,960,1024,34,EulerEDMSampler,IdentityGuider,,FALSE,,,,,,5:4,dark+backlighting,widescreen,87,8,auto,,,,"https://firefly.adobe.com/generate/images?style=photo&seed=42&seed=242&seed=4242&seed=2442&prompt=close-up+view+of+a+fountain+in+the+middle+of+an+arboretum+with+people+walking+by%2C+symmetrical+arrangements%2C+Nikon+D7000%2C+18mm%2C+f/4+&modelInputVersion=v2&aspectRatio=widescreen&creativity=8&guideStrength=87&exif={""mode""%3A""auto""}&style=dark&style=backlighting"
r00444b95t,"wooden staircase leading to a trattoria, outdoor, in a small alley, venetian scenes, authentic details, pittoresque, urban signage, organic and naturalistic compositions, Nikon D7000, 18mm, f/5.6 ",77:51,3,5.016987482,7.600284873,0.996,3,5,0,512,960,1088,41,HeunEDMSampler,IdentityGuider,,TRUE,38,DPMPP2MSampler,VanillaCFG,,TRUE,1:1,macrophotography,landscape,68,10,auto,,,,"https://firefly.adobe.com/generate/images?style=photo&seed=42&seed=242&seed=4242&seed=2442&prompt=wooden+staircase+leading+to+a+trattoria%2C+outdoor%2C+in+a+small+alley%2C+venetian+scenes%2C+authentic+details%2C+pittoresque%2C+urban+signage%2C+organic+and+naturalistic+compositions%2C+Nikon+D7000%2C+18mm%2C+f/5.6+&modelInputVersion=v2&aspectRatio=landscape&creativity=10&guideStrength=68&exif={""mode""%3A""auto""}&style=macrophotography"
r005f3e70t,"Rome Pantheon, roman architecture, sunny, tourists walking by, Nikon D90, 18mm, f/6.3 ",89:134,4,8.114581112,5.047240729,0.995,2,2,1,512,768,1280,45,EulerAncestralSampler,VanillaCFG,3.368429152,TRUE,39,DPMPP2SAncestralSampler,VanillaCFG,5.731692042,TRUE,3:2,maximalism,square,54,8,manual,16,0.125,157,"https://firefly.adobe.com/generate/images?style=photo&seed=42&seed=242&seed=4242&seed=2442&prompt=Rome+Pantheon%2C+roman+architecture%2C+sunny%2C+tourists+walking+by%2C+Nikon+D90%2C+18mm%2C+f/6.3+&modelInputVersion=v2&aspectRatio=square&creativity=8&guideStrength=54&exif={""mode""%3A""manual""%2C""details""%3A{""aperture""%3A16%2C""focal_length""%3A157%2C""shutter_speed""%3A0.125}}&style=maximalism"
r00617aa1t,"night photo of the Zurich Zivilstandsamt, night sky, illuminated building, Nikon D7000 18mm f/3.5 ",77:51,1,8.312716423,4.805750392,0.996,3,3,2,768,1088,960,25,HeunEDMSampler,IdentityGuider,,FALSE,,,,,,3:4,studio_light,landscape,50,7,manual,1.2,0.0006,73,"https://firefly.adobe.com/generate/images?style=photo&seed=42&seed=242&seed=4242&seed=2442&prompt=night+photo+of+the+Zurich+Zivilstandsamt%2C+night+sky%2C+illuminated+building%2C+Nikon+D7000+18mm+f/3.5+&modelInputVersion=v2&aspectRatio=landscape&creativity=7&guideStrength=50&exif={""mode""%3A""manual""%2C""details""%3A{""aperture""%3A1.2%2C""focal_length""%3A73%2C""shutter_speed""%3A0.0006}}&style=studio_light"
r00679daet,"statue of a crowned buste, a seagull is resting on the crown, head-and-shoulders portrait, stormy weather, Nikon D7000, 18mm, f/3.5 ",77:51,4,5.900860021,8.38863791,0.998,2,0,9,768,1024,1024,37,LinearMultistepSampler,VanillaCFG,3.085688124,TRUE,45,DPMPP2MSampler,IdentityGuider,2.265161954,TRUE,9:16,studio_light+wide_angle,landscape,0,7,manual,22,1,159,"https://firefly.adobe.com/generate/images?style=photo&seed=42&seed=242&seed=4242&seed=2442&prompt=statue+of+a+crowned+buste%2C+a+seagull+is+resting+on+the+crown%2C+head-and-shoulders+portrait%2C+stormy+weather%2C+Nikon+D7000%2C+18mm%2C+f/3.5+&modelInputVersion=v2&aspectRatio=landscape&creativity=7&guideStrength=0&exif={""mode""%3A""manual""%2C""details""%3A{""aperture""%3A22%2C""focal_length""%3A159%2C""shutter_speed""%3A1}}&style=studio_light&style=wide_angle"
r006b0e4bt,"photo of the Resting Satyr statue in an alcove, in the style of Praxiteles, Nikon D90, 18mm, f/3.5 ",89:134,4,5.015962652,5.763430691,0.998,4,3,3,512,960,1024,42,LinearMultistepSampler,VanillaCFG,5.672789248,TRUE,34,EulerEDMSampler,VanillaCFG,4.599710412,FALSE,2:3,multiexposure+photographed_through_window,portrait,100,5,manual,2.8,0.016,37,"https://firefly.adobe.com/generate/images?style=photo&seed=42&seed=242&seed=4242&seed=2442&prompt=photo+of+the+Resting+Satyr+statue+in+an+alcove%2C+in+the+style+of+Praxiteles%2C+Nikon+D90%2C+18mm%2C+f/3.5+&modelInputVersion=v2&aspectRatio=portrait&creativity=5&guideStrength=100&exif={""mode""%3A""manual""%2C""details""%3A{""aperture""%3A2.8%2C""focal_length""%3A37%2C""shutter_speed""%3A0.016}}&style=multiexposure&style=photographed_through_window"
r006fcc20t,"light yellow wild grass, river on the side, stones near the river, pine trees in the background, in the style of norwegian nature, 18mm f3/5 ",77:51,2,2.88083881,3.664412733,0.999,3,3,3,768,1408,704,51,DPMPP2SAncestralSampler,VanillaCFG,8.958454412,TRUE,40,EulerAncestralSampler,VanillaCFG,0.5,FALSE,2:1,underwater+cool_colors,landscape,50,3,auto,,,,"https://firefly.adobe.com/generate/images?style=photo&seed=42&seed=242&seed=4242&seed=2442&prompt=light+yellow+wild+grass%2C+river+on+the+side%2C+stones+near+the+river%2C+pine+trees+in+the+background%2C+in+the+style+of+norwegian+nature%2C+18mm+f3/5+&modelInputVersion=v2&aspectRatio=landscape&creativity=3&guideStrength=50&exif={""mode""%3A""auto""}&style=underwater&style=cool_colors"
r007f5116t,"narrow alleyway, in the style of light gold and violet, mediterranean landscapes, roman art and architecture, light orange and green, arched doorways, low-angle, 31mm f/16 ",77:51,1,3.505589593,4.515343951,0.999,2,1,3,768,832,1152,38,HeunEDMSampler,VanillaCFG,3.989979466,TRUE,35,HeunEDMSampler,VanillaCFG,1.454374811,FALSE,2:1,low_lighting+shot_from_above,widescreen,50,4,auto,,,,"https://firefly.adobe.com/generate/images?style=photo&seed=42&seed=242&seed=4242&seed=2442&prompt=narrow+alleyway%2C+in+the+style+of+light+gold+and+violet%2C+mediterranean+landscapes%2C+roman+art+and+architecture%2C+light+orange+and+green%2C+arched+doorways%2C+low-angle%2C+31mm+f/16+&modelInputVersion=v2&aspectRatio=widescreen&creativity=4&guideStrength=50&exif={""mode""%3A""auto""}&style=low_lighting&style=shot_from_above"
r00816405t,"a woman taking picture of the grass near a lake, in the style of romantic riverscapes, swiss style ",77:51,3,4.6073392,8.198569331,0.996,2,2,3,768,896,1088,40,DPMPP2SAncestralSampler,VanillaCFG,6.254203208,FALSE,,,,,,2:3,wide_angle,widescreen,100,4,manual,16,0.004,81,"https://firefly.adobe.com/generate/images?style=photo&seed=42&seed=242&seed=4242&seed=2442&prompt=a+woman+taking+picture+of+the+grass+near+a+lake%2C+in+the+style+of+romantic+riverscapes%2C+swiss+style+&modelInputVersion=v2&aspectRatio=widescreen&creativity=4&guideStrength=100&exif={""mode""%3A""manual""%2C""details""%3A{""aperture""%3A16%2C""focal_length""%3A81%2C""shutter_speed""%3A0.004}}&style=wide_angle"
r00869422t,"photo of painting ceiling in a building, in the style of mythological references, classical figures, vignettes of paris, dark orange and dark gold, light yellow and light indigo, overexposure effect, academic realism, 18mm f/3.5 ",134:89,2,8.543748474,5.308621877,0.998,3,1,1,512,1408,704,47,DPMPP2MSampler,VanillaCFG,3.87723421,TRUE,43,LinearMultistepSampler,VanillaCFG,4.506737259,TRUE,4:3,bw,widescreen,100,8,manual,5.6,0.066,73,"https://firefly.adobe.com/generate/images?style=photo&seed=42&seed=242&seed=4242&seed=2442&prompt=photo+of+painting+ceiling+in+a+building%2C+in+the+style+of+mythological+references%2C+classical+figures%2C+vignettes+of+paris%2C+dark+orange+and+dark+gold%2C+light+yellow+and+light+indigo%2C+overexposure+effect%2C+academic+realism%2C+18mm+f/3.5+&modelInputVersion=v2&aspectRatio=widescreen&creativity=8&guideStrength=100&exif={""mode""%3A""manual""%2C""details""%3A{""aperture""%3A5.6%2C""focal_length""%3A73%2C""shutter_speed""%3A0.066}}&style=bw"
r00879054t,"a small lake and a foggy hill, in the style of swiss style, light aquamarine and light amber, foggy sky, dappled, 18mm f/22 ",51:77,3,6.137963772,7.338086954,0.998,4,5,1,512,768,1344,40,EulerEDMSampler,VanillaCFG,3.821702778,TRUE,30,EulerAncestralSampler,IdentityGuider,4.961559441,TRUE,16:9,cool_colors,landscape,0,5,auto,,,,"https://firefly.adobe.com/generate/images?style=photo&seed=42&seed=242&seed=4242&seed=2442&prompt=a+small+lake+and+a+foggy+hill%2C+in+the+style+of+swiss+style%2C+light+aquamarine+and+light+amber%2C+foggy+sky%2C+dappled%2C+18mm+f/22+&modelInputVersion=v2&aspectRatio=landscape&creativity=5&guideStrength=0&exif={""mode""%3A""auto""}&style=cool_colors"
r008a2095t,"cherry blossom trees on a playground, in the style of kintsukuroi, bright colors, 18mm f/3.5 ",77:51,3,7.687480918,6.882826178,0.995,3,0,3,512,1472,704,44,HeunEDMSampler,VanillaCFG,4.401442734,FALSE,,,,,,4:5,knolling,square,50,2,manual,8,0.016,104,"https://firefly.adobe.com/generate/images?style=photo&seed=42&seed=242&seed=4242&seed=2442&prompt=cherry+blossom+trees+on+a+playground%2C+in+the+style+of+kintsukuroi%2C+bright+colors%2C+18mm+f/3.5+&modelInputVersion=v2&aspectRatio=square&creativity=2&guideStrength=50&exif={""mode""%3A""manual""%2C""details""%3A{""aperture""%3A8%2C""focal_length""%3A104%2C""shutter_speed""%3A0.016}}&style=knolling"
r008ed083t,"a snow-covered hillside, in the style of frequent use of yellow, prairiecore, 18mm f/16 ",77:51,4,3.192411489,4.476286695,0.995,2,0,3,768,1216,832,42,LinearMultistepSampler,VanillaCFG,5.875566879,FALSE,,,,,,4:3,bokeh,landscape,50,4,auto,,,,"https://firefly.adobe.com/generate/images?style=photo&seed=42&seed=242&seed=4242&seed=2442&prompt=a+snow-covered+hillside%2C+in+the+style+of+frequent+use+of+yellow%2C+prairiecore%2C+18mm+f/16+&modelInputVersion=v2&aspectRatio=landscape&creativity=4&guideStrength=50&exif={""mode""%3A""auto""}&style=bokeh"
r00a940e1t,"a ski mountain above the cloud,snowy sunny day, snow-covered mountains on the horizon, mountainous vistas, yellow and green, 18mm f/3.5 ",134:89,3,5.042073758,7.092579414,0.999,1,0,3,768,960,1024,32,LinearMultistepSampler,IdentityGuider,,TRUE,35,HeunEDMSampler,IdentityGuider,,TRUE,3:2,chaotic,landscape,97,2,auto,,,,"https://firefly.adobe.com/generate/images?style=photo&seed=42&seed=242&seed=4242&seed=2442&prompt=a+ski+mountain+above+the+cloud%2Csnowy+sunny+day%2C+snow-covered+mountains+on+the+horizon%2C+mountainous+vistas%2C+yellow+and+green%2C+18mm+f/3.5+&modelInputVersion=v2&aspectRatio=landscape&creativity=2&guideStrength=97&exif={""mode""%3A""auto""}&style=chaotic"
r00b3931bt,"a mountainside with snow and trees on it, in the style of webcam photography, forest mountain in the background, 18mm f/3.5 ",134:89,1,3.060628303,8.177342571,0.998,4,0,3,768,960,1024,40,DPMPP2SAncestralSampler,VanillaCFG,2.043986205,TRUE,40,HeunEDMSampler,VanillaCFG,5.910723444,TRUE,1:2,long-time_exposure,widescreen,0,6,auto,,,,"https://firefly.adobe.com/generate/images?style=photo&seed=42&seed=242&seed=4242&seed=2442&prompt=a+mountainside+with+snow+and+trees+on+it%2C+in+the+style+of+webcam+photography%2C+forest+mountain+in+the+background%2C+18mm+f/3.5+&modelInputVersion=v2&aspectRatio=widescreen&creativity=6&guideStrength=0&exif={""mode""%3A""auto""}&style=long-time_exposure"
r00b8d4a2t,"Satyrs of the Valley statue, statue in front of pillars, in the style of hellenistic art, 58mm f/5 ",89:134,2,5.847579147,7.938472827,0.995,4,0,0,512,704,1408,42,LinearMultistepSampler,VanillaCFG,3.766041578,FALSE,,,,,,16:9,pastel_colors+long-time_exposure,widescreen,100,5,manual,1.4,0.0006,141,"https://firefly.adobe.com/generate/images?style=photo&seed=42&seed=242&seed=4242&seed=2442&prompt=Satyrs+of+the+Valley+statue%2C+statue+in+front+of+pillars%2C+in+the+style+of+hellenistic+art%2C+58mm+f/5+&modelInputVersion=v2&aspectRatio=widescreen&creativity=5&guideStrength=100&exif={""mode""%3A""manual""%2C""details""%3A{""aperture""%3A1.4%2C""focal_length""%3A141%2C""shutter_speed""%3A0.0006}}&style=pastel_colors&style=long-time_exposure"
r00c0995ft,"large pillars have candlelight lights, in the style of roman art and architecture, light brown and yellow, large scale murals, architectural abstractions, kinetic lines and curves, marble, vernacular architecture, 18mm f/5 ",89:134,1,2.629335252,4.591657633,0.997,1,4,0,768,1216,832,42,DPMPP2SAncestralSampler,IdentityGuider,,FALSE,,,,,,5:4,long-time_exposure+surface_detail,square,50,9,manual,16,0.066,279,"https://firefly.adobe.com/generate/images?style=photo&seed=42&seed=242&seed=4242&seed=2442&prompt=large+pillars+have+candlelight+lights%2C+in+the+style+of+roman+art+and+architecture%2C+light+brown+and+yellow%2C+large+scale+murals%2C+architectural+abstractions%2C+kinetic+lines+and+curves%2C+marble%2C+vernacular+architecture%2C+18mm+f/5+&modelInputVersion=v2&aspectRatio=square&creativity=9&guideStrength=50&exif={""mode""%3A""manual""%2C""details""%3A{""aperture""%3A16%2C""focal_length""%3A279%2C""shutter_speed""%3A0.066}}&style=long-time_exposure&style=surface_detail"
r00c4a543t,"the sun is shining behind two white cherry blossom trees, in the style of dark white, backlight, gloomy metropolises, 35mm f/4.5 ",51:77,1,5.152769565,3.364591232,0.998,2,9,9,768,768,1280,49,EulerEDMSampler,IdentityGuider,,FALSE,,,,,,4:3,muted+harsh_light,landscape,18,9,manual,2.8,0.125,207,"https://firefly.adobe.com/generate/images?style=photo&seed=42&seed=242&seed=4242&seed=2442&prompt=the+sun+is+shining+behind+two+white+cherry+blossom+trees%2C+in+the+style+of+dark+white%2C+backlight%2C+gloomy+metropolises%2C+35mm+f/4.5+&modelInputVersion=v2&aspectRatio=landscape&creativity=9&guideStrength=18&exif={""mode""%3A""manual""%2C""details""%3A{""aperture""%3A2.8%2C""focal_length""%3A207%2C""shutter_speed""%3A0.125}}&style=muted&style=harsh_light"
r00d161b7t,"a glass case that holds an old gold clockwork, in the style of industrial machinery aesthetics, microscopic views, 31mm f/4 ",51:77,1,3.409549258,8.887954822,0.996,4,0,0,768,768,1344,33,DPMPP2SAncestralSampler,VanillaCFG,8.492840285,TRUE,40,HeunEDMSampler,IdentityGuider,5.608557994,TRUE,1:1,simple+closeup,widescreen,50,10,manual,2.8,0.004,236,"https://firefly.adobe.com/generate/images?style=photo&seed=42&seed=242&seed=4242&seed=2442&prompt=a+glass+case+that+holds+an+old+gold+clockwork%2C+in+the+style+of+industrial+machinery+aesthetics%2C+microscopic+views%2C+31mm+f/4+&modelInputVersion=v2&aspectRatio=widescreen&creativity=10&guideStrength=50&exif={""mode""%3A""manual""%2C""details""%3A{""aperture""%3A2.8%2C""focal_length""%3A236%2C""shutter_speed""%3A0.004}}&style=simple&style=closeup"
r00de2590t,"the white buildings have a clock, in the style of francesco borromini, detailed archtectural scenes, aerial view, ornate architectural elements, 18mm f/13 ",77:51,2,8.992247411,8.959688193,0.999,2,1,0,768,768,1280,40,LinearMultistepSampler,IdentityGuider,,TRUE,45,EulerAncestralSampler,IdentityGuider,,TRUE,3:2,monochromatic+dramatic_light+knolling,square,29,5,auto,,,,"https://firefly.adobe.com/generate/images?style=photo&seed=42&seed=242&seed=4242&seed=2442&prompt=the+white+buildings+have+a+clock%2C+in+the+style+of+francesco+borromini%2C+detailed+archtectural+scenes%2C+aerial+view%2C+ornate+architectural+elements%2C+18mm+f/13+&modelInputVersion=v2&aspectRatio=square&creativity=5&guideStrength=29&exif={""mode""%3A""auto""}&style=monochromatic&style=dramatic_light&style=knolling"
r01058910t,"a picture of the forum romana with a map of what is underneath, tagging-like marks, in the style of roman art and architecture, urban documentation, 21mm f/3.8 ",134:89,2,4.705363116,5.152931949,0.999,2,1,0,768,1408,704,41,LinearMultistepSampler,VanillaCFG,7.071651302,TRUE,36,EulerAncestralSampler,IdentityGuider,5.226906034,TRUE,5:4,wide_angle,portrait,38,6,manual,5.6,0.008,127,"https://firefly.adobe.com/generate/images?style=photo&seed=42&seed=242&seed=4242&seed=2442&prompt=a+picture+of+the+forum+romana+with+a+map+of+what+is+underneath%2C+tagging-like+marks%2C+in+the+style+of+roman+art+and+architecture%2C+urban+documentation%2C+21mm+f/3.8+&modelInputVersion=v2&aspectRatio=portrait&creativity=6&guideStrength=38&exif={""mode""%3A""manual""%2C""details""%3A{""aperture""%3A5.6%2C""focal_length""%3A127%2C""shutter_speed""%3A0.008}}&style=wide_angle"
r0108c383t,"stone floors inside of a museum hall with marble statues, in the style of naturalistic lighting, archaeological objects, orderly symmetry, 18mm f/3.5 ",89:134,2,3.630845061,5.825068593,0.999,2,4,0,512,1152,832,36,HeunEDMSampler,IdentityGuider,,TRUE,42,DPMPP2SAncestralSampler,VanillaCFG,,TRUE,4:5,isometric+vibrant_colors+studio_light+shot_from_above,landscape,0,6,manual,16,0.5,241,"https://firefly.adobe.com/generate/images?style=photo&seed=42&seed=242&seed=4242&seed=2442&prompt=stone+floors+inside+of+a+museum+hall+with+marble+statues%2C+in+the+style+of+naturalistic+lighting%2C+archaeological+objects%2C+orderly+symmetry%2C+18mm+f/3.5+&modelInputVersion=v2&aspectRatio=landscape&creativity=6&guideStrength=0&exif={""mode""%3A""manual""%2C""details""%3A{""aperture""%3A16%2C""focal_length""%3A241%2C""shutter_speed""%3A0.5}}&style=isometric&style=vibrant_colors&style=studio_light&style=shot_from_above"
r010cb248t,"lush trees in the background, in the style of roman art and architecture, hikecore, panorama, 18mm f/3.5 ",134:89,3,6.094278209,4.543613009,0.995,2,0,0,512,1088,896,45,HeunEDMSampler,VanillaCFG,5.945369362,TRUE,46,DPMPP2SAncestralSampler,IdentityGuider,5.346566173,TRUE,16:9,minimalism+cool_colors+harsh_light,widescreen,100,2,auto,,,,"https://firefly.adobe.com/generate/images?style=photo&seed=42&seed=242&seed=4242&seed=2442&prompt=lush+trees+in+the+background%2C+in+the+style+of+roman+art+and+architecture%2C+hikecore%2C+panorama%2C+18mm+f/3.5+&modelInputVersion=v2&aspectRatio=widescreen&creativity=2&guideStrength=100&exif={""mode""%3A""auto""}&style=minimalism&style=cool_colors&style=harsh_light"
r01170470t,"windmill on a lake, in the style of dutch tradition, floating wooden building, green and brown, shiny, sunny sky, 22mf/10 ",77:51,1,4.952276363,2.738629652,0.996,2,5,0,512,832,1152,36,EulerAncestralSampler,VanillaCFG,5.600149338,FALSE,,,,,,1:2,dramatic_light,portrait,50,8,manual,8,0.5,107,"https://firefly.adobe.com/generate/images?style=photo&seed=42&seed=242&seed=4242&seed=2442&prompt=windmill+on+a+lake%2C+in+the+style+of+dutch+tradition%2C+floating+wooden+building%2C+green+and+brown%2C+shiny%2C+sunny+sky%2C+22mf/10+&modelInputVersion=v2&aspectRatio=portrait&creativity=8&guideStrength=50&exif={""mode""%3A""manual""%2C""details""%3A{""aperture""%3A8%2C""focal_length""%3A107%2C""shutter_speed""%3A0.5}}&style=dramatic_light"
r01291f20t,"yellow tulips bloom on the vine, in the style of anamorphic lens flare, subtle tonal values, 82mm f/5.6 ",77:51,1,6.573119826,4.443069343,0.998,3,3,1,768,1024,960,41,DPMPP2SAncestralSampler,VanillaCFG,5.078003743,TRUE,46,HeunEDMSampler,IdentityGuider,6.052666665,FALSE,5:4,,square,0,2,auto,,,,"https://firefly.adobe.com/generate/images?style=photo&seed=42&seed=242&seed=4242&seed=2442&prompt=yellow+tulips+bloom+on+the+vine%2C+in+the+style+of+anamorphic+lens+flare%2C+subtle+tonal+values%2C+82mm+f/5.6+&modelInputVersion=v2&aspectRatio=square&creativity=2&guideStrength=0&exif={""mode""%3A""auto""}"
r01292fd8t,"lamp post in front of the arc de triomphe du carrousel, in the style of vignettes of paris, sunny sky, natural scenery, 46mm f/18 ",77:51,3,3.737742997,3.908440005,1,3,4,1,512,1664,576,39,EulerEDMSampler,VanillaCFG,5.294113129,FALSE,,,,,,2:3,minimalism+simple+cool_colors,landscape,5,2,manual,2.8,0.0006,269,"https://firefly.adobe.com/generate/images?style=photo&seed=42&seed=242&seed=4242&seed=2442&prompt=lamp+post+in+front+of+the+arc+de+triomphe+du+carrousel%2C+in+the+style+of+vignettes+of+paris%2C+sunny+sky%2C+natural+scenery%2C+46mm+f/18+&modelInputVersion=v2&aspectRatio=landscape&creativity=2&guideStrength=5&exif={""mode""%3A""manual""%2C""details""%3A{""aperture""%3A2.8%2C""focal_length""%3A269%2C""shutter_speed""%3A0.0006}}&style=minimalism&style=simple&style=cool_colors"
r012b0f30t,"green valley on the left, mountainous vistas, the mountain line is green, grandeur of scale, 18mm f/16 ",77:51,1,8.418936971,3.215514592,0.998,3,0,2,768,1216,832,35,DPMPP2SAncestralSampler,VanillaCFG,5.146250013,TRUE,35,EulerAncestralSampler,IdentityGuider,2.036126528,TRUE,2:1,shot_from_below,square,100,9,manual,16,1,283,"https://firefly.adobe.com/generate/images?style=photo&seed=42&seed=242&seed=4242&seed=2442&prompt=green+valley+on+the+left%2C+mountainous+vistas%2C+the+mountain+line+is+green%2C+grandeur+of+scale%2C+18mm+f/16+&modelInputVersion=v2&aspectRatio=square&creativity=9&guideStrength=100&exif={""mode""%3A""manual""%2C""details""%3A{""aperture""%3A16%2C""focal_length""%3A283%2C""shutter_speed""%3A1}}&style=shot_from_below"
r012d1dbet,"a house with green shutters, in the style of mountainous vistas, wide angle lens, spiky mounds, 18mm f/16 ",77:51,4,6.735422157,4.916857701,0.999,2,1,3,768,768,1344,36,EulerAncestralSampler,VanillaCFG,4.40104033,TRUE,39,DPMPP2MSampler,IdentityGuider,4.428203105,TRUE,3:2,bw+multiexposure+photographed_through_window,landscape,100,6,manual,1.4,0.004,154,"https://firefly.adobe.com/generate/images?style=photo&seed=42&seed=242&seed=4242&seed=2442&prompt=a+house+with+green+shutters%2C+in+the+style+of+mountainous+vistas%2C+wide+angle+lens%2C+spiky+mounds%2C+18mm+f/16+&modelInputVersion=v2&aspectRatio=landscape&creativity=6&guideStrength=100&exif={""mode""%3A""manual""%2C""details""%3A{""aperture""%3A1.4%2C""focal_length""%3A154%2C""shutter_speed""%3A0.004}}&style=bw&style=multiexposure&style=photographed_through_window"
r0141f0c9t,"a large crowd watch a buddhist monk and look at a large screen inside an arena, religious themes, 18mm f/16 ",77:51,1,5.480752731,4.981997199,0.998,2,1,4,768,704,1408,38,EulerEDMSampler,VanillaCFG,4.684471418,FALSE,,,,,,1:2,pastel_colors+dramatic_light,widescreen,50,3,auto,,,,"https://firefly.adobe.com/generate/images?style=photo&seed=42&seed=242&seed=4242&seed=2442&prompt=a+large+crowd+watch+a+buddhist+monk+and+look+at+a+large+screen+inside+an+arena%2C+religious+themes%2C+18mm+f/16+&modelInputVersion=v2&aspectRatio=widescreen&creativity=3&guideStrength=50&exif={""mode""%3A""auto""}&style=pastel_colors&style=dramatic_light"
r01474187t,"a forest with lots of yellow and green trees, in the style of norwegian nature, yellow foliage along the ground, 18mm f/7.1 ",51:77,2,4.55809039,5.167776406,0.997,4,2,5,768,1344,768,44,EulerAncestralSampler,VanillaCFG,6.899839042,TRUE,39,DPMPP2MSampler,VanillaCFG,5.311591741,TRUE,1:1,harsh_light,landscape,50,8,auto,,,,"https://firefly.adobe.com/generate/images?style=photo&seed=42&seed=242&seed=4242&seed=2442&prompt=a+forest+with+lots+of+yellow+and+green+trees%2C+in+the+style+of+norwegian+nature%2C+yellow+foliage+along+the+ground%2C+18mm+f/7.1+&modelInputVersion=v2&aspectRatio=landscape&creativity=8&guideStrength=50&exif={""mode""%3A""auto""}&style=harsh_light"
r0149a21ct,"a concrete path by the lake surrounded by bushes, naturalist, 27mm f/8 ",77:51,4,6.441636944,5.719685381,0.998,1,3,0,768,1024,1024,50,HeunEDMSampler,VanillaCFG,6.260367357,FALSE,,,,,,2:1,fisheye+knolling,widescreen,0,4,manual,16,1,146,"https://firefly.adobe.com/generate/images?style=photo&seed=42&seed=242&seed=4242&seed=2442&prompt=a+concrete+path+by+the+lake+surrounded+by+bushes%2C+naturalist%2C+27mm+f/8+&modelInputVersion=v2&aspectRatio=widescreen&creativity=4&guideStrength=0&exif={""mode""%3A""manual""%2C""details""%3A{""aperture""%3A16%2C""focal_length""%3A146%2C""shutter_speed""%3A1}}&style=fisheye&style=knolling"
r0150031ft,"a brick building with vines growing on the tower, in the style of international gothic, swiss style, 18mm f/11 ",89:134,3,7.347275878,2.56445777,0.997,2,2,5,768,832,1216,46,DPMPP2MSampler,VanillaCFG,3.310094653,TRUE,41,LinearMultistepSampler,VanillaCFG,7.682624345,TRUE,4:5,grainy_film,square,83,7,manual,2.8,0.066,279,"https://firefly.adobe.com/generate/images?style=photo&seed=42&seed=242&seed=4242&seed=2442&prompt=a+brick+building+with+vines+growing+on+the+tower%2C+in+the+style+of+international+gothic%2C+swiss+style%2C+18mm+f/11+&modelInputVersion=v2&aspectRatio=square&creativity=7&guideStrength=83&exif={""mode""%3A""manual""%2C""details""%3A{""aperture""%3A2.8%2C""focal_length""%3A279%2C""shutter_speed""%3A0.066}}&style=grainy_film"
r01511e3et,"a group of neoclassical sculptures on the hallway of a building, in front of a door, 18mm f/3.5 ",77:51,4,3.608905888,4.604277099,0.997,3,5,0,512,896,1152,42,EulerAncestralSampler,VanillaCFG,8.474259835,TRUE,33,EulerAncestralSampler,IdentityGuider,4.943151866,TRUE,3:4,muted,portrait,100,6,auto,,,,"https://firefly.adobe.com/generate/images?style=photo&seed=42&seed=242&seed=4242&seed=2442&prompt=a+group+of+neoclassical+sculptures+on+the+hallway+of+a+building%2C+in+front+of+a+door%2C+18mm+f/3.5+&modelInputVersion=v2&aspectRatio=portrait&creativity=6&guideStrength=100&exif={""mode""%3A""auto""}&style=muted"
r01559391t,"a dirt path with a large amount of trees near it, backlight, sun shining through the foliage, vignettes of paris, neo-classical symmetry, 18mm f/16 ",77:51,1,6.50601173,6.226925158,0.999,1,9,4,768,1344,704,31,LinearMultistepSampler,VanillaCFG,4.525339364,TRUE,33,DPMPP2MSampler,IdentityGuider,3.636824686,TRUE,2:1,muted+closeup,portrait,100,7,auto,,,,"https://firefly.adobe.com/generate/images?style=photo&seed=42&seed=242&seed=4242&seed=2442&prompt=a+dirt+path+with+a+large+amount+of+trees+near+it%2C+backlight%2C+sun+shining+through+the+foliage%2C+vignettes+of+paris%2C+neo-classical+symmetry%2C+18mm+f/16+&modelInputVersion=v2&aspectRatio=portrait&creativity=7&guideStrength=100&exif={""mode""%3A""auto""}&style=muted&style=closeup"
r015b453ft,"a sunset view on top of hill, lush landscape, hills in the background, anamorphic lens flare, 48mm f/29 ",77:51,2,6.517482607,2.771167623,1,1,4,0,512,1536,640,44,EulerEDMSampler,VanillaCFG,5.357749205,TRUE,45,HeunEDMSampler,VanillaCFG,4.353344876,FALSE,3:2,low_lighting,landscape,50,9,auto,,,,"https://firefly.adobe.com/generate/images?style=photo&seed=42&seed=242&seed=4242&seed=2442&prompt=a+sunset+view+on+top+of+hill%2C+lush+landscape%2C+hills+in+the+background%2C+anamorphic+lens+flare%2C+48mm+f/29+&modelInputVersion=v2&aspectRatio=landscape&creativity=9&guideStrength=50&exif={""mode""%3A""auto""}&style=low_lighting"
r0176fbcat,"a line of cars parked next to a stone brick wall, passage, streetscape, 18mm f/16 ",77:51,1,7.86533239,5.558518641,0.998,1,3,0,512,768,1344,38,EulerEDMSampler,VanillaCFG,3.876269785,FALSE,,,,,,2:3,harsh_light+shot_from_above,square,0,2,manual,4,0.5,224,"https://firefly.adobe.com/generate/images?style=photo&seed=42&seed=242&seed=4242&seed=2442&prompt=a+line+of+cars+parked+next+to+a+stone+brick+wall%2C+passage%2C+streetscape%2C+18mm+f/16+&modelInputVersion=v2&aspectRatio=square&creativity=2&guideStrength=0&exif={""mode""%3A""manual""%2C""details""%3A{""aperture""%3A4%2C""focal_length""%3A224%2C""shutter_speed""%3A0.5}}&style=harsh_light&style=shot_from_above"
r017904f0t,"towering stone carvings holding vase with pink flowers in jardin du luxembourg, in the style of vignettes of paris, 20mm f/16 ",51:77,3,5.183297185,5.323010983,0.995,4,0,1,768,1728,576,47,DPMPP2SAncestralSampler,VanillaCFG,2.499982284,TRUE,51,HeunEDMSampler,VanillaCFG,7.021012311,TRUE,1:1,,square,0,4,auto,,,,"https://firefly.adobe.com/generate/images?style=photo&seed=42&seed=242&seed=4242&seed=2442&prompt=towering+stone+carvings+holding+vase+with+pink+flowers+in+jardin+du+luxembourg%2C+in+the+style+of+vignettes+of+paris%2C+20mm+f/16+&modelInputVersion=v2&aspectRatio=square&creativity=4&guideStrength=0&exif={""mode""%3A""auto""}"
r018ba134t,"a group of skiers standing outdoors on a snowy cliff, in the style of surreal natural landscapes, 18mm f/16 ",77:51,3,3.812950533,5.05742894,0.997,1,2,1,768,960,1024,42,DPMPP2SAncestralSampler,VanillaCFG,4.38044852,TRUE,48,HeunEDMSampler,VanillaCFG,5.106655276,FALSE,3:4,beautiful+shot_from_below,landscape,50,5,auto,,,,"https://firefly.adobe.com/generate/images?style=photo&seed=42&seed=242&seed=4242&seed=2442&prompt=a+group+of+skiers+standing+outdoors+on+a+snowy+cliff%2C+in+the+style+of+surreal+natural+landscapes%2C+18mm+f/16+&modelInputVersion=v2&aspectRatio=landscape&creativity=5&guideStrength=50&exif={""mode""%3A""auto""}&style=beautiful&style=shot_from_below"
r018e74fet,"florentine cathedral, in the style of florentine renaissance, tourists walking by, elaborate facades, arched doorways, 18mm f/11 ",77:51,4,7.062345695,5.692123046,0.998,2,2,2,512,1216,832,42,LinearMultistepSampler,VanillaCFG,5.935168291,FALSE,,,,,,3:2,product_photo+monochromatic+long-time_exposure+photographed_through_window,square,100,10,manual,2.8,0.066,92,"https://firefly.adobe.com/generate/images?style=photo&seed=42&seed=242&seed=4242&seed=2442&prompt=florentine+cathedral%2C+in+the+style+of+florentine+renaissance%2C+tourists+walking+by%2C+elaborate+facades%2C+arched+doorways%2C+18mm+f/11+&modelInputVersion=v2&aspectRatio=square&creativity=10&guideStrength=100&exif={""mode""%3A""manual""%2C""details""%3A{""aperture""%3A2.8%2C""focal_length""%3A92%2C""shutter_speed""%3A0.066}}&style=product_photo&style=monochromatic&style=long-time_exposure&style=photographed_through_window"
r0191aaf4t,"an open building surrounded by ivy, in the style of medieval inspiration, romantic charm, 18mm f/7.1 ",77:51,1,3.366066822,7.646420235,0.998,4,2,3,512,832,1152,38,EulerAncestralSampler,VanillaCFG,4.231714571,TRUE,36,HeunEDMSampler,IdentityGuider,3.689435606,TRUE,9:16,dramatic_light,widescreen,98,4,manual,2,10,41,"https://firefly.adobe.com/generate/images?style=photo&seed=42&seed=242&seed=4242&seed=2442&prompt=an+open+building+surrounded+by+ivy%2C+in+the+style+of+medieval+inspiration%2C+romantic+charm%2C+18mm+f/7.1+&modelInputVersion=v2&aspectRatio=widescreen&creativity=4&guideStrength=98&exif={""mode""%3A""manual""%2C""details""%3A{""aperture""%3A2%2C""focal_length""%3A41%2C""shutter_speed""%3A10}}&style=dramatic_light"
r019eb1cbt,"a large crowd of people on the vatican piazza, in the style of religious iconography, cloudy sky ",134:89,3,5.350524877,7.710285922,0.995,3,2,4,768,1088,896,36,EulerEDMSampler,IdentityGuider,,TRUE,50,LinearMultistepSampler,VanillaCFG,,FALSE,4:3,beautiful+chaotic+minimalism+dark+backlighting,square,100,8,manual,2,0.125,264,"https://firefly.adobe.com/generate/images?style=photo&seed=42&seed=242&seed=4242&seed=2442&prompt=a+large+crowd+of+people+on+the+vatican+piazza%2C+in+the+style+of+religious+iconography%2C+cloudy+sky+&modelInputVersion=v2&aspectRatio=square&creativity=8&guideStrength=100&exif={""mode""%3A""manual""%2C""details""%3A{""aperture""%3A2%2C""focal_length""%3A264%2C""shutter_speed""%3A0.125}}&style=beautiful&style=chaotic&style=minimalism&style=dark&style=backlighting"
r01a31693t,"a long narrow red brick outdoor hallway, in the style of arched doorways, frontal perspective ",77:51,3,2.517950183,5.332137985,0.998,2,3,5,512,704,1344,43,LinearMultistepSampler,VanillaCFG,1.294925702,TRUE,37,EulerAncestralSampler,VanillaCFG,3.180580505,FALSE,1:2,bw,landscape,0,8,auto,,,,"https://firefly.adobe.com/generate/images?style=photo&seed=42&seed=242&seed=4242&seed=2442&prompt=a+long+narrow+red+brick+outdoor+hallway%2C+in+the+style+of+arched+doorways%2C+frontal+perspective+&modelInputVersion=v2&aspectRatio=landscape&creativity=8&guideStrength=0&exif={""mode""%3A""auto""}&style=bw"
r01a5f38at,"four pieces of translucent lady-bug encrusted jewelry on a piece of table cloth, pointillism dots, f/8 105mm ",134:89,4,6.370006148,8.506934734,0.999,3,4,0,512,1088,896,37,DPMPP2MSampler,VanillaCFG,1.886138608,TRUE,33,LinearMultistepSampler,VanillaCFG,6.036678587,TRUE,1:1,fisheye+golden_hour+landscape_photography,landscape,50,6,manual,22,1,91,"https://firefly.adobe.com/generate/images?style=photo&seed=42&seed=242&seed=4242&seed=2442&prompt=four+pieces+of+translucent+lady-bug+encrusted+jewelry+on+a+piece+of+table+cloth%2C+pointillism+dots%2C+f/8+105mm+&modelInputVersion=v2&aspectRatio=landscape&creativity=6&guideStrength=50&exif={""mode""%3A""manual""%2C""details""%3A{""aperture""%3A22%2C""focal_length""%3A91%2C""shutter_speed""%3A1}}&style=fisheye&style=golden_hour&style=landscape_photography"
r01b3f004t,"people with umbrella stand by a fountain in the snow in front of a gothic castle, grandiose architecture, snowy sky, cold and detached atmosphere ",77:51,3,7.07289048,3.863073871,0.997,1,2,5,512,960,1024,36,EulerEDMSampler,IdentityGuider,,FALSE,,,,,,16:9,low_lighting+photographed_through_window,widescreen,94,4,auto,,,,"https://firefly.adobe.com/generate/images?style=photo&seed=42&seed=242&seed=4242&seed=2442&prompt=people+with+umbrella+stand+by+a+fountain+in+the+snow+in+front+of+a+gothic+castle%2C+grandiose+architecture%2C+snowy+sky%2C+cold+and+detached+atmosphere+&modelInputVersion=v2&aspectRatio=widescreen&creativity=4&guideStrength=94&exif={""mode""%3A""auto""}&style=low_lighting&style=photographed_through_window"
r01b6aed6t,"man looking at terroir food gift sets on a wooden rack, in the style of rural ",134:89,3,8.701697762,6.062055738,0.998,4,0,2,512,1024,1024,36,DPMPP2MSampler,VanillaCFG,3.647705648,TRUE,47,DPMPP2MSampler,VanillaCFG,4.277173858,TRUE,2:1,fisheye+vibrant_colors+backlighting,portrait,50,3,manual,16,0.016,126,"https://firefly.adobe.com/generate/images?style=photo&seed=42&seed=242&seed=4242&seed=2442&prompt=man+looking+at+terroir+food+gift+sets+on+a+wooden+rack%2C+in+the+style+of+rural+&modelInputVersion=v2&aspectRatio=portrait&creativity=3&guideStrength=50&exif={""mode""%3A""manual""%2C""details""%3A{""aperture""%3A16%2C""focal_length""%3A126%2C""shutter_speed""%3A0.016}}&style=fisheye&style=vibrant_colors&style=backlighting"
r01c95f68t,"mountain prairie covered in green grass with trees in the background, in the style of pastoral scenes ",134:89,4,3.413473146,5.305176419,0.997,3,4,2,768,896,1088,42,DPMPP2MSampler,VanillaCFG,0.6416427184,TRUE,55,DPMPP2SAncestralSampler,VanillaCFG,5.858535673,TRUE,1:2,misty+pastel_colors+multiexposure,landscape,59,4,manual,1.4,0.0006,180,"https://firefly.adobe.com/generate/images?style=photo&seed=42&seed=242&seed=4242&seed=2442&prompt=mountain+prairie+covered+in+green+grass+with+trees+in+the+background%2C+in+the+style+of+pastoral+scenes+&modelInputVersion=v2&aspectRatio=landscape&creativity=4&guideStrength=59&exif={""mode""%3A""manual""%2C""details""%3A{""aperture""%3A1.4%2C""focal_length""%3A180%2C""shutter_speed""%3A0.0006}}&style=misty&style=pastel_colors&style=multiexposure"
r01cbb7fdt,a close up of a dark purple tulips on green wild grass ,77:51,3,8.938789168,7.271554667,0.998,1,4,0,768,1152,832,32,LinearMultistepSampler,VanillaCFG,5.08185964,FALSE,,,,,,9:16,grainy_film+monochromatic+studio_light+shot_from_above,widescreen,100,5,manual,2,1,300,"https://firefly.adobe.com/generate/images?style=photo&seed=42&seed=242&seed=4242&seed=2442&prompt=a+close+up+of+a+dark+purple+tulips+on+green+wild+grass+&modelInputVersion=v2&aspectRatio=widescreen&creativity=5&guideStrength=100&exif={""mode""%3A""manual""%2C""details""%3A{""aperture""%3A2%2C""focal_length""%3A300%2C""shutter_speed""%3A1}}&style=grainy_film&style=monochromatic&style=studio_light&style=shot_from_above"
r01cf60c7t,"bronze statue towering on a dirty stone pillar in the center of an hallway, in the style of old european city, imposing monumentality ",89:134,2,8.814055084,8.208076042,0.999,3,4,0,768,896,1088,34,LinearMultistepSampler,IdentityGuider,,TRUE,45,DPMPP2SAncestralSampler,VanillaCFG,,TRUE,3:2,minimalism+divine+pastel_colors,portrait,0,9,manual,22,1,110,"https://firefly.adobe.com/generate/images?style=photo&seed=42&seed=242&seed=4242&seed=2442&prompt=bronze+statue+towering+on+a+dirty+stone+pillar+in+the+center+of+an+hallway%2C+in+the+style+of+old+european+city%2C+imposing+monumentality+&modelInputVersion=v2&aspectRatio=portrait&creativity=9&guideStrength=0&exif={""mode""%3A""manual""%2C""details""%3A{""aperture""%3A22%2C""focal_length""%3A110%2C""shutter_speed""%3A1}}&style=minimalism&style=divine&style=pastel_colors"
r01d0b83bt,"people stand around an old carousel in a square, mountainous background with trees, historical, rounded ",77:51,2,2.803587925,6.731082209,0.998,2,3,1,512,960,1024,33,EulerEDMSampler,VanillaCFG,5.003906869,FALSE,,,,,,2:3,muted,landscape,0,7,manual,2.8,0.008,22,"https://firefly.adobe.com/generate/images?style=photo&seed=42&seed=242&seed=4242&seed=2442&prompt=people+stand+around+an+old+carousel+in+a+square%2C+mountainous+background+with+trees%2C+historical%2C+rounded+&modelInputVersion=v2&aspectRatio=landscape&creativity=7&guideStrength=0&exif={""mode""%3A""manual""%2C""details""%3A{""aperture""%3A2.8%2C""focal_length""%3A22%2C""shutter_speed""%3A0.008}}&style=muted"
r01d9da09t,"close-up 'dark yellow' white tulip, subtle tonal variation, top view ",77:51,3,5.035091754,5.568803265,0.995,4,2,2,768,768,1280,39,HeunEDMSampler,VanillaCFG,5.096019546,FALSE,,,,,,4:3,harsh_light+photographed_through_window,portrait,100,3,manual,22,0.5,183,"https://firefly.adobe.com/generate/images?style=photo&seed=42&seed=242&seed=4242&seed=2442&prompt=close-up+'dark+yellow'+white+tulip%2C+subtle+tonal+variation%2C+top+view+&modelInputVersion=v2&aspectRatio=portrait&creativity=3&guideStrength=100&exif={""mode""%3A""manual""%2C""details""%3A{""aperture""%3A22%2C""focal_length""%3A183%2C""shutter_speed""%3A0.5}}&style=harsh_light&style=photographed_through_window"
r01ef1b4at,"a hilly hiking trail, green plants and white rocks, shady foreground, dry mountainous sunny beige rocky background ",51:77,1,5.715491462,3.326622564,0.996,1,2,3,768,1152,896,48,DPMPP2SAncestralSampler,IdentityGuider,,TRUE,45,HeunEDMSampler,VanillaCFG,,FALSE,3:2,simple+pastel_colors+backlighting+knolling,portrait,0,4,auto,,,,"https://firefly.adobe.com/generate/images?style=photo&seed=42&seed=242&seed=4242&seed=2442&prompt=a+hilly+hiking+trail%2C+green+plants+and+white+rocks%2C+shady+foreground%2C+dry+mountainous+sunny+beige+rocky+background+&modelInputVersion=v2&aspectRatio=portrait&creativity=4&guideStrength=0&exif={""mode""%3A""auto""}&style=simple&style=pastel_colors&style=backlighting&style=knolling"
r0200a7a6t,"a street with a lot of trees, in the style of dark green and light amber, norwegian nature ",89:134,1,5.553883638,4.678676672,0.998,3,5,4,768,832,1216,45,DPMPP2MSampler,VanillaCFG,6.276944495,TRUE,41,EulerEDMSampler,IdentityGuider,4.57439851,FALSE,2:1,surreal_lighting,square,100,2,auto,,,,"https://firefly.adobe.com/generate/images?style=photo&seed=42&seed=242&seed=4242&seed=2442&prompt=a+street+with+a+lot+of+trees%2C+in+the+style+of+dark+green+and+light+amber%2C+norwegian+nature+&modelInputVersion=v2&aspectRatio=square&creativity=2&guideStrength=100&exif={""mode""%3A""auto""}&style=surreal_lighting"
r02059ab4t,"chocolate heels on display in a bakery, in the style of white and milk chocolate, polka dots, white and brown ",134:89,1,3.650222474,6.705404849,0.999,1,3,5,768,1600,640,35,EulerEDMSampler,VanillaCFG,6.672654681,TRUE,37,LinearMultistepSampler,VanillaCFG,4.122352335,TRUE,9:16,studio_light,widescreen,94,2,manual,4,1,144,"https://firefly.adobe.com/generate/images?style=photo&seed=42&seed=242&seed=4242&seed=2442&prompt=chocolate+heels+on+display+in+a+bakery%2C+in+the+style+of+white+and+milk+chocolate%2C+polka+dots%2C+white+and+brown+&modelInputVersion=v2&aspectRatio=widescreen&creativity=2&guideStrength=94&exif={""mode""%3A""manual""%2C""details""%3A{""aperture""%3A4%2C""focal_length""%3A144%2C""shutter_speed""%3A1}}&style=studio_light"
r0207a52ct,"people behind sculpted balloons of various colors, in the style of dutch and flemish, light yellow and light black, street scene, costumes, 18mm f/3.5 ",134:89,1,2.621761426,8.141711843,0.997,3,9,0,768,768,1344,34,LinearMultistepSampler,VanillaCFG,2.18384764,TRUE,42,LinearMultistepSampler,VanillaCFG,4.592637104,FALSE,3:2,underwater,widescreen,91,5,manual,1.4,0.066,215,"https://firefly.adobe.com/generate/images?style=photo&seed=42&seed=242&seed=4242&seed=2442&prompt=people+behind+sculpted+balloons+of+various+colors%2C+in+the+style+of+dutch+and+flemish%2C+light+yellow+and+light+black%2C+street+scene%2C+costumes%2C+18mm+f/3.5+&modelInputVersion=v2&aspectRatio=widescreen&creativity=5&guideStrength=91&exif={""mode""%3A""manual""%2C""details""%3A{""aperture""%3A1.4%2C""focal_length""%3A215%2C""shutter_speed""%3A0.066}}&style=underwater"
r021429abt,"white snow prairie in front of lush pine tree forest, in the style of white and emerald, snowy mountains in the background, blue sky with few clouds ",77:51,4,5.944171193,5.834299347,0.998,2,2,1,512,1344,704,38,HeunEDMSampler,VanillaCFG,7.080543346,TRUE,47,LinearMultistepSampler,IdentityGuider,3.851227113,TRUE,4:3,,widescreen,50,3,manual,1.4,0.066,147,"https://firefly.adobe.com/generate/images?style=photo&seed=42&seed=242&seed=4242&seed=2442&prompt=white+snow+prairie+in+front+of+lush+pine+tree+forest%2C+in+the+style+of+white+and+emerald%2C+snowy+mountains+in+the+background%2C+blue+sky+with+few+clouds+&modelInputVersion=v2&aspectRatio=widescreen&creativity=3&guideStrength=50&exif={""mode""%3A""manual""%2C""details""%3A{""aperture""%3A1.4%2C""focal_length""%3A147%2C""shutter_speed""%3A0.066}}"
r02189767t," a medieval brick bridge road surrounded by brick walkways, blue sky ",77:51,1,5.888155145,4.39752861,0.997,1,4,1,768,1024,1024,38,HeunEDMSampler,VanillaCFG,3.571032314,TRUE,33,DPMPP2SAncestralSampler,VanillaCFG,4.728596049,FALSE,4:5,monochromatic+shallow_depth_of_field,widescreen,50,8,auto,,,,"https://firefly.adobe.com/generate/images?style=photo&seed=42&seed=242&seed=4242&seed=2442&prompt=a+medieval+brick+bridge+road+surrounded+by+brick+walkways,+blue+sky+&modelInputVersion=v2&aspectRatio=widescreen&creativity=4&guideStrength=50&exif={""mode""%3A""auto""}&style=golden_hour"
r02210c2at," person sitting on top of snow covered mountain with blue sky, in the style of dusseldorf school of photography, candid atmosphere, high contrast, ethereal cloudscapes, sparse use of color ",77:51,1,5.579179474,3.78177759,0.997,4,0,2,768,1088,896,38,DPMPP2MSampler,IdentityGuider,,TRUE,41,LinearMultistepSampler,VanillaCFG,,FALSE,1:1,divine+bw+multiexposure,widescreen,86,9,manual,1.2,0.0006,282,"https://firefly.adobe.com/generate/images?style=photo&seed=42&seed=242&seed=4242&seed=2442&prompt=person+sitting+on+top+of+snow+covered+mountain+with+blue+sky,+in+the+style+of+dusseldorf+school+of+photography,+candid+atmosphere,+high+contrast,+ethereal+cloudscapes,+sparse+use+of+color+&modelInputVersion=v2&aspectRatio=landscape&creativity=4&guideStrength=0&exif={""mode""%3A""auto""}&style=gomori_photography&style=warm_colors"
r0225b88bt," several people stand on top of white stair steps in a church, sun shine from a glass window, arched doorways, organic stone carvings ",51:77,3,3.514894511,8.650440604,0.996,3,1,3,512,1088,896,41,HeunEDMSampler,VanillaCFG,4.421238698,TRUE,41,DPMPP2SAncestralSampler,VanillaCFG,5.767267732,TRUE,9:16,golden_hour+shot_from_above,landscape,50,7,auto,,,,"https://firefly.adobe.com/generate/images?style=photo&seed=42&seed=242&seed=4242&seed=2442&prompt=several+people+stand+on+top+of+white+stair+steps+in+a+church,+sun+shine+from+a+glass+window,+arched+doorways,+organic+stone+carvings+&modelInputVersion=v2&aspectRatio=square&creativity=10&guideStrength=0&exif={""mode""%3A""manual""%2C""details""%3A{""aperture""%3A2.8%2C""focal_length""%3A22%2C""shutter_speed""%3A10}}&style=muted&style=surreal_lighting"
r022af74ct,"Medieval Three Towers castle behind a red and white crosswalk, in the style of medieval old town, road signage, sunny day ",89:134,4,3.415290221,2.95728669,0.997,1,0,4,512,960,1024,33,DPMPP2MSampler,VanillaCFG,9.663944912,TRUE,36,LinearMultistepSampler,VanillaCFG,6.629473527,TRUE,1:2,landscape_photography,widescreen,50,9,auto,,,,"https://firefly.adobe.com/generate/images?style=photo&seed=42&seed=242&seed=4242&seed=2442&prompt=Medieval+Three+Towers+castle+behind+a+red+and+white+crosswalk%2C+in+the+style+of+medieval+old+town%2C+road+signage%2C+sunny+day+&modelInputVersion=v2&aspectRatio=widescreen&creativity=9&guideStrength=50&exif={""mode""%3A""auto""}&style=landscape_photography"
r02354285t,"arched white-stone bridge over a river in a lush valley, in the style of swiss style, emerald, medieval, lush scenery, pale green and white sky ",77:51,1,2.9750291,7.170380944,0.997,1,4,5,768,1728,576,29,DPMPP2SAncestralSampler,VanillaCFG,7.654550526,FALSE,,,,,,3:2,isometric+underwater+isometric+pastel_colors+golden_hour+wide_angle,landscape,0,5,manual,2,0.5,244,"https://firefly.adobe.com/generate/images?style=photo&seed=42&seed=242&seed=4242&seed=2442&prompt=arched+white-stone+bridge+over+a+river+in+a+lush+valley%2C+in+the+style+of+swiss+style%2C+emerald%2C+medieval%2C+lush+scenery%2C+pale+green+and+white+sky+&modelInputVersion=v2&aspectRatio=landscape&creativity=5&guideStrength=0&exif={""mode""%3A""manual""%2C""details""%3A{""aperture""%3A2%2C""focal_length""%3A244%2C""shutter_speed""%3A0.5}}&style=isometric&style=underwater&style=isometric&style=pastel_colors&style=golden_hour&style=wide_angle"
r0249f733t,"bare trees in the snow, in the style of norwegian nature, serene pastoral scenes, snow-covered mountain in the background ",77:51,2,6.406328584,8.533616753,0.999,3,3,0,768,768,1344,38,LinearMultistepSampler,IdentityGuider,,FALSE,,,,,,2:1,studio_light,portrait,0,5,auto,,,,"https://firefly.adobe.com/generate/images?style=photo&seed=42&seed=242&seed=4242&seed=2442&prompt=bare+trees+in+the+snow%2C+in+the+style+of+norwegian+nature%2C+serene+pastoral+scenes%2C+snow-covered+mountain+in+the+background+&modelInputVersion=v2&aspectRatio=portrait&creativity=5&guideStrength=0&exif={""mode""%3A""auto""}&style=studio_light"
r02508493t,"alpine villages with a medieval church in mountains with green forest trees, in the style of swiss style, pastoral settings, high-angle, aerial view ",77:51,1,7.209077792,6.375823144,0.997,2,2,1,768,704,1408,40,HeunEDMSampler,VanillaCFG,4.145755474,TRUE,38,LinearMultistepSampler,VanillaCFG,5.490014721,TRUE,2:1,muted+backlighting+knolling,landscape,100,5,manual,4,0.004,170,"https://firefly.adobe.com/generate/images?style=photo&seed=42&seed=242&seed=4242&seed=2442&prompt=alpine+villages+with+a+medieval+church+in+mountains+with+green+forest+trees%2C+in+the+style+of+swiss+style%2C+pastoral+settings%2C+high-angle%2C+aerial+view+&modelInputVersion=v2&aspectRatio=landscape&creativity=5&guideStrength=100&exif={""mode""%3A""manual""%2C""details""%3A{""aperture""%3A4%2C""focal_length""%3A170%2C""shutter_speed""%3A0.004}}&style=muted&style=backlighting&style=knolling"
r0250eb80t,"a cuckoo clock below a display plate on the white wall,  18mm f/3.5 ",51:77,2,8.846727806,8.865170137,0.999,4,0,2,512,1216,832,40,DPMPP2MSampler,VanillaCFG,8.054376311,TRUE,41,HeunEDMSampler,VanillaCFG,2.468410134,TRUE,3:2,closeup,portrait,50,9,auto,,,,"https://firefly.adobe.com/generate/images?style=photo&seed=42&seed=242&seed=4242&seed=2442&prompt=a+cuckoo+clock+below+a+display+plate+on+the+white+wall%2C++18mm+f/3.5+&modelInputVersion=v2&aspectRatio=portrait&creativity=9&guideStrength=50&exif={""mode""%3A""auto""}&style=closeup"
r02513d19t,"a group of trees growing next to two small vine huts, in the style of cabincore, distorted perspectives, wood, sunny and shadows ",77:51,3,6.406594111,3.358186911,0.998,3,1,4,768,768,1280,35,HeunEDMSampler,IdentityGuider,,TRUE,41,HeunEDMSampler,VanillaCFG,,TRUE,1:1,,square,100,4,manual,5.6,0.5,34,"https://firefly.adobe.com/generate/images?style=photo&seed=42&seed=242&seed=4242&seed=2442&prompt=a+group+of+trees+growing+next+to+two+small+vine+huts%2C+in+the+style+of+cabincore%2C+distorted+perspectives%2C+wood%2C+sunny+and+shadows+&modelInputVersion=v2&aspectRatio=square&creativity=4&guideStrength=100&exif={""mode""%3A""manual""%2C""details""%3A{""aperture""%3A5.6%2C""focal_length""%3A34%2C""shutter_speed""%3A0.5}}"
r026b5360t,"a man holding shopping bags is walking in the street, surrounded by stone fences and various trees, sun shining through thick clouds, gloomy, lush scenery ",134:89,4,4.320350204,3.701216972,0.997,1,5,3,512,1600,640,39,DPMPP2SAncestralSampler,VanillaCFG,2.251438803,TRUE,45,EulerAncestralSampler,VanillaCFG,5.004048811,FALSE,9:16,isometric+dark+dramatic_light+knolling,square,13,4,auto,,,,"https://firefly.adobe.com/generate/images?style=photo&seed=42&seed=242&seed=4242&seed=2442&prompt=a+man+holding+shopping+bags+is+walking+in+the+street%2C+surrounded+by+stone+fences+and+various+trees%2C+sun+shining+through+thick+clouds%2C+gloomy%2C+lush+scenery+&modelInputVersion=v2&aspectRatio=square&creativity=4&guideStrength=13&exif={""mode""%3A""auto""}&style=isometric&style=dark&style=dramatic_light&style=knolling"
r026cedb7t,"the park is the louvre, beige dirt ground, white marble statues surrounding a garden, haussmannian castle in the background, lush scenery, blue sky ",77:51,2,8.215032903,8.64978083,0.995,3,1,5,768,832,1152,41,DPMPP2MSampler,VanillaCFG,4.289826151,TRUE,46,EulerAncestralSampler,VanillaCFG,5.7668528,TRUE,4:5,muted+golden_hour+shot_from_above,square,50,6,auto,,,,"https://firefly.adobe.com/generate/images?style=photo&seed=42&seed=242&seed=4242&seed=2442&prompt=the+park+is+the+louvre%2C+beige+dirt+ground%2C+white+marble+statues+surrounding+a+garden%2C+haussmannian+castle+in+the+background%2C+lush+scenery%2C+blue+sky+&modelInputVersion=v2&aspectRatio=square&creativity=6&guideStrength=50&exif={""mode""%3A""auto""}&style=muted&style=golden_hour&style=shot_from_above"
r0279b17bt,"photo of a ceiling painted with religious images at the san giovanni chapel, in the style of neo-academism, orange and light purple ",134:89,2,4.392349444,4.408004302,0.999,4,2,2,768,1024,960,37,DPMPP2SAncestralSampler,IdentityGuider,,TRUE,29,EulerEDMSampler,IdentityGuider,,FALSE,2:1,gomori_photography+misty,square,50,8,auto,,,,"https://firefly.adobe.com/generate/images?style=photo&seed=42&seed=242&seed=4242&seed=2442&prompt=photo+of+a+ceiling+painted+with+religious+images+at+the+san+giovanni+chapel%2C+in+the+style+of+neo-academism%2C+orange+and+light+purple+&modelInputVersion=v2&aspectRatio=square&creativity=8&guideStrength=50&exif={""mode""%3A""auto""}&style=gomori_photography&style=misty"
r027a692ft,"two aligned high white stones fences on both sides of an opening in front of a bare beige twisted-branches tree, a lamp post is attached on the left fence, lush scenery in the background ",77:51,2,4.512936107,5.450548813,0.998,2,0,3,512,1472,704,39,EulerAncestralSampler,IdentityGuider,,TRUE,39,EulerAncestralSampler,VanillaCFG,,FALSE,5:4,warm_colors+shot_from_below,square,1,5,auto,,,,"https://firefly.adobe.com/generate/images?style=photo&seed=42&seed=242&seed=4242&seed=2442&prompt=two+aligned+high+white+stones+fences+on+both+sides+of+an+opening+in+front+of+a+bare+beige+twisted-branches+tree%2C+a+lamp+post+is+attached+on+the+left+fence%2C+lush+scenery+in+the+background+&modelInputVersion=v2&aspectRatio=square&creativity=5&guideStrength=1&exif={""mode""%3A""auto""}&style=warm_colors&style=shot_from_below"
r0281b52at,"lush sandy dunes by shallow water over sandy beach, in the style of hazy romanticism, lush scenery, light green and light beige ",77:51,4,3.444092812,4.638348623,0.998,3,4,4,768,1344,704,38,EulerAncestralSampler,VanillaCFG,6.729268272,TRUE,40,DPMPP2MSampler,VanillaCFG,5.811395251,TRUE,4:5,dark+monochromatic,square,100,7,manual,5.6,0.125,168,"https://firefly.adobe.com/generate/images?style=photo&seed=42&seed=242&seed=4242&seed=2442&prompt=lush+sandy+dunes+by+shallow+water+over+sandy+beach%2C+in+the+style+of+hazy+romanticism%2C+lush+scenery%2C+light+green+and+light+beige+&modelInputVersion=v2&aspectRatio=square&creativity=7&guideStrength=100&exif={""mode""%3A""manual""%2C""details""%3A{""aperture""%3A5.6%2C""focal_length""%3A168%2C""shutter_speed""%3A0.125}}&style=dark&style=monochromatic"
r0282ca06t,"strong sun shining over a snow-covered field with a frozen translucent river, lush green pine tree rocky forest in the background, strong sun flare, sparkling water reflections ",134:89,3,8.04629744,3.504271116,1,2,4,0,512,1152,832,30,DPMPP2MSampler,IdentityGuider,,TRUE,41,DPMPP2MSampler,IdentityGuider,,TRUE,4:3,pastel_colors+landscape_photography,widescreen,72,2,manual,2.8,0.0006,66,"https://firefly.adobe.com/generate/images?style=photo&seed=42&seed=242&seed=4242&seed=2442&prompt=strong+sun+shining+over+a+snow-covered+field+with+a+frozen+translucent+river%2C+lush+green+pine+tree+rocky+forest+in+the+background%2C+strong+sun+flare%2C+sparkling+water+reflections+&modelInputVersion=v2&aspectRatio=widescreen&creativity=2&guideStrength=72&exif={""mode""%3A""manual""%2C""details""%3A{""aperture""%3A2.8%2C""focal_length""%3A66%2C""shutter_speed""%3A0.0006}}&style=pastel_colors&style=landscape_photography"
r0284aa1at,"a street with a wooden building beside it, in the style of swiss style, white and brown, folk, traditional street scenes, mountainous vistas ",77:51,3,6.866096567,3.779970678,0.997,1,2,1,768,1664,576,39,LinearMultistepSampler,VanillaCFG,6.90550509,TRUE,40,DPMPP2SAncestralSampler,IdentityGuider,4.982203089,FALSE,1:1,bw+dramatic_light,square,53,9,auto,,,,"https://firefly.adobe.com/generate/images?style=photo&seed=42&seed=242&seed=4242&seed=2442&prompt=a+street+with+a+wooden+building+beside+it%2C+in+the+style+of+swiss+style%2C+white+and+brown%2C+folk%2C+traditional+street+scenes%2C+mountainous+vistas+&modelInputVersion=v2&aspectRatio=square&creativity=9&guideStrength=53&exif={""mode""%3A""auto""}&style=bw&style=dramatic_light"
r0287344at,"people dressed-in-cow-costumes parade the stone-paved street with a lush-carriage,  people in folkloric-costumes watching on the sidewalk, painted houses with faded paint ",77:51,2,7.030566592,7.682979858,0.998,4,2,2,512,896,1152,38,HeunEDMSampler,VanillaCFG,4.741897543,TRUE,35,HeunEDMSampler,VanillaCFG,5.07476333,FALSE,5:4,chaotic+product_photo+surreal_lighting+surface_detail,widescreen,0,6,manual,2,0.016,232,"https://firefly.adobe.com/generate/images?style=photo&seed=42&seed=242&seed=4242&seed=2442&prompt=people+dressed-in-cow-costumes+parade+the+stone-paved+street+with+a+lush-carriage%2C++people+in+folkloric-costumes+watching+on+the+sidewalk%2C+painted+houses+with+faded+paint+&modelInputVersion=v2&aspectRatio=widescreen&creativity=6&guideStrength=0&exif={""mode""%3A""manual""%2C""details""%3A{""aperture""%3A2%2C""focal_length""%3A232%2C""shutter_speed""%3A0.016}}&style=chaotic&style=product_photo&style=surreal_lighting&style=surface_detail"
r028896d3t,"statue of 'Eros et Psyché' in front of an ornamented glass window, in the style of museum, warm white balance ",51:77,4,8.913675424,2.533815896,0.997,3,1,3,768,896,1152,41,HeunEDMSampler,IdentityGuider,,TRUE,45,DPMPP2SAncestralSampler,VanillaCFG,,TRUE,2:3,long-time_exposure+knolling,landscape,69,6,manual,8,10,196,"https://firefly.adobe.com/generate/images?style=photo&seed=42&seed=242&seed=4242&seed=2442&prompt=statue+of+'Eros+et+Psyché'+in+front+of+an+ornamented+glass+window%2C+in+the+style+of+museum%2C+warm+white+balance+&modelInputVersion=v2&aspectRatio=landscape&creativity=6&guideStrength=69&exif={""mode""%3A""manual""%2C""details""%3A{""aperture""%3A8%2C""focal_length""%3A196%2C""shutter_speed""%3A10}}&style=long-time_exposure&style=knolling"
r0288b58ct,"cherry blossom trees at a park, in the style of low-angle shots, light purple and dark bronze ",77:51,4,2.995108601,8.593826797,0.996,3,1,4,512,1728,576,31,HeunEDMSampler,IdentityGuider,,TRUE,50,EulerEDMSampler,VanillaCFG,,TRUE,16:9,dark+antique_photo,square,100,9,manual,16,0.066,166,"https://firefly.adobe.com/generate/images?style=photo&seed=42&seed=242&seed=4242&seed=2442&prompt=cherry+blossom+trees+at+a+park%2C+in+the+style+of+low-angle+shots%2C+light+purple+and+dark+bronze+&modelInputVersion=v2&aspectRatio=square&creativity=9&guideStrength=100&exif={""mode""%3A""manual""%2C""details""%3A{""aperture""%3A16%2C""focal_length""%3A166%2C""shutter_speed""%3A0.066}}&style=dark&style=antique_photo"
r02897203t,"a lush mountainous landscape behind a calm lake, in the style of french countryside ",134:89,3,4.68997495,5.306973889,0.995,1,3,5,768,960,1088,38,DPMPP2SAncestralSampler,VanillaCFG,8.196091604,TRUE,40,LinearMultistepSampler,VanillaCFG,5.956964912,FALSE,4:3,studio_light+surface_detail,widescreen,50,8,auto,,,,"https://firefly.adobe.com/generate/images?style=photo&seed=42&seed=242&seed=4242&seed=2442&prompt=a+lush+mountainous+landscape+behind+a+calm+lake%2C+in+the+style+of+french+countryside+&modelInputVersion=v2&aspectRatio=widescreen&creativity=8&guideStrength=50&exif={""mode""%3A""auto""}&style=studio_light&style=surface_detail"
r029afdb0t,"a tree with downward twigs partially covering the view of an aquamarine-lake, behind the lake is a lush hill and a island with ruins and trees, further away is a foggy mountain ",77:51,4,8.46011505,2.949157755,0.996,3,9,3,512,704,1408,45,DPMPP2SAncestralSampler,IdentityGuider,,TRUE,35,EulerEDMSampler,IdentityGuider,,FALSE,3:2,dark+misty+divine+dramatic_light+closeup,widescreen,0,2,manual,1.2,0.125,121,"https://firefly.adobe.com/generate/images?style=photo&seed=42&seed=242&seed=4242&seed=2442&prompt=a+tree+with+downward+twigs+partially+covering+the+view+of+an+aquamarine-lake%2C+behind+the+lake+is+a+lush+hill+and+a+island+with+ruins+and+trees%2C+further+away+is+a+foggy+mountain+&modelInputVersion=v2&aspectRatio=widescreen&creativity=2&guideStrength=0&exif={""mode""%3A""manual""%2C""details""%3A{""aperture""%3A1.2%2C""focal_length""%3A121%2C""shutter_speed""%3A0.125}}&style=dark&style=misty&style=divine&style=dramatic_light&style=closeup"
r02a0839et,"inside of a cathedral with rows of redwood chairs in front of a christian altar in an alcove with two statues on the side and two rows of windows, the bottom row has two stained-glass windows on each side, the top row has five groups of three adjacent arched glass window symmetrically centered, the sun shines strongly through the windows, in the style of imposing monumentality, baroque architecture, altarpiece ",51:77,2,6.348213225,4.789157608,0.995,2,3,4,768,896,1088,36,HeunEDMSampler,VanillaCFG,3.553225428,TRUE,39,HeunEDMSampler,IdentityGuider,3.316279481,FALSE,3:2,shallow_depth_of_field,square,50,2,manual,2.8,1,288,"https://firefly.adobe.com/generate/images?style=photo&seed=42&seed=242&seed=4242&seed=2442&prompt=inside+of+a+cathedral+with+rows+of+redwood+chairs+in+front+of+a+christian+altar+in+an+alcove+with+two+statues+on+the+side+and+two+rows+of+windows%2C+the+bottom+row+has+two+stained-glass+windows+on+each+side%2C+the+top+row+has+five+groups+of+three+adjacent+arched+glass+window+symmetrically+centered%2C+the+sun+shines+strongly+through+the+windows%2C+in+the+style+of+imposing+monumentality%2C+baroque+architecture%2C+altarpiece+&modelInputVersion=v2&aspectRatio=square&creativity=2&guideStrength=50&exif={""mode""%3A""manual""%2C""details""%3A{""aperture""%3A2.8%2C""focal_length""%3A288%2C""shutter_speed""%3A1}}&style=shallow_depth_of_field"
r02a21f6ct,"two statues of mythological men and one statue of a stone rope with stone feathers at its end on a dry fountain in Rome in front of a beige-marble monumental building with a dome, in the style of irregular structures, light gray and dark beige, roman art and architecture ",77:51,3,5.420098944,3.235881179,0.995,2,0,2,768,1088,960,40,DPMPP2SAncestralSampler,IdentityGuider,,TRUE,40,DPMPP2SAncestralSampler,VanillaCFG,,TRUE,16:9,landscape_photography,square,0,10,manual,2.8,10,288,"https://firefly.adobe.com/generate/images?style=photo&seed=42&seed=242&seed=4242&seed=2442&prompt=two+statues+of+mythological+men+and+one+statue+of+a+stone+rope+with+stone+feathers+at+its+end+on+a+dry+fountain+in+Rome+in+front+of+a+beige-marble+monumental+building+with+a+dome%2C+in+the+style+of+irregular+structures%2C+light+gray+and+dark+beige%2C+roman+art+and+architecture+&modelInputVersion=v2&aspectRatio=square&creativity=10&guideStrength=0&exif={""mode""%3A""manual""%2C""details""%3A{""aperture""%3A2.8%2C""focal_length""%3A288%2C""shutter_speed""%3A10}}&style=landscape_photography"
r02b3a1ddt,"a tabletop with 6 red magazines aligned in 2 rows of 3 and a red wooden avian-shaped pot holding instant coffee bags, light comes from a barely visible yellow lamp, in the style of white and dark red ",51:77,2,4.322853985,2.63120126,0.998,3,5,1,768,1472,704,37,DPMPP2SAncestralSampler,VanillaCFG,5.42688606,FALSE,,,,,,1:2,pastel_colors+closeup,landscape,100,4,manual,16,0.008,136,"https://firefly.adobe.com/generate/images?style=photo&seed=42&seed=242&seed=4242&seed=2442&prompt=a+tabletop+with+6+red+magazines+aligned+in+2+rows+of+3+and+a+red+wooden+avian-shaped+pot+holding+instant+coffee+bags%2C+light+comes+from+a+barely+visible+yellow+lamp%2C+in+the+style+of+white+and+dark+red+&modelInputVersion=v2&aspectRatio=landscape&creativity=4&guideStrength=100&exif={""mode""%3A""manual""%2C""details""%3A{""aperture""%3A16%2C""focal_length""%3A136%2C""shutter_speed""%3A0.008}}&style=pastel_colors&style=closeup"
r02b7536at,"two people are sitting on hilly ground with grassy slopes in front of a mountain brick house and horses surrounded by a fence, blue sky ",77:51,2,4.284383086,4.621165265,1,2,2,2,512,1600,640,32,LinearMultistepSampler,VanillaCFG,3.91361386,FALSE,,,,,,3:4,,widescreen,0,5,manual,1.2,1,125,"https://firefly.adobe.com/generate/images?style=photo&seed=42&seed=242&seed=4242&seed=2442&prompt=two+people+are+sitting+on+hilly+ground+with+grassy+slopes+in+front+of+a+mountain+brick+house+and+horses+surrounded+by+a+fence%2C+blue+sky+&modelInputVersion=v2&aspectRatio=widescreen&creativity=5&guideStrength=0&exif={""mode""%3A""manual""%2C""details""%3A{""aperture""%3A1.2%2C""focal_length""%3A125%2C""shutter_speed""%3A1}}"
r02d732f8t,"french parisian garden, beige dirt alleys around a square garden, beige statues between the alleys and the garden, a few people walking in the alley, haussmannian buildings in the background, in the style of vignettes of paris ",77:51,1,4.683143183,5.674391259,0.999,1,9,0,768,1408,704,45,EulerEDMSampler,VanillaCFG,5.530377478,FALSE,,,,,,16:9,surreal_lighting+knolling,landscape,100,8,manual,1.4,0.008,208,"https://firefly.adobe.com/generate/images?style=photo&seed=42&seed=242&seed=4242&seed=2442&prompt=french+parisian+garden%2C+beige+dirt+alleys+around+a+square+garden%2C+beige+statues+between+the+alleys+and+the+garden%2C+a+few+people+walking+in+the+alley%2C+haussmannian+buildings+in+the+background%2C+in+the+style+of+vignettes+of+paris+&modelInputVersion=v2&aspectRatio=landscape&creativity=8&guideStrength=100&exif={""mode""%3A""manual""%2C""details""%3A{""aperture""%3A1.4%2C""focal_length""%3A208%2C""shutter_speed""%3A0.008}}&style=surreal_lighting&style=knolling"
r02e1abe2t,"statues next to marble stairs in front of an ornate building with round shadows from unseen metal frames, in the style of vignettes of paris, light yellow and light bronze ",77:51,1,7.028669898,3.438949303,0.997,1,5,1,768,1344,704,32,LinearMultistepSampler,VanillaCFG,2.36419543,TRUE,44,DPMPP2MSampler,VanillaCFG,3.652249889,FALSE,2:1,muted+studio_light+landscape_photography,square,35,3,auto,,,,"https://firefly.adobe.com/generate/images?style=photo&seed=42&seed=242&seed=4242&seed=2442&prompt=statues+next+to+marble+stairs+in+front+of+an+ornate+building+with+round+shadows+from+unseen+metal+frames%2C+in+the+style+of+vignettes+of+paris%2C+light+yellow+and+light+bronze+&modelInputVersion=v2&aspectRatio=square&creativity=3&guideStrength=35&exif={""mode""%3A""auto""}&style=muted&style=studio_light&style=landscape_photography"
r02f1ba48t,"diorama inside a large medieval stone church with statues of people standing on straws and wood-chips on the floor, two people are in an lush alcove, warm light comes from many wax candle in the back, illuminated, light orange and green ",77:51,2,4.003648404,2.532956808,0.998,2,5,2,768,1280,768,40,LinearMultistepSampler,VanillaCFG,7.065326037,FALSE,,,,,,3:4,,square,16,3,manual,2.8,0.008,78,"https://firefly.adobe.com/generate/images?style=photo&seed=42&seed=242&seed=4242&seed=2442&prompt=diorama+inside+a+large+medieval+stone+church+with+statues+of+people+standing+on+straws+and+wood-chips+on+the+floor%2C+two+people+are+in+an+lush+alcove%2C+warm+light+comes+from+many+wax+candle+in+the+back%2C+illuminated%2C+light+orange+and+green+&modelInputVersion=v2&aspectRatio=square&creativity=3&guideStrength=16&exif={""mode""%3A""manual""%2C""details""%3A{""aperture""%3A2.8%2C""focal_length""%3A78%2C""shutter_speed""%3A0.008}}"
r02f5c155t,"view from a wooden boat to a lake surrounded by two windmills next to a dark brown farm, in the background a grass prairie, in the style of the netherlands ",77:51,1,6.51717388,5.205645149,0.998,3,5,1,512,1024,1024,43,LinearMultistepSampler,VanillaCFG,3.556353166,TRUE,40,EulerEDMSampler,IdentityGuider,3.55894465,TRUE,2:1,muted,landscape,50,5,auto,,,,"https://firefly.adobe.com/generate/images?style=photo&seed=42&seed=242&seed=4242&seed=2442&prompt=view+from+a+wooden+boat+to+a+lake+surrounded+by+two+windmills+next+to+a+dark+brown+farm%2C+in+the+background+a+grass+prairie%2C+in+the+style+of+the+netherlands+&modelInputVersion=v2&aspectRatio=landscape&creativity=5&guideStrength=50&exif={""mode""%3A""auto""}&style=muted"
r02f9f53et,"view from a balcony to stairs leading to the city, in the style of roman art and architecture, brick color scheme, eroded surfaces ",77:51,4,5.018349922,7.202553077,0.999,1,0,1,512,1344,768,34,DPMPP2MSampler,VanillaCFG,8.369569724,FALSE,,,,,,1:2,golden_hour,widescreen,0,7,manual,16,0.016,278,"https://firefly.adobe.com/generate/images?style=photo&seed=42&seed=242&seed=4242&seed=2442&prompt=view+from+a+balcony+to+stairs+leading+to+the+city%2C+in+the+style+of+roman+art+and+architecture%2C+brick+color+scheme%2C+eroded+surfaces+&modelInputVersion=v2&aspectRatio=widescreen&creativity=7&guideStrength=0&exif={""mode""%3A""manual""%2C""details""%3A{""aperture""%3A16%2C""focal_length""%3A278%2C""shutter_speed""%3A0.016}}&style=golden_hour"
r0314c3f9t,"snow-covered picnic tables in a glade in the middle of a snowy forest, the trunk of a tree partially covers the view, gloomy, dark white and gray  ",134:89,2,7.600284873,5.017741184,0.995,3,2,5,512,1408,704,36,DPMPP2MSampler,VanillaCFG,3.952440323,TRUE,36,DPMPP2MSampler,IdentityGuider,4.026216231,FALSE,1:2,long-time_exposure,landscape,50,8,auto,,,,"https://firefly.adobe.com/generate/images?style=photo&seed=42&seed=242&seed=4242&seed=2442&prompt=snow-covered+picnic+tables+in+a+glade+in+the+middle+of+a+snowy+forest%2C+the+trunk+of+a+tree+partially+covers+the+view%2C+gloomy%2C+dark+white+and+gray++&modelInputVersion=v2&aspectRatio=landscape&creativity=8&guideStrength=50&exif={""mode""%3A""auto""}&style=long-time_exposure"
r031917act,"a flashy green tourism city train with yellow stars drawn on it in a road, cars parked on the right side of the road, the left sidewalk has people walking on it, trees and a bench with two people sitting on it, haussmannian buildings in the background  ",134:89,4,5.047240729,7.925489991,0.997,3,3,5,512,1280,768,33,HeunEDMSampler,VanillaCFG,3.884626808,TRUE,49,EulerEDMSampler,IdentityGuider,1.578004752,TRUE,3:4,,widescreen,100,4,manual,16,10,94,"https://firefly.adobe.com/generate/images?style=photo&seed=42&seed=242&seed=4242&seed=2442&prompt=a+flashy+green+tourism+city+train+with+yellow+stars+drawn+on+it+in+a+road%2C+cars+parked+on+the+right+side+of+the+road%2C+the+left+sidewalk+has+people+walking+on+it%2C+trees+and+a+bench+with+two+people+sitting+on+it%2C+haussmannian+buildings+in+the+background++&modelInputVersion=v2&aspectRatio=widescreen&creativity=4&guideStrength=100&exif={""mode""%3A""manual""%2C""details""%3A{""aperture""%3A16%2C""focal_length""%3A94%2C""shutter_speed""%3A10}}"
r03193652t,"close-up of dark purple tulips with large blooms high in the sun, soft-focus, 62mm f/4.8 ",77:51,2,4.805750392,6.031872874,0.998,4,5,1,768,1152,896,50,DPMPP2SAncestralSampler,IdentityGuider,,TRUE,29,EulerEDMSampler,VanillaCFG,,FALSE,1:2,golden_hour,square,50,6,manual,22,1,32,"https://firefly.adobe.com/generate/images?style=photo&seed=42&seed=242&seed=4242&seed=2442&prompt=close-up+of+dark+purple+tulips+with+large+blooms+high+in+the+sun%2C+soft-focus%2C+62mm+f/4.8+&modelInputVersion=v2&aspectRatio=square&creativity=6&guideStrength=50&exif={""mode""%3A""manual""%2C""details""%3A{""aperture""%3A22%2C""focal_length""%3A32%2C""shutter_speed""%3A1}}&style=golden_hour"
r03389e9bt,"photo of a map of Siena train lines on an ocre wall, light reflection in the middle of the map, in the style of transportcore ",77:51,1,8.38863791,8.060752788,0.999,2,0,2,512,704,1344,41,EulerAncestralSampler,VanillaCFG,6.648064009,FALSE,,,,,,2:3,underwater+warm_colors+harsh_light+wide_angle,portrait,50,2,auto,,,,"https://firefly.adobe.com/generate/images?style=photo&seed=42&seed=242&seed=4242&seed=2442&prompt=photo+of+a+map+of+Siena+train+lines+on+an+ocre+wall%2C+light+reflection+in+the+middle+of+the+map%2C+in+the+style+of+transportcore+&modelInputVersion=v2&aspectRatio=portrait&creativity=2&guideStrength=50&exif={""mode""%3A""auto""}&style=underwater&style=warm_colors&style=harsh_light&style=wide_angle"
r033bb79dt,"close-up of a screwdriver on the grass next to two shoots of euphorbia betten, focus on the euphorbia and the grey handle of the screwdriver, bokeh in the background, 105mm f/5.6  ",134:89,3,5.763430691,5.826410023,0.997,1,0,2,768,1088,896,36,LinearMultistepSampler,VanillaCFG,3.605705327,FALSE,,,,,,2:3,product_photo+surreal_lighting,portrait,0,2,auto,,,,"https://firefly.adobe.com/generate/images?style=photo&seed=42&seed=242&seed=4242&seed=2442&prompt=close-up+of+a+screwdriver+on+the+grass+next+to+two+shoots+of+euphorbia+betten%2C+focus+on+the+euphorbia+and+the+grey+handle+of+the+screwdriver%2C+bokeh+in+the+background%2C+105mm+f/5.6++&modelInputVersion=v2&aspectRatio=portrait&creativity=2&guideStrength=0&exif={""mode""%3A""auto""}&style=product_photo&style=surreal_lighting"
r033daaa0t,"a dock on the black lake, a man sits upon it facing the lake, the sun shines through clouds onto the lake, dark forest island in the background ",77:51,4,3.664412733,3.682076509,0.996,3,2,3,512,1344,768,36,HeunEDMSampler,IdentityGuider,,TRUE,35,LinearMultistepSampler,VanillaCFG,,TRUE,16:9,antique_photo+vibrant_colors+shot_from_above,landscape,0,9,manual,1.2,0.0006,174,"https://firefly.adobe.com/generate/images?style=photo&seed=42&seed=242&seed=4242&seed=2442&prompt=a+dock+on+the+black+lake%2C+a+man+sits+upon+it+facing+the+lake%2C+the+sun+shines+through+clouds+onto+the+lake%2C+dark+forest+island+in+the+background+&modelInputVersion=v2&aspectRatio=landscape&creativity=9&guideStrength=0&exif={""mode""%3A""manual""%2C""details""%3A{""aperture""%3A1.2%2C""focal_length""%3A174%2C""shutter_speed""%3A0.0006}}&style=antique_photo&style=vibrant_colors&style=shot_from_above"
r0341853dt,"Lush and rock mountains and a valley reflecting on a light emerald lake, detailed and intricate, 18mm f/9 ",77:51,4,4.515343951,2.88893522,0.999,2,3,3,768,1600,640,40,HeunEDMSampler,IdentityGuider,,TRUE,37,EulerEDMSampler,VanillaCFG,,TRUE,2:1,shot_from_above,square,17,4,auto,,,,"https://firefly.adobe.com/generate/images?style=photo&seed=42&seed=242&seed=4242&seed=2442&prompt=Lush+and+rock+mountains+and+a+valley+reflecting+on+a+light+emerald+lake%2C+detailed+and+intricate%2C+18mm+f/9+&modelInputVersion=v2&aspectRatio=square&creativity=4&guideStrength=17&exif={""mode""%3A""auto""}&style=shot_from_above"
r0342f22ct,"a luminous sign on top of a door on a marble wall, reading ""guardaroba"" and ""checkroom"" ",134:89,3,8.198569331,6.410568091,0.998,2,5,4,768,1216,832,42,HeunEDMSampler,VanillaCFG,3.587502959,TRUE,24,EulerAncestralSampler,VanillaCFG,3.18429138,FALSE,3:2,dark+vibrant_colors+dramatic_light+shallow_depth_of_field,landscape,0,9,manual,8,0.0006,16,"https://firefly.adobe.com/generate/images?style=photo&seed=42&seed=242&seed=4242&seed=2442&prompt=a+luminous+sign+on+top+of+a+door+on+a+marble+wall%2C+reading+""guardaroba""+and+""checkroom""+&modelInputVersion=v2&aspectRatio=landscape&creativity=9&guideStrength=0&exif={""mode""%3A""manual""%2C""details""%3A{""aperture""%3A8%2C""focal_length""%3A16%2C""shutter_speed""%3A0.0006}}&style=dark&style=vibrant_colors&style=dramatic_light&style=shallow_depth_of_field"
r0355b2d5t,"many round blue dining tables, each surrounded by straw chairs with a table chandelier holding lit candles, a curved outdoor roof with lamps, it is night  ",188:125,4,5.308621877,4.776395885,0.996,2,2,5,768,1472,704,46,DPMPP2MSampler,IdentityGuider,,TRUE,42,LinearMultistepSampler,IdentityGuider,,TRUE,4:5,backlighting+wide_angle,square,0,7,auto,,,,"https://firefly.adobe.com/generate/images?style=photo&seed=42&seed=242&seed=4242&seed=2442&prompt=many+round+blue+dining+tables%2C+each+surrounded+by+straw+chairs+with+a+table+chandelier+holding+lit+candles%2C+a+curved+outdoor+roof+with+lamps%2C+it+is+night++&modelInputVersion=v2&aspectRatio=square&creativity=7&guideStrength=0&exif={""mode""%3A""auto""}&style=backlighting&style=wide_angle"
r0356ea60t,"view from a snowy hill with bare trees to an urban landscape of rectangle building districts covered in snow, misty background, in the style of cold and detached atmosphere, 62mm f/8 ",77:51,2,7.338086954,5.406264524,0.996,2,3,1,768,1152,832,38,DPMPP2MSampler,IdentityGuider,,TRUE,40,LinearMultistepSampler,VanillaCFG,,FALSE,2:1,,landscape,100,3,manual,2.8,0.0006,256,"https://firefly.adobe.com/generate/images?style=photo&seed=42&seed=242&seed=4242&seed=2442&prompt=view+from+a+snowy+hill+with+bare+trees+to+an+urban+landscape+of+rectangle+building+districts+covered+in+snow%2C+misty+background%2C+in+the+style+of+cold+and+detached+atmosphere%2C+62mm+f/8+&modelInputVersion=v2&aspectRatio=landscape&creativity=3&guideStrength=100&exif={""mode""%3A""manual""%2C""details""%3A{""aperture""%3A2.8%2C""focal_length""%3A256%2C""shutter_speed""%3A0.0006}}"
r035ef2c2t,"city with buildings and mountains in the background, in the style of tropical transavanguardia, clouded and sunny ",134:89,4,6.882826178,8.703522814,0.999,1,3,2,512,1344,704,47,EulerEDMSampler,VanillaCFG,4.153080578,FALSE,,,,,,5:4,studio_light,landscape,100,7,manual,5.6,0.066,288,"https://firefly.adobe.com/generate/images?style=photo&seed=42&seed=242&seed=4242&seed=2442&prompt=city+with+buildings+and+mountains+in+the+background%2C+in+the+style+of+tropical+transavanguardia%2C+clouded+and+sunny+&modelInputVersion=v2&aspectRatio=landscape&creativity=7&guideStrength=100&exif={""mode""%3A""manual""%2C""details""%3A{""aperture""%3A5.6%2C""focal_length""%3A288%2C""shutter_speed""%3A0.066}}&style=studio_light"
r03640e97t,"view from the interior of a large anciant roman coliseum, irregular structures, eroded interiors, sunrays shine upon it ",134:89,2,4.476286695,6.923819287,0.999,1,2,3,768,1472,704,40,HeunEDMSampler,IdentityGuider,,TRUE,41,EulerAncestralSampler,VanillaCFG,,TRUE,2:3,photographed_through_window,landscape,100,6,manual,2,10,101,"https://firefly.adobe.com/generate/images?style=photo&seed=42&seed=242&seed=4242&seed=2442&prompt=view+from+the+interior+of+a+large+anciant+roman+coliseum%2C+irregular+structures%2C+eroded+interiors%2C+sunrays+shine+upon+it+&modelInputVersion=v2&aspectRatio=landscape&creativity=6&guideStrength=100&exif={""mode""%3A""manual""%2C""details""%3A{""aperture""%3A2%2C""focal_length""%3A101%2C""shutter_speed""%3A10}}&style=photographed_through_window"
r036e2a9at,"view from a hillside of mountains, distant villages in the valley, treetops in the foreground ",134:89,1,7.092579414,4.143699418,0.999,3,2,4,512,896,1088,39,EulerEDMSampler,VanillaCFG,0.5,FALSE,,,,,,16:9,divine+warm_colors,square,50,3,manual,22,0.5,224,"https://firefly.adobe.com/generate/images?style=photo&seed=42&seed=242&seed=4242&seed=2442&prompt=view+from+a+hillside+of+mountains%2C+distant+villages+in+the+valley%2C+treetops+in+the+foreground+&modelInputVersion=v2&aspectRatio=square&creativity=3&guideStrength=50&exif={""mode""%3A""manual""%2C""details""%3A{""aperture""%3A22%2C""focal_length""%3A224%2C""shutter_speed""%3A0.5}}&style=divine&style=warm_colors"
r0372042dt,"statue of a centaur ridden by a baby behind a glass case, in the wall there is a dark painting, in the style of museum ",89:134,3,8.177342571,8.535991286,0.997,4,5,5,512,960,1088,39,DPMPP2SAncestralSampler,VanillaCFG,5.317992719,TRUE,39,DPMPP2MSampler,IdentityGuider,3.699786958,TRUE,1:1,warm_colors,portrait,50,8,auto,,,,"https://firefly.adobe.com/generate/images?style=photo&seed=42&seed=242&seed=4242&seed=2442&prompt=statue+of+a+centaur+ridden+by+a+baby+behind+a+glass+case%2C+in+the+wall+there+is+a+dark+painting%2C+in+the+style+of+museum+&modelInputVersion=v2&aspectRatio=portrait&creativity=8&guideStrength=50&exif={""mode""%3A""auto""}&style=warm_colors"
r037a250ft,orange and white cat sleeping on a brick doorstep in front of an old dark wooden door ,77:51,1,7.938472827,3.977284584,0.997,4,5,0,768,960,1024,45,DPMPP2MSampler,VanillaCFG,7.044250257,TRUE,43,LinearMultistepSampler,VanillaCFG,6.703837285,TRUE,2:1,bokeh+product_photo+long-time_exposure,square,0,5,manual,2.8,0.0006,172,"https://firefly.adobe.com/generate/images?style=photo&seed=42&seed=242&seed=4242&seed=2442&prompt=orange+and+white+cat+sleeping+on+a+brick+doorstep+in+front+of+an+old+dark+wooden+door+&modelInputVersion=v2&aspectRatio=square&creativity=5&guideStrength=0&exif={""mode""%3A""manual""%2C""details""%3A{""aperture""%3A2.8%2C""focal_length""%3A172%2C""shutter_speed""%3A0.0006}}&style=bokeh&style=product_photo&style=long-time_exposure"
r0383e9c3t,"people praying seated on chairs inside a cathedral, tourists walking in the central alley, classical architecture, organic stone carving ",77:51,4,4.591657633,4.551113777,1,3,0,1,512,704,1408,35,HeunEDMSampler,IdentityGuider,,TRUE,41,EulerEDMSampler,VanillaCFG,,FALSE,4:5,isometric+monochromatic,widescreen,0,3,manual,22,0.016,88,"https://firefly.adobe.com/generate/images?style=photo&seed=42&seed=242&seed=4242&seed=2442&prompt=people+praying+seated+on+chairs+inside+a+cathedral%2C+tourists+walking+in+the+central+alley%2C+classical+architecture%2C+organic+stone+carving+&modelInputVersion=v2&aspectRatio=widescreen&creativity=3&guideStrength=0&exif={""mode""%3A""manual""%2C""details""%3A{""aperture""%3A22%2C""focal_length""%3A88%2C""shutter_speed""%3A0.016}}&style=isometric&style=monochromatic"
r038422cft," view from the top of a mountain to the top of a grassy mountain with a large rock on top, a distant valley with villages and another dark misty mountain in the background, in the style of french landscape, naturalistic materials ",77:51,4,3.364591232,8.211928008,0.999,1,9,9,512,832,1216,31,LinearMultistepSampler,IdentityGuider,,FALSE,,,,,,4:5,,landscape,2,7,auto,,,,"https://firefly.adobe.com/generate/images?style=photo&seed=42&seed=242&seed=4242&seed=2442&prompt=view+from+the+top+of+a+mountain+to+the+top+of+a+grassy+mountain+with+a+large+rock+on+top,+a+distant+valley+with+villages+and+another+dark+misty+mountain+in+the+background,+in+the+style+of+french+landscape,+naturalistic+materials+&modelInputVersion=v2&aspectRatio=landscape&creativity=7&guideStrength=2&exif={""mode""%3A""auto""}"
r038922cbt, man-head-shaped bronze doorknob ,51:77,4,8.887954822,6.780178639,0.996,1,3,1,768,704,1408,43,LinearMultistepSampler,VanillaCFG,4.666062381,FALSE,,,,,,16:9,chaotic+gomori_photography+minimalism,widescreen,0,2,auto,,,,"https://firefly.adobe.com/generate/images?style=photo&seed=42&seed=242&seed=4242&seed=2442&prompt=man-head-shaped+bronze+doorknob+&modelInputVersion=v2&aspectRatio=widescreen&creativity=2&guideStrength=0&exif={""mode""%3A""auto""}&style=chaotic&style=gomori_photography&style=minimalism"
r03995a8ct," two people in cow costumes::2 at either side of a banner with a cow drawing, in the style of anthropomorphic animals, street scene, parade, people watching by the sidewalk ",77:51,3,8.959688193,6.283259433,0.998,1,0,2,768,1088,896,36,DPMPP2MSampler,VanillaCFG,4.152850267,TRUE,39,LinearMultistepSampler,VanillaCFG,4.100076315,TRUE,4:5,isometric+backlighting,portrait,85,6,manual,22,0.066,114,"https://firefly.adobe.com/generate/images?style=photo&seed=42&seed=242&seed=4242&seed=2442&prompt=two+people+in+cow+costumes::2+at+either+side+of+a+banner+with+a+cow+drawing,+in+the+style+of+anthropomorphic+animals,+street+scene,+parade,+people+watching+by+the+sidewalk+&modelInputVersion=v2&aspectRatio=portrait&creativity=6&guideStrength=85&exif={""mode""%3A""manual""%2C""details""%3A{""aperture""%3A22%2C""focal_length""%3A114%2C""shutter_speed""%3A0.066}}&style=isometric&style=backlighting"
r039a5ef5t," beige stone buildings with wooden roofs, 2 cars parked below ",77:51,3,5.152931949,8.730027759,0.999,2,2,5,768,1152,896,42,EulerAncestralSampler,IdentityGuider,,TRUE,43,DPMPP2MSampler,IdentityGuider,,TRUE,3:2,photographed_through_window,landscape,0,6,auto,,,,"https://firefly.adobe.com/generate/images?style=photo&seed=42&seed=242&seed=4242&seed=2442&prompt=beige+stone+buildings+with+wooden+roofs,+2+cars+parked+below+&modelInputVersion=v2&aspectRatio=landscape&creativity=6&guideStrength=0&exif={""mode""%3A""auto""}&style=photographed_through_window"
r039a851bt," a white tall baroque building, in the style of baroque chiaroscuro, ornate sculpted facade ",77:51,1,5.825068593,4.042083884,0.997,3,4,2,768,832,1216,41,HeunEDMSampler,VanillaCFG,2.184510395,TRUE,43,LinearMultistepSampler,IdentityGuider,5.911117946,TRUE,4:3,shallow_depth_of_field,landscape,100,10,manual,1.2,1,27,"https://firefly.adobe.com/generate/images?style=photo&seed=42&seed=242&seed=4242&seed=2442&prompt=a+white+tall+baroque+building,+in+the+style+of+baroque+chiaroscuro,+ornate+sculpted+facade+&modelInputVersion=v2&aspectRatio=landscape&creativity=10&guideStrength=100&exif={""mode""%3A""manual""%2C""details""%3A{""aperture""%3A1.2%2C""focal_length""%3A27%2C""shutter_speed""%3A1}}&style=shallow_depth_of_field"
r03aa5df1t," view from the top of an arched doorway with an horizontal metal bar below the arch to a red brick spire with a green roof, blue sky ",77:51,1,4.543613009,3.822455424,0.999,3,4,2,768,896,1088,42,DPMPP2SAncestralSampler,VanillaCFG,5.776639004,TRUE,41,HeunEDMSampler,VanillaCFG,1.17665741,TRUE,1:1,,square,9,3,manual,5.6,0.004,292,"https://firefly.adobe.com/generate/images?style=photo&seed=42&seed=242&seed=4242&seed=2442&prompt=view+from+the+top+of+an+arched+doorway+with+an+horizontal+metal+bar+below+the+arch+to+a+red+brick+spire+with+a+green+roof,+blue+sky+&modelInputVersion=v2&aspectRatio=square&creativity=3&guideStrength=9&exif={""mode""%3A""manual""%2C""details""%3A{""aperture""%3A5.6%2C""focal_length""%3A292%2C""shutter_speed""%3A0.004}}"
r03b0c944t,"wild brown goats grazing in the mountain glade surrounded by yellow trees, in the style of light orange and brown ",51:77,2,2.738629652,6.654590143,0.998,2,9,9,512,1024,960,41,LinearMultistepSampler,VanillaCFG,2.284299364,TRUE,43,EulerAncestralSampler,VanillaCFG,6.058906748,TRUE,3:2,muted,landscape,100,10,manual,2,0.0006,259,"https://firefly.adobe.com/generate/images?style=photo&seed=42&seed=242&seed=4242&seed=2442&prompt=wild+brown+goats+grazing+in+the+mountain+glade+surrounded+by+yellow+trees%2C+in+the+style+of+light+orange+and+brown+&modelInputVersion=v2&aspectRatio=landscape&creativity=10&guideStrength=100&exif={""mode""%3A""manual""%2C""details""%3A{""aperture""%3A2%2C""focal_length""%3A259%2C""shutter_speed""%3A0.0006}}&style=muted"
r03bf5648t,"view to an old wooden bridge over a green river, in the style of french countryside, trees on either side of the river ",77:51,2,4.443069343,8.027381793,0.998,3,1,2,768,1344,704,46,HeunEDMSampler,VanillaCFG,6.385266857,TRUE,46,DPMPP2SAncestralSampler,IdentityGuider,6.080887554,TRUE,3:2,warm_colors,square,65,10,auto,,,,"https://firefly.adobe.com/generate/images?style=photo&seed=42&seed=242&seed=4242&seed=2442&prompt=view+to+an+old+wooden+bridge+over+a+green+river%2C+in+the+style+of+french+countryside%2C+trees+on+either+side+of+the+river+&modelInputVersion=v2&aspectRatio=square&creativity=10&guideStrength=65&exif={""mode""%3A""auto""}&style=warm_colors"
r03c8ddcft," an old man is feeding a flock of seagulls on the stone city river dock in front of a red brick wall, urban environment ",77:51,1,3.908440005,7.107817277,0.996,4,3,3,768,1344,768,37,DPMPP2SAncestralSampler,VanillaCFG,5.795905051,TRUE,35,EulerEDMSampler,VanillaCFG,4.832632287,TRUE,2:1,,landscape,100,10,auto,,,,"https://firefly.adobe.com/generate/images?style=photo&seed=42&seed=242&seed=4242&seed=2442&prompt=an+old+man+is+feeding+a+flock+of+seagulls+on+the+stone+city+river+dock+in+front+of+a+red+brick+wall,+urban+environment+&modelInputVersion=v2&aspectRatio=landscape&creativity=10&guideStrength=100&exif={""mode""%3A""auto""}"
r03cef811t,"a group of santons are located in a store window, children figurines, porcelain, reflections on the window",77:51,4,3.215514592,4.490812942,0.996,2,2,4,768,1152,832,40,EulerEDMSampler,IdentityGuider,,TRUE,39,EulerEDMSampler,VanillaCFG,,FALSE,5:4,cool_colors+multiexposure,landscape,55,3,auto,,,,"https://firefly.adobe.com/generate/images?style=photo&seed=42&seed=242&seed=4242&seed=2442&prompt=a+group+of+santons+are+located+in+a+store+window%2C+children+figurines%2C+porcelain%2C+reflections+on+the+window&modelInputVersion=v2&aspectRatio=landscape&creativity=3&guideStrength=55&exif={""mode""%3A""auto""}&style=cool_colors&style=multiexposure"
r03d2a758t,"strong glare of the sun beaming through the window of a cathedral, in the style of anamorphic lens flare, spiritual meditations, light-focused",77:51,1,4.916857701,3.685543255,0.996,1,9,9,768,1280,768,35,EulerAncestralSampler,VanillaCFG,7.073043048,TRUE,41,LinearMultistepSampler,VanillaCFG,4.62064373,FALSE,9:16,surreal_lighting,landscape,0,2,auto,,,,"https://firefly.adobe.com/generate/images?style=photo&seed=42&seed=242&seed=4242&seed=2442&prompt=strong+glare+of+the+sun+beaming+through+the+window+of+a+cathedral%2C+in+the+style+of+anamorphic+lens+flare%2C+spiritual+meditations%2C+light-focused&modelInputVersion=v2&aspectRatio=landscape&creativity=2&guideStrength=0&exif={""mode""%3A""auto""}&style=surreal_lighting"
r03ed2669t,"a village with a townhouse by a river, in the style of religious building, the building are light yellow and beige clay with grey rooves,  view from the other side of the river, aerial photography",89:134,4,4.981997199,6.575797336,0.998,1,5,4,768,1664,576,49,EulerAncestralSampler,VanillaCFG,6.577031672,FALSE,,,,,,3:2,otherworldly_depiction+long-time_exposure+shallow_depth_of_field,landscape,99,7,manual,1.4,0.004,113,"https://firefly.adobe.com/generate/images?style=photo&seed=42&seed=242&seed=4242&seed=2442&prompt=a+village+with+a+townhouse+by+a+river%2C+in+the+style+of+religious+building%2C+the+building+are+light+yellow+and+beige+clay+with+grey+rooves%2C++view+from+the+other+side+of+the+river%2C+aerial+photography&modelInputVersion=v2&aspectRatio=landscape&creativity=7&guideStrength=99&exif={""mode""%3A""manual""%2C""details""%3A{""aperture""%3A1.4%2C""focal_length""%3A113%2C""shutter_speed""%3A0.004}}&style=otherworldly_depiction&style=long-time_exposure&style=shallow_depth_of_field"
r03f41fdct,"a rough cliff  over the aquamarine sea with blue sky, in the style of serene maritime themes, baroque maritime, clear edge definition",77:51,3,5.167776406,7.185749086,0.996,4,0,0,768,1088,896,36,LinearMultistepSampler,IdentityGuider,,TRUE,40,EulerEDMSampler,VanillaCFG,,TRUE,4:5,long-time_exposure,landscape,0,10,auto,,,,"https://firefly.adobe.com/generate/images?style=photo&seed=42&seed=242&seed=4242&seed=2442&prompt=a+rough+cliff++over+the+aquamarine+sea+with+blue+sky%2C+in+the+style+of+serene+maritime+themes%2C+baroque+maritime%2C+clear+edge+definition&modelInputVersion=v2&aspectRatio=landscape&creativity=10&guideStrength=0&exif={""mode""%3A""auto""}&style=long-time_exposure"
r03f70ccdt,"a white-clad priest with sunglasses handing a small box to a man in black over a barricade, behind the priest are beige stone stairs leading to a religious building, white and beige",89:134,2,5.719685381,3.184285623,1,2,0,0,768,704,1344,40,DPMPP2SAncestralSampler,VanillaCFG,5.815501298,TRUE,42,HeunEDMSampler,VanillaCFG,8.825060257,TRUE,1:2,divine+bokeh+long-time_exposure,portrait,50,10,manual,1.2,0.5,247,"https://firefly.adobe.com/generate/images?style=photo&seed=42&seed=242&seed=4242&seed=2442&prompt=a+white-clad+priest+with+sunglasses+handing+a+small+box+to+a+man+in+black+over+a+barricade%2C+behind+the+priest+are+beige+stone+stairs+leading+to+a+religious+building%2C+white+and+beige&modelInputVersion=v2&aspectRatio=portrait&creativity=10&guideStrength=50&exif={""mode""%3A""manual""%2C""details""%3A{""aperture""%3A1.2%2C""focal_length""%3A247%2C""shutter_speed""%3A0.5}}&style=divine&style=bokeh&style=long-time_exposure"
r0408fe9ft,"a fountain with statues holding an obelisque, in the style of roman architecture, fluid formations, sculptural chaos, monumental building in the background",51:77,1,2.56445777,7.604798118,1,2,5,1,768,960,1088,41,EulerEDMSampler,VanillaCFG,4.271262302,TRUE,43,LinearMultistepSampler,VanillaCFG,3.710814839,TRUE,9:16,macrophotography,landscape,50,10,auto,,,,"https://firefly.adobe.com/generate/images?style=photo&seed=42&seed=242&seed=4242&seed=2442&prompt=a+fountain+with+statues+holding+an+obelisque%2C+in+the+style+of+roman+architecture%2C+fluid+formations%2C+sculptural+chaos%2C+monumental+building+in+the+background&modelInputVersion=v2&aspectRatio=landscape&creativity=10&guideStrength=50&exif={""mode""%3A""auto""}&style=macrophotography"
r040b3002t,"the top of a stone fence behind a field of wheat behind two dark tall trees on the side and mountains in the background, in the style of mountainous vistas",77:51,2,4.604277099,6.108563149,0.998,3,1,1,768,1088,960,42,HeunEDMSampler,VanillaCFG,4.201687666,TRUE,46,EulerAncestralSampler,IdentityGuider,4.143755127,TRUE,16:9,long-time_exposure,landscape,73,6,auto,,,,"https://firefly.adobe.com/generate/images?style=photo&seed=42&seed=242&seed=4242&seed=2442&prompt=the+top+of+a+stone+fence+behind+a+field+of+wheat+behind+two+dark+tall+trees+on+the+side+and+mountains+in+the+background%2C+in+the+style+of+mountainous+vistas&modelInputVersion=v2&aspectRatio=landscape&creativity=6&guideStrength=73&exif={""mode""%3A""auto""}&style=long-time_exposure"
r040bf4a5t,"photo of a yellow and blue leaves paintings over an ocre wood plank, in the style of multi-panel compositions, repetition and pattern, art of tonga, vibrant color blocks, use of fabric",89:134,3,6.226925158,7.244466977,0.999,2,0,1,768,832,1152,47,HeunEDMSampler,VanillaCFG,5.46144218,FALSE,,,,,,1:2,,landscape,0,5,auto,,,,"https://firefly.adobe.com/generate/images?style=photo&seed=42&seed=242&seed=4242&seed=2442&prompt=photo+of+a+yellow+and+blue+leaves+paintings+over+an+ocre+wood+plank%2C+in+the+style+of+multi-panel+compositions%2C+repetition+and+pattern%2C+art+of+tonga%2C+vibrant+color+blocks%2C+use+of+fabric&modelInputVersion=v2&aspectRatio=landscape&creativity=5&guideStrength=0&exif={""mode""%3A""auto""}"
r04108c64t,"people are sitting on aligned benches in the alley of a park, in the style of dusseldorf school of photography, street life scenes, a motorcycle is parked on the alley side, trees are behind the alley",134:89,1,2.771167623,7.768159967,0.995,1,2,2,512,1152,832,42,DPMPP2SAncestralSampler,VanillaCFG,5.123349317,FALSE,,,,,,1:1,gomori_photography+bw+harsh_light,landscape,0,2,auto,,,,"https://firefly.adobe.com/generate/images?style=photo&seed=42&seed=242&seed=4242&seed=2442&prompt=people+are+sitting+on+aligned+benches+in+the+alley+of+a+park%2C+in+the+style+of+dusseldorf+school+of+photography%2C+street+life+scenes%2C+a+motorcycle+is+parked+on+the+alley+side%2C+trees+are+behind+the+alley&modelInputVersion=v2&aspectRatio=landscape&creativity=2&guideStrength=0&exif={""mode""%3A""auto""}&style=gomori_photography&style=bw&style=harsh_light"
r04160d64t,"snow is covering the rooves of tall narrow old stone buildings of various colors, in the style of elaborate facades, rich colours, traditional essence, gloomy metropolises",77:51,1,5.558518641,5.974037273,0.997,4,2,3,768,1344,768,30,EulerEDMSampler,VanillaCFG,10.5481312,TRUE,36,DPMPP2MSampler,IdentityGuider,3.528457482,TRUE,4:3,isometric+multiexposure+landscape_photography,landscape,100,3,manual,2.8,1,190,"https://firefly.adobe.com/generate/images?style=photo&seed=42&seed=242&seed=4242&seed=2442&prompt=snow+is+covering+the+rooves+of+tall+narrow+old+stone+buildings+of+various+colors%2C+in+the+style+of+elaborate+facades%2C+rich+colours%2C+traditional+essence%2C+gloomy+metropolises&modelInputVersion=v2&aspectRatio=landscape&creativity=3&guideStrength=100&exif={""mode""%3A""manual""%2C""details""%3A{""aperture""%3A2.8%2C""focal_length""%3A190%2C""shutter_speed""%3A1}}&style=isometric&style=multiexposure&style=landscape_photography"
r04172edct,"a narrow trail on the grassy mountain with a steep slope, in the style of swiss style, blue sky, monumental scale, rough clusters",51:77,4,5.323010983,3.418817348,0.996,4,0,4,768,1344,704,39,DPMPP2MSampler,VanillaCFG,4.466151127,TRUE,36,EulerAncestralSampler,VanillaCFG,9.276434912,TRUE,1:2,dramatic_light,widescreen,100,2,manual,4,0.125,182,"https://firefly.adobe.com/generate/images?style=photo&seed=42&seed=242&seed=4242&seed=2442&prompt=a+narrow+trail+on+the+grassy+mountain+with+a+steep+slope%2C+in+the+style+of+swiss+style%2C+blue+sky%2C+monumental+scale%2C+rough+clusters&modelInputVersion=v2&aspectRatio=widescreen&creativity=2&guideStrength=100&exif={""mode""%3A""manual""%2C""details""%3A{""aperture""%3A4%2C""focal_length""%3A182%2C""shutter_speed""%3A0.125}}&style=dramatic_light"
r0417f5e3t,"two white buildings with blue rooves and white facades and dark blue wooden window shutters, pots of many small red flowers on the balconies, in the style of festive atmosphere, whistlerian, vibrant colors",77:51,2,5.05742894,3.632933122,0.996,4,3,5,512,1600,640,41,LinearMultistepSampler,VanillaCFG,0.780966843,TRUE,42,EulerEDMSampler,VanillaCFG,4.803877362,TRUE,16:9,isometric+pastel_colors+studio_light,landscape,100,4,auto,,,,"https://firefly.adobe.com/generate/images?style=photo&seed=42&seed=242&seed=4242&seed=2442&prompt=two+white+buildings+with+blue+rooves+and+white+facades+and+dark+blue+wooden+window+shutters%2C+pots+of+many+small+red+flowers+on+the+balconies%2C+in+the+style+of+festive+atmosphere%2C+whistlerian%2C+vibrant+colors&modelInputVersion=v2&aspectRatio=landscape&creativity=4&guideStrength=100&exif={""mode""%3A""auto""}&style=isometric&style=pastel_colors&style=studio_light"
r041c02cat,"two cable lines over the unseen mountains with view to villages in the lush valley and snowy mountains in the background, blue sky with a few clouds and a strong rising sun, in the style of mountainous vistas, white and emerald",77:51,3,5.692123046,3.397746636,0.997,2,0,4,512,1216,832,43,DPMPP2MSampler,VanillaCFG,5.898522637,TRUE,30,EulerAncestralSampler,VanillaCFG,3.588781041,FALSE,1:2,bw+studio_light,widescreen,0,4,manual,5.6,0.125,250,"https://firefly.adobe.com/generate/images?style=photo&seed=42&seed=242&seed=4242&seed=2442&prompt=two+cable+lines+over+the+unseen+mountains+with+view+to+villages+in+the+lush+valley+and+snowy+mountains+in+the+background%2C+blue+sky+with+a+few+clouds+and+a+strong+rising+sun%2C+in+the+style+of+mountainous+vistas%2C+white+and+emerald&modelInputVersion=v2&aspectRatio=widescreen&creativity=4&guideStrength=0&exif={""mode""%3A""manual""%2C""details""%3A{""aperture""%3A5.6%2C""focal_length""%3A250%2C""shutter_speed""%3A0.125}}&style=bw&style=studio_light"
r0428df0ct,side of an ice hockey arena with players on it,134:89,4,7.646420235,5.51105598,0.998,1,0,2,512,1280,768,36,DPMPP2SAncestralSampler,IdentityGuider,,TRUE,35,LinearMultistepSampler,IdentityGuider,,TRUE,1:1,low_lighting+surface_detail,widescreen,50,10,auto,,,,"https://firefly.adobe.com/generate/images?style=photo&seed=42&seed=242&seed=4242&seed=2442&prompt=side+of+an+ice+hockey+arena+with+players+on+it&modelInputVersion=v2&aspectRatio=widescreen&creativity=10&guideStrength=50&exif={""mode""%3A""auto""}&style=low_lighting&style=surface_detail"
r042d5308t,a pile of wood in front of a small window and a bouquet of dried lavender,77:51,1,7.710285922,7.669146205,0.997,2,0,1,512,768,1280,34,HeunEDMSampler,IdentityGuider,,TRUE,37,DPMPP2SAncestralSampler,IdentityGuider,,FALSE,1:1,long-time_exposure,portrait,0,10,manual,1.4,1,75,"https://firefly.adobe.com/generate/images?style=photo&seed=42&seed=242&seed=4242&seed=2442&prompt=a+pile+of+wood+in+front+of+a+small+window+and+a+bouquet+of+dried+lavender&modelInputVersion=v2&aspectRatio=portrait&creativity=10&guideStrength=0&exif={""mode""%3A""manual""%2C""details""%3A{""aperture""%3A1.4%2C""focal_length""%3A75%2C""shutter_speed""%3A1}}&style=long-time_exposure"
r042d7b17t,"mountain tops large and rugged, hikers with red jackets on rocks at the base of the mountain tops, in the style of beigeand gray, three crows looming over the mountain tops",77:51,4,5.332137985,3.129290336,0.995,2,5,2,512,1216,832,43,DPMPP2SAncestralSampler,VanillaCFG,10.031506,FALSE,,,,,,2:3,bw+backlighting+knolling,portrait,0,6,auto,,,,"https://firefly.adobe.com/generate/images?style=photo&seed=42&seed=242&seed=4242&seed=2442&prompt=mountain+tops+large+and+rugged%2C+hikers+with+red+jackets+on+rocks+at+the+base+of+the+mountain+tops%2C+in+the+style+of+beigeand+gray%2C+three+crows+looming+over+the+mountain+tops&modelInputVersion=v2&aspectRatio=portrait&creativity=6&guideStrength=0&exif={""mode""%3A""auto""}&style=bw&style=backlighting&style=knolling"
r04317453t,"close view to the top of a bright yellow large-bricks building angle with arched windows and a grey roof, cloudy sky, in the style of baroque-inspired details",89:134,2,8.506934734,5.807415129,0.999,4,1,2,512,1728,576,37,LinearMultistepSampler,IdentityGuider,,FALSE,,,,,,4:5,,portrait,0,2,manual,8,0.008,188,"https://firefly.adobe.com/generate/images?style=photo&seed=42&seed=242&seed=4242&seed=2442&prompt=close+view+to+the+top+of+a+bright+yellow+large-bricks+building+angle+with+arched+windows+and+a+grey+roof%2C+cloudy+sky%2C+in+the+style+of+baroque-inspired+details&modelInputVersion=v2&aspectRatio=portrait&creativity=2&guideStrength=0&exif={""mode""%3A""manual""%2C""details""%3A{""aperture""%3A8%2C""focal_length""%3A188%2C""shutter_speed""%3A0.008}}"
r0438eb97t,"people walking outside a brick-and-stone building, in the style of italian renaissance, old building, impressive panoramas",77:51,3,3.863073871,7.335934183,0.998,4,2,2,768,1088,896,49,EulerEDMSampler,IdentityGuider,,TRUE,46,DPMPP2SAncestralSampler,VanillaCFG,,FALSE,9:16,muted,portrait,50,9,auto,,,,"https://firefly.adobe.com/generate/images?style=photo&seed=42&seed=242&seed=4242&seed=2442&prompt=people+walking+outside+a+brick-and-stone+building%2C+in+the+style+of+italian+renaissance%2C+old+building%2C+impressive+panoramas&modelInputVersion=v2&aspectRatio=portrait&creativity=9&guideStrength=50&exif={""mode""%3A""auto""}&style=muted"
r043951a3t,"a large room with several types of materials, in the style of viennese actionism, dark yellow and light brown, green-glass-square-tiles flooring, flat losange exhibit hanging over the floor, people looking at the exhibits",51:77,4,6.062055738,8.655923048,0.998,3,1,2,768,1536,640,35,LinearMultistepSampler,VanillaCFG,9.98545636,TRUE,37,LinearMultistepSampler,VanillaCFG,2.748640056,TRUE,1:1,surreal_lighting,landscape,50,8,auto,,,,"https://firefly.adobe.com/generate/images?style=photo&seed=42&seed=242&seed=4242&seed=2442&prompt=a+large+room+with+several+types+of+materials%2C+in+the+style+of+viennese+actionism%2C+dark+yellow+and+light+brown%2C+green-glass-square-tiles+flooring%2C+flat+losange+exhibit+hanging+over+the+floor%2C+people+looking+at+the+exhibits&modelInputVersion=v2&aspectRatio=landscape&creativity=8&guideStrength=50&exif={""mode""%3A""auto""}&style=surreal_lighting"
r04395e54t,"a ceiling decorated with pictures and designs, in the style of fresco paintings, arched doorways, mosaic composition, saturated pigments, colorful muralist",134:89,2,5.305176419,3.87443785,0.998,3,2,2,768,768,1344,41,HeunEDMSampler,IdentityGuider,,FALSE,,,,,,4:3,fisheye+pastel_colors,portrait,0,10,manual,2,0.008,64,"https://firefly.adobe.com/generate/images?style=photo&seed=42&seed=242&seed=4242&seed=2442&prompt=a+ceiling+decorated+with+pictures+and+designs%2C+in+the+style+of+fresco+paintings%2C+arched+doorways%2C+mosaic+composition%2C+saturated+pigments%2C+colorful+muralist&modelInputVersion=v2&aspectRatio=portrait&creativity=10&guideStrength=0&exif={""mode""%3A""manual""%2C""details""%3A{""aperture""%3A2%2C""focal_length""%3A64%2C""shutter_speed""%3A0.008}}&style=fisheye&style=pastel_colors"
r0450c4c0t,"a person wearing a black-and-white feather venice carnival costume, in the style of intricate costumes, impressionistic venice scenes, near a building with sculpted pillars",89:134,1,7.271554667,2.506373568,0.998,1,2,2,768,704,1344,38,HeunEDMSampler,VanillaCFG,5.435056997,TRUE,44,DPMPP2MSampler,IdentityGuider,2.479544231,TRUE,4:3,harsh_light,square,50,5,manual,22,0.016,131,"https://firefly.adobe.com/generate/images?style=photo&seed=42&seed=242&seed=4242&seed=2442&prompt=a+person+wearing+a+black-and-white+feather+venice+carnival+costume%2C+in+the+style+of+intricate+costumes%2C+impressionistic+venice+scenes%2C+near+a+building+with+sculpted+pillars&modelInputVersion=v2&aspectRatio=square&creativity=5&guideStrength=50&exif={""mode""%3A""manual""%2C""details""%3A{""aperture""%3A22%2C""focal_length""%3A131%2C""shutter_speed""%3A0.016}}&style=harsh_light"
r045be2act,"white laundry sheets hanging from the balcony, in the style of italianate flair, colorful buildings, view from below",77:51,1,8.208076042,6.691246687,0.998,3,2,3,512,1472,704,40,DPMPP2SAncestralSampler,IdentityGuider,,TRUE,33,DPMPP2MSampler,IdentityGuider,,TRUE,2:1,otherworldly_depiction+divine+studio_light,landscape,0,6,manual,5.6,0.008,214,"https://firefly.adobe.com/generate/images?style=photo&seed=42&seed=242&seed=4242&seed=2442&prompt=white+laundry+sheets+hanging+from+the+balcony%2C+in+the+style+of+italianate+flair%2C+colorful+buildings%2C+view+from+below&modelInputVersion=v2&aspectRatio=landscape&creativity=6&guideStrength=0&exif={""mode""%3A""manual""%2C""details""%3A{""aperture""%3A5.6%2C""focal_length""%3A214%2C""shutter_speed""%3A0.008}}&style=otherworldly_depiction&style=divine&style=studio_light"
r0465565ct,"rocks growing along the coast before a lush cliff, in the style of italian landscape",51:77,1,6.731082209,5.88906119,0.996,2,5,3,768,1216,832,36,EulerEDMSampler,VanillaCFG,3.112584865,TRUE,39,DPMPP2MSampler,VanillaCFG,3.667598036,TRUE,4:3,divine+product_photo+harsh_light,widescreen,100,6,manual,1.4,0.004,215,"https://firefly.adobe.com/generate/images?style=photo&seed=42&seed=242&seed=4242&seed=2442&prompt=rocks+growing+along+the+coast+before+a+lush+cliff%2C+in+the+style+of+italian+landscape&modelInputVersion=v2&aspectRatio=widescreen&creativity=6&guideStrength=100&exif={""mode""%3A""manual""%2C""details""%3A{""aperture""%3A1.4%2C""focal_length""%3A215%2C""shutter_speed""%3A0.004}}&style=divine&style=product_photo&style=harsh_light"
r046852c1t,"a pine tree on top of a mound, the grass has some snow on it, in the style of swiss style, monumental vistas, snowy mountains in the background",51:77,2,5.568803265,4.3812454,0.998,1,2,3,768,1536,640,41,HeunEDMSampler,VanillaCFG,5.661315757,FALSE,,,,,,2:1,vibrant_colors+low_lighting,portrait,74,5,manual,2.8,10,250,"https://firefly.adobe.com/generate/images?style=photo&seed=42&seed=242&seed=4242&seed=2442&prompt=a+pine+tree+on+top+of+a+mound%2C+the+grass+has+some+snow+on+it%2C+in+the+style+of+swiss+style%2C+monumental+vistas%2C+snowy+mountains+in+the+background&modelInputVersion=v2&aspectRatio=portrait&creativity=5&guideStrength=74&exif={""mode""%3A""manual""%2C""details""%3A{""aperture""%3A2.8%2C""focal_length""%3A250%2C""shutter_speed""%3A10}}&style=vibrant_colors&style=low_lighting"
r047aa954t,"a man looking through a window of a food marketplace, in the style of xmaspunk, lively tableaus, light white and dark pink, romanticized nature, fisheye lens, twisted branches",77:51,4,3.326622564,4.555584233,0.999,3,4,3,512,768,1280,43,EulerAncestralSampler,VanillaCFG,4.150056592,TRUE,25,EulerEDMSampler,VanillaCFG,6.560701302,TRUE,2:1,studio_light+photographed_through_window,square,50,10,manual,4,0.066,216,"https://firefly.adobe.com/generate/images?style=photo&seed=42&seed=242&seed=4242&seed=2442&prompt=a+man+looking+through+a+window+of+a+food+marketplace%2C+in+the+style+of+xmaspunk%2C+lively+tableaus%2C+light+white+and+dark+pink%2C+romanticized+nature%2C+fisheye+lens%2C+twisted+branches&modelInputVersion=v2&aspectRatio=square&creativity=10&guideStrength=50&exif={""mode""%3A""manual""%2C""details""%3A{""aperture""%3A4%2C""focal_length""%3A216%2C""shutter_speed""%3A0.066}}&style=studio_light&style=photographed_through_window"
r04851bf9t,"stair spiral descending to ground floor, large stairs, people walking with motion blur, long exposure",77:51,2,4.678676672,7.392859336,0.997,3,0,3,768,1728,576,40,DPMPP2MSampler,IdentityGuider,,TRUE,31,HeunEDMSampler,VanillaCFG,,TRUE,1:1,,landscape,100,5,manual,1.2,10,44,"https://firefly.adobe.com/generate/images?style=photo&seed=42&seed=242&seed=4242&seed=2442&prompt=stair+spiral+descending+to+ground+floor%2C+large+stairs%2C+people+walking+with+motion+blur%2C+long+exposure&modelInputVersion=v2&aspectRatio=landscape&creativity=5&guideStrength=100&exif={""mode""%3A""manual""%2C""details""%3A{""aperture""%3A1.2%2C""focal_length""%3A44%2C""shutter_speed""%3A10}}"
r0487f5cet,"trees surrounding lake in green forest, in the style of swiss style, gray and aquamarine, hazy landscapes, whistlerian, turquoise and maroon",77:51,3,6.705404849,8.682324113,1,2,2,4,768,1728,576,26,DPMPP2MSampler,VanillaCFG,4.324612154,TRUE,38,EulerEDMSampler,VanillaCFG,7.815352603,FALSE,1:2,,portrait,100,7,manual,5.6,0.125,273,"https://firefly.adobe.com/generate/images?style=photo&seed=42&seed=242&seed=4242&seed=2442&prompt=trees+surrounding+lake+in+green+forest%2C+in+the+style+of+swiss+style%2C+gray+and+aquamarine%2C+hazy+landscapes%2C+whistlerian%2C+turquoise+and+maroon&modelInputVersion=v2&aspectRatio=portrait&creativity=7&guideStrength=100&exif={""mode""%3A""manual""%2C""details""%3A{""aperture""%3A5.6%2C""focal_length""%3A273%2C""shutter_speed""%3A0.125}}"
r048c50d0t,trevi fountain at night,134:89,3,8.141711843,8.179910632,0.996,1,3,4,768,896,1152,27,EulerEDMSampler,VanillaCFG,0.5,FALSE,,,,,,1:2,closeup,square,0,9,manual,4,0.066,32,"https://firefly.adobe.com/generate/images?style=photo&seed=42&seed=242&seed=4242&seed=2442&prompt=trevi+fountain+at+night&modelInputVersion=v2&aspectRatio=square&creativity=9&guideStrength=0&exif={""mode""%3A""manual""%2C""details""%3A{""aperture""%3A4%2C""focal_length""%3A32%2C""shutter_speed""%3A0.066}}&style=closeup"
r04989a70t,a male and a female duck sitting on the grass,77:51,2,5.834299347,6.161245459,0.995,2,3,3,768,1280,768,43,EulerEDMSampler,VanillaCFG,8.115974535,FALSE,,,,,,4:5,otherworldly_depiction+pastel_colors+golden_hour,square,50,8,manual,16,0.125,21,"https://firefly.adobe.com/generate/images?style=photo&seed=42&seed=242&seed=4242&seed=2442&prompt=a+male+and+a+female+duck+sitting+on+the+grass&modelInputVersion=v2&aspectRatio=square&creativity=8&guideStrength=50&exif={""mode""%3A""manual""%2C""details""%3A{""aperture""%3A16%2C""focal_length""%3A21%2C""shutter_speed""%3A0.125}}&style=otherworldly_depiction&style=pastel_colors&style=golden_hour"
r049f471dt,"the louvre garden, white marble statues, haussmannian buildings afar, sunny blue sky",77:51,1,4.39752861,8.926547819,0.997,4,4,2,768,768,1280,46,EulerEDMSampler,IdentityGuider,,TRUE,38,DPMPP2MSampler,VanillaCFG,,TRUE,5:4,dark,portrait,52,8,auto,,,,"https://firefly.adobe.com/generate/images?style=photo&seed=42&seed=242&seed=4242&seed=2442&prompt=the+louvre+garden%2C+white+marble+statues%2C+haussmannian+buildings+afar%2C+sunny+blue+sky&modelInputVersion=v2&aspectRatio=portrait&creativity=8&guideStrength=52&exif={""mode""%3A""auto""}&style=dark"
r04a210b3t,"a soccer game with players in red and yellow, crowd watching the game",134:89,4,3.78177759,8.861935656,0.997,1,0,0,512,960,1024,33,HeunEDMSampler,VanillaCFG,6.417894912,TRUE,39,LinearMultistepSampler,IdentityGuider,8.459047327,FALSE,2:3,,square,54,8,manual,2.8,0.004,127,"https://firefly.adobe.com/generate/images?style=photo&seed=42&seed=242&seed=4242&seed=2442&prompt=a+soccer+game+with+players+in+red+and+yellow%2C+crowd+watching+the+game&modelInputVersion=v2&aspectRatio=square&creativity=8&guideStrength=54&exif={""mode""%3A""manual""%2C""details""%3A{""aperture""%3A2.8%2C""focal_length""%3A127%2C""shutter_speed""%3A0.004}}"
r04aceb4et,"a building with a sculpted stone facade and many protruding windows with banners on the roof, a spire can be seen behind, in the style of dutch golden age",134:89,3,8.650440604,5.732710903,0.999,2,0,0,768,832,1216,44,EulerEDMSampler,VanillaCFG,5.746390651,FALSE,,,,,,3:4,harsh_light,landscape,100,3,manual,22,1,220,"https://firefly.adobe.com/generate/images?style=photo&seed=42&seed=242&seed=4242&seed=2442&prompt=a+building+with+a+sculpted+stone+facade+and+many+protruding+windows+with+banners+on+the+roof%2C+a+spire+can+be+seen+behind%2C+in+the+style+of+dutch+golden+age&modelInputVersion=v2&aspectRatio=landscape&creativity=3&guideStrength=100&exif={""mode""%3A""manual""%2C""details""%3A{""aperture""%3A22%2C""focal_length""%3A220%2C""shutter_speed""%3A1}}&style=harsh_light"
r04b4d5aft,"aerial view of rome from atop the basilica of st peter, in the style of beige and aquamarine",77:51,1,2.95728669,5.70942585,0.999,3,0,4,768,1600,640,42,DPMPP2MSampler,IdentityGuider,,TRUE,40,HeunEDMSampler,VanillaCFG,,TRUE,3:2,harsh_light+photographed_through_window,landscape,100,5,manual,1.4,1,91,"https://firefly.adobe.com/generate/images?style=photo&seed=42&seed=242&seed=4242&seed=2442&prompt=aerial+view+of+rome+from+atop+the+basilica+of+st+peter%2C+in+the+style+of+beige+and+aquamarine&modelInputVersion=v2&aspectRatio=landscape&creativity=5&guideStrength=100&exif={""mode""%3A""manual""%2C""details""%3A{""aperture""%3A1.4%2C""focal_length""%3A91%2C""shutter_speed""%3A1}}&style=harsh_light&style=photographed_through_window"
r04b8473dt,"photo of an explicative panel of a statue, the roman statue is drawn between two columns of text",134:89,4,7.170380944,5.717494132,0.997,1,1,5,768,896,1152,42,DPMPP2MSampler,IdentityGuider,,TRUE,40,DPMPP2SAncestralSampler,IdentityGuider,,TRUE,9:16,,square,0,5,auto,,,,"https://firefly.adobe.com/generate/images?style=photo&seed=42&seed=242&seed=4242&seed=2442&prompt=photo+of+an+explicative+panel+of+a+statue%2C+the+roman+statue+is+drawn+between+two+columns+of+text&modelInputVersion=v2&aspectRatio=square&creativity=5&guideStrength=0&exif={""mode""%3A""auto""}"
r04c11390t,"photo of a biker riding along the side of the road, in the style of tropical landscapes, luminous shadowing",77:51,3,8.533616753,4.691954529,1,2,2,3,512,1472,704,41,HeunEDMSampler,VanillaCFG,7.458702796,TRUE,44,EulerAncestralSampler,VanillaCFG,8.479725967,TRUE,4:3,underwater+long-time_exposure,landscape,100,7,manual,5.6,1,99,"https://firefly.adobe.com/generate/images?style=photo&seed=42&seed=242&seed=4242&seed=2442&prompt=photo+of+a+biker+riding+along+the+side+of+the+road%2C+in+the+style+of+tropical+landscapes%2C+luminous+shadowing&modelInputVersion=v2&aspectRatio=landscape&creativity=7&guideStrength=100&exif={""mode""%3A""manual""%2C""details""%3A{""aperture""%3A5.6%2C""focal_length""%3A99%2C""shutter_speed""%3A1}}&style=underwater&style=long-time_exposure"
r04c566a0t,"a path in a natural forest next to a calm aquamarine lake hidden by trees, in the style of dark aquamarine and brown",77:51,4,6.375823144,7.527286324,0.996,1,3,2,768,960,1088,39,DPMPP2MSampler,IdentityGuider,,FALSE,,,,,,4:3,cool_colors+backlighting,widescreen,0,2,manual,1.2,0.004,211,"https://firefly.adobe.com/generate/images?style=photo&seed=42&seed=242&seed=4242&seed=2442&prompt=a+path+in+a+natural+forest+next+to+a+calm+aquamarine+lake+hidden+by+trees%2C+in+the+style+of+dark+aquamarine+and+brown&modelInputVersion=v2&aspectRatio=widescreen&creativity=2&guideStrength=0&exif={""mode""%3A""manual""%2C""details""%3A{""aperture""%3A1.2%2C""focal_length""%3A211%2C""shutter_speed""%3A0.004}}&style=cool_colors&style=backlighting"
r04cfa379t,light lit outside a restaurant at night,77:51,4,8.865170137,8.583725152,0.995,2,0,2,768,1024,960,47,DPMPP2MSampler,VanillaCFG,4.011585435,TRUE,44,DPMPP2SAncestralSampler,VanillaCFG,4.715710825,TRUE,1:2,warm_colors+studio_light+wide_angle,landscape,100,3,manual,8,0.5,169,"https://firefly.adobe.com/generate/images?style=photo&seed=42&seed=242&seed=4242&seed=2442&prompt=light+lit+outside+a+restaurant+at+night&modelInputVersion=v2&aspectRatio=landscape&creativity=3&guideStrength=100&exif={""mode""%3A""manual""%2C""details""%3A{""aperture""%3A8%2C""focal_length""%3A169%2C""shutter_speed""%3A0.5}}&style=warm_colors&style=studio_light&style=wide_angle"
r04e19833t,"a lake with many large trees and a forest, in the style of italian landscapes, dark emerald and light emerald, captures the essence of nature",77:51,4,3.358186911,6.164654004,0.999,2,4,2,768,768,1344,36,DPMPP2MSampler,VanillaCFG,4.467891406,TRUE,36,LinearMultistepSampler,VanillaCFG,3.458180783,TRUE,9:16,fisheye+muted,portrait,50,10,manual,2.8,0.0006,174,"https://firefly.adobe.com/generate/images?style=photo&seed=42&seed=242&seed=4242&seed=2442&prompt=a+lake+with+many+large+trees+and+a+forest%2C+in+the+style+of+italian+landscapes%2C+dark+emerald+and+light+emerald%2C+captures+the+essence+of+nature&modelInputVersion=v2&aspectRatio=portrait&creativity=10&guideStrength=50&exif={""mode""%3A""manual""%2C""details""%3A{""aperture""%3A2.8%2C""focal_length""%3A174%2C""shutter_speed""%3A0.0006}}&style=fisheye&style=muted"
r04e7644dt,"bronze statue of roman emperor Nerva in rome, via dei fori imperiali, blue sky, viewed from below",89:134,1,3.701216972,2.683727883,0.996,2,5,1,768,960,1088,44,LinearMultistepSampler,IdentityGuider,,TRUE,35,DPMPP2SAncestralSampler,VanillaCFG,,TRUE,5:4,warm_colors+shot_from_below,portrait,100,5,auto,,,,"https://firefly.adobe.com/generate/images?style=photo&seed=42&seed=242&seed=4242&seed=2442&prompt=bronze+statue+of+roman+emperor+Nerva+in+rome%2C+via+dei+fori+imperiali%2C+blue+sky%2C+viewed+from+below&modelInputVersion=v2&aspectRatio=portrait&creativity=5&guideStrength=100&exif={""mode""%3A""auto""}&style=warm_colors&style=shot_from_below"
r04e818bat,"sparse snow on the grass, in the style of mountainous vistas, light sky-blue and green",89:134,3,8.64978083,8.736591581,0.999,4,2,0,768,1216,832,38,HeunEDMSampler,VanillaCFG,6.543758973,TRUE,35,HeunEDMSampler,IdentityGuider,5.340449224,FALSE,3:4,dark+harsh_light+macrophotography,landscape,50,10,manual,16,1,95,"https://firefly.adobe.com/generate/images?style=photo&seed=42&seed=242&seed=4242&seed=2442&prompt=sparse+snow+on+the+grass%2C+in+the+style+of+mountainous+vistas%2C+light+sky-blue+and+green&modelInputVersion=v2&aspectRatio=landscape&creativity=10&guideStrength=50&exif={""mode""%3A""manual""%2C""details""%3A{""aperture""%3A16%2C""focal_length""%3A95%2C""shutter_speed""%3A1}}&style=dark&style=harsh_light&style=macrophotography"
r04eb0d0ft,"a steep mountainside covered with small rocks, in the style of unapologetic grit, lush background",77:51,4,4.408004302,6.153244062,0.996,1,0,0,512,1152,896,47,DPMPP2SAncestralSampler,IdentityGuider,,TRUE,43,EulerAncestralSampler,VanillaCFG,,FALSE,3:2,multiexposure,square,0,7,manual,5.6,0.5,80,"https://firefly.adobe.com/generate/images?style=photo&seed=42&seed=242&seed=4242&seed=2442&prompt=a+steep+mountainside+covered+with+small+rocks%2C+in+the+style+of+unapologetic+grit%2C+lush+background&modelInputVersion=v2&aspectRatio=square&creativity=7&guideStrength=0&exif={""mode""%3A""manual""%2C""details""%3A{""aperture""%3A5.6%2C""focal_length""%3A80%2C""shutter_speed""%3A0.5}}&style=multiexposure"
r04eda41ct,"autumn street with a central island with trees with falling leaves surrounding a small fountain against which a man is standing, car parked in the background, in the style of street art sensibilities",51:77,1,5.450548813,5.050058765,0.997,1,3,1,768,1152,896,39,LinearMultistepSampler,IdentityGuider,,TRUE,32,DPMPP2MSampler,VanillaCFG,,TRUE,4:3,long-time_exposure+shot_from_below,portrait,50,7,auto,,,,"https://firefly.adobe.com/generate/images?style=photo&seed=42&seed=242&seed=4242&seed=2442&prompt=autumn+street+with+a+central+island+with+trees+with+falling+leaves+surrounding+a+small+fountain+against+which+a+man+is+standing%2C+car+parked+in+the+background%2C+in+the+style+of+street+art+sensibilities&modelInputVersion=v2&aspectRatio=portrait&creativity=7&guideStrength=50&exif={""mode""%3A""auto""}&style=long-time_exposure&style=shot_from_below"
r050e1024t,"a white striped cathedral and a steeple for tower, in the style of florentine renaissance, striped arrangements, imposing monumentality, biblical grandeur, dome is behind, light purple and light indigo, clear white sky, wide angle lens",89:134,2,4.638348623,4.603705824,0.998,3,2,0,512,896,1152,40,DPMPP2SAncestralSampler,VanillaCFG,6.047282211,TRUE,27,EulerEDMSampler,VanillaCFG,4.940883421,FALSE,3:4,warm_colors+macrophotography,widescreen,100,10,manual,2,0.0006,153,"https://firefly.adobe.com/generate/images?style=photo&seed=42&seed=242&seed=4242&seed=2442&prompt=a+white+striped+cathedral+and+a+steeple+for+tower%2C+in+the+style+of+florentine+renaissance%2C+striped+arrangements%2C+imposing+monumentality%2C+biblical+grandeur%2C+dome+is+behind%2C+light+purple+and+light+indigo%2C+clear+white+sky%2C+wide+angle+lens&modelInputVersion=v2&aspectRatio=widescreen&creativity=10&guideStrength=100&exif={""mode""%3A""manual""%2C""details""%3A{""aperture""%3A2%2C""focal_length""%3A153%2C""shutter_speed""%3A0.0006}}&style=warm_colors&style=macrophotography"
r0515a051t,"a small lake filled with green water with green lilies, long distance and deep distance, soft pastel sky, mountainous vistas, autumn",77:51,3,3.504271116,8.01578016,0.998,2,9,0,768,1088,896,51,DPMPP2SAncestralSampler,VanillaCFG,2.595399634,TRUE,35,DPMPP2SAncestralSampler,IdentityGuider,0.5,TRUE,9:16,minimalism+dark+warm_colors,square,50,5,auto,,,,"https://firefly.adobe.com/generate/images?style=photo&seed=42&seed=242&seed=4242&seed=2442&prompt=a+small+lake+filled+with+green+water+with+green+lilies%2C+long+distance+and+deep+distance%2C+soft+pastel+sky%2C+mountainous+vistas%2C+autumn&modelInputVersion=v2&aspectRatio=square&creativity=5&guideStrength=50&exif={""mode""%3A""auto""}&style=minimalism&style=dark&style=warm_colors"
r0518cf5dt,"a large antique glass cup sitting on a display, in the style of baroque madness ,harsh lighting, mythological imagery, bronze and beige, flowing forms",77:51,4,3.779970678,7.691682837,0.997,2,0,2,512,896,1088,38,EulerEDMSampler,IdentityGuider,,FALSE,,,,,,1:1,wide_angle,square,0,10,auto,,,,"https://firefly.adobe.com/generate/images?style=photo&seed=42&seed=242&seed=4242&seed=2442&prompt=a+large+antique+glass+cup+sitting+on+a+display%2C+in+the+style+of+baroque+madness+%2Charsh+lighting%2C+mythological+imagery%2C+bronze+and+beige%2C+flowing+forms&modelInputVersion=v2&aspectRatio=square&creativity=10&guideStrength=0&exif={""mode""%3A""auto""}&style=wide_angle"
r05243256t,"ceiling of a building painted with religious scenes with dark orange and white angels on a blue background, in the style of white and light gold, swirling colors",134:89,1,7.682979858,6.404304405,0.999,1,1,2,768,1600,640,47,LinearMultistepSampler,VanillaCFG,3.829124972,TRUE,32,DPMPP2SAncestralSampler,IdentityGuider,1.973668417,TRUE,3:2,vibrant_colors+long-time_exposure,widescreen,0,3,manual,8,1,175,"https://firefly.adobe.com/generate/images?style=photo&seed=42&seed=242&seed=4242&seed=2442&prompt=ceiling+of+a+building+painted+with+religious+scenes+with+dark+orange+and+white+angels+on+a+blue+background%2C+in+the+style+of+white+and+light+gold%2C+swirling+colors&modelInputVersion=v2&aspectRatio=widescreen&creativity=3&guideStrength=0&exif={""mode""%3A""manual""%2C""details""%3A{""aperture""%3A8%2C""focal_length""%3A175%2C""shutter_speed""%3A1}}&style=vibrant_colors&style=long-time_exposure"
r0527f7e6t,"a snow covered field, in the style of traditional craftsmanship, french countryside, solarizing master, cabincore, mountainous vistas",77:51,2,2.533815896,7.719002878,1,3,9,9,512,1088,896,35,EulerEDMSampler,IdentityGuider,,TRUE,49,LinearMultistepSampler,VanillaCFG,,TRUE,9:16,studio_light,widescreen,55,7,auto,,,,"https://firefly.adobe.com/generate/images?style=photo&seed=42&seed=242&seed=4242&seed=2442&prompt=a+snow+covered+field%2C+in+the+style+of+traditional+craftsmanship%2C+french+countryside%2C+solarizing+master%2C+cabincore%2C+mountainous+vistas&modelInputVersion=v2&aspectRatio=widescreen&creativity=7&guideStrength=55&exif={""mode""%3A""auto""}&style=studio_light"
r052df821t,a sign to a tree climbing park against a lush slope and next to a parked car,77:51,2,8.593826797,3.391546637,0.999,3,2,5,768,1280,768,40,DPMPP2MSampler,IdentityGuider,,TRUE,45,EulerEDMSampler,IdentityGuider,,TRUE,5:4,gomori_photography+product_photo+cool_colors+dramatic_light+shot_from_below,portrait,50,6,auto,,,,"https://firefly.adobe.com/generate/images?style=photo&seed=42&seed=242&seed=4242&seed=2442&prompt=a+sign+to+a+tree+climbing+park+against+a+lush+slope+and+next+to+a+parked+car&modelInputVersion=v2&aspectRatio=portrait&creativity=6&guideStrength=50&exif={""mode""%3A""auto""}&style=gomori_photography&style=product_photo&style=cool_colors&style=dramatic_light&style=shot_from_below"
r052e9174t,"a row of brick buildings, in the style of italian landscapes, light yellow and light cyan, light sky-blue and green, mountainous vistas",77:51,4,5.306973889,6.690045949,0.997,2,2,3,768,1024,1024,48,EulerAncestralSampler,IdentityGuider,,TRUE,37,EulerEDMSampler,VanillaCFG,,TRUE,3:2,harsh_light+wide_angle,widescreen,100,7,manual,4,10,233,"https://firefly.adobe.com/generate/images?style=photo&seed=42&seed=242&seed=4242&seed=2442&prompt=a+row+of+brick+buildings%2C+in+the+style+of+italian+landscapes%2C+light+yellow+and+light+cyan%2C+light+sky-blue+and+green%2C+mountainous+vistas&modelInputVersion=v2&aspectRatio=widescreen&creativity=7&guideStrength=100&exif={""mode""%3A""manual""%2C""details""%3A{""aperture""%3A4%2C""focal_length""%3A233%2C""shutter_speed""%3A10}}&style=harsh_light&style=wide_angle"
r053d2196t,"an old man with a red cap playing a red-and-white guitar in front of a fountain, in the style of monumentalism, red and crimson",89:134,2,2.949157755,3.333795095,0.997,3,9,2,768,1024,1024,43,DPMPP2SAncestralSampler,VanillaCFG,3.921743143,FALSE,,,,,,2:1,low_lighting,portrait,50,3,manual,1.2,10,220,"https://firefly.adobe.com/generate/images?style=photo&seed=42&seed=242&seed=4242&seed=2442&prompt=an+old+man+with+a+red+cap+playing+a+red-and-white+guitar+in+front+of+a+fountain%2C+in+the+style+of+monumentalism%2C+red+and+crimson&modelInputVersion=v2&aspectRatio=portrait&creativity=3&guideStrength=50&exif={""mode""%3A""manual""%2C""details""%3A{""aperture""%3A1.2%2C""focal_length""%3A220%2C""shutter_speed""%3A10}}&style=low_lighting"
r05647b9at,"many paddle boats on a lake next to a village with a church, in the style of swiss style, biblical grandeur, captivating skylines",77:51,1,4.789157608,7.12331105,0.996,1,1,4,768,960,1088,47,LinearMultistepSampler,VanillaCFG,4.234991587,TRUE,48,DPMPP2MSampler,VanillaCFG,4.838681864,FALSE,1:2,divine+monochromatic+low_lighting+wide_angle,portrait,0,6,auto,,,,"https://firefly.adobe.com/generate/images?style=photo&seed=42&seed=242&seed=4242&seed=2442&prompt=many+paddle+boats+on+a+lake+next+to+a+village+with+a+church%2C+in+the+style+of+swiss+style%2C+biblical+grandeur%2C+captivating+skylines&modelInputVersion=v2&aspectRatio=portrait&creativity=6&guideStrength=0&exif={""mode""%3A""auto""}&style=divine&style=monochromatic&style=low_lighting&style=wide_angle"
r056c0ee6t,"mountain crest with the house on top of it, light gray and green, organic formations, dark snowy mountains in the background, slightly clouded blue sky",77:51,2,3.235881179,7.287822199,0.997,4,0,3,768,1088,960,45,DPMPP2SAncestralSampler,VanillaCFG,5.523489373,TRUE,36,LinearMultistepSampler,VanillaCFG,1.545435582,TRUE,2:3,cool_colors,square,100,5,auto,,,,"https://firefly.adobe.com/generate/images?style=photo&seed=42&seed=242&seed=4242&seed=2442&prompt=mountain+crest+with+the+house+on+top+of+it%2C+light+gray+and+green%2C+organic+formations%2C+dark+snowy+mountains+in+the+background%2C+slightly+clouded+blue+sky&modelInputVersion=v2&aspectRatio=square&creativity=5&guideStrength=100&exif={""mode""%3A""auto""}&style=cool_colors"
r056d6bebt,"a group of autumn trees with two close houses on the side of a lakem in the style of swiss style, softbox lighting, mountainous vistas, dense mist on top",77:51,1,2.63120126,5.055217321,0.998,2,3,2,768,768,1280,43,EulerEDMSampler,VanillaCFG,3.115150824,FALSE,,,,,,1:2,bokeh+studio_light+wide_angle,widescreen,50,2,manual,5.6,0.066,47,"https://firefly.adobe.com/generate/images?style=photo&seed=42&seed=242&seed=4242&seed=2442&prompt=a+group+of+autumn+trees+with+two+close+houses+on+the+side+of+a+lakem+in+the+style+of+swiss+style%2C+softbox+lighting%2C+mountainous+vistas%2C+dense+mist+on+top&modelInputVersion=v2&aspectRatio=widescreen&creativity=2&guideStrength=50&exif={""mode""%3A""manual""%2C""details""%3A{""aperture""%3A5.6%2C""focal_length""%3A47%2C""shutter_speed""%3A0.066}}&style=bokeh&style=studio_light&style=wide_angle"
r056daad2t,"a walled narrow stone walkway next to an old building, with view on a distant dark valleys with lush prairies and villages, a chain of mountains afar, in the style of italian renaissance revival",77:51,4,4.621165265,4.692756205,0.997,2,5,2,768,1408,704,43,HeunEDMSampler,VanillaCFG,3.166465103,FALSE,,,,,,2:3,muted,widescreen,72,3,auto,,,,"https://firefly.adobe.com/generate/images?style=photo&seed=42&seed=242&seed=4242&seed=2442&prompt=a+walled+narrow+stone+walkway+next+to+an+old+building%2C+with+view+on+a+distant+dark+valleys+with+lush+prairies+and+villages%2C+a+chain+of+mountains+afar%2C+in+the+style+of+italian+renaissance+revival&modelInputVersion=v2&aspectRatio=widescreen&creativity=3&guideStrength=72&exif={""mode""%3A""auto""}&style=muted"
r056f233bt,"the coast of venice viewed from the ocean, waves, in the style of venetian scenes, light emerald and sky-blue, chaotic academia",134:89,3,5.674391259,6.867116298,0.997,3,5,1,512,1216,832,41,DPMPP2SAncestralSampler,IdentityGuider,,FALSE,,,,,,9:16,dark,square,95,8,manual,16,10,207,"https://firefly.adobe.com/generate/images?style=photo&seed=42&seed=242&seed=4242&seed=2442&prompt=the+coast+of+venice+viewed+from+the+ocean%2C+waves%2C+in+the+style+of+venetian+scenes%2C+light+emerald+and+sky-blue%2C+chaotic+academia&modelInputVersion=v2&aspectRatio=square&creativity=8&guideStrength=95&exif={""mode""%3A""manual""%2C""details""%3A{""aperture""%3A16%2C""focal_length""%3A207%2C""shutter_speed""%3A10}}&style=dark"
r05718fd6t,"red terracotta roofs, gloomy metropolises, monumental vistas, light brown and maroon",77:51,1,3.438949303,8.023228591,0.999,1,5,2,768,1664,576,36,HeunEDMSampler,VanillaCFG,2.453492865,TRUE,36,DPMPP2MSampler,VanillaCFG,5.871113071,TRUE,1:1,,widescreen,100,5,auto,,,,"https://firefly.adobe.com/generate/images?style=photo&seed=42&seed=242&seed=4242&seed=2442&prompt=red+terracotta+roofs%2C+gloomy+metropolises%2C+monumental+vistas%2C+light+brown+and+maroon&modelInputVersion=v2&aspectRatio=widescreen&creativity=5&guideStrength=100&exif={""mode""%3A""auto""}"
r057282fet,"an ornate angel plaque carved on the wall, in the style of renaissance chiaroscuro, structural symmetry",77:51,2,2.532956808,7.544580363,0.999,3,1,2,512,1024,960,36,DPMPP2SAncestralSampler,VanillaCFG,5.462529969,FALSE,,,,,,3:4,otherworldly_depiction+gomori_photography+pastel_colors+long-time_exposure+shot_from_below,landscape,50,7,manual,1.2,0.004,149,"https://firefly.adobe.com/generate/images?style=photo&seed=42&seed=242&seed=4242&seed=2442&prompt=an+ornate+angel+plaque+carved+on+the+wall%2C+in+the+style+of+renaissance+chiaroscuro%2C+structural+symmetry&modelInputVersion=v2&aspectRatio=landscape&creativity=7&guideStrength=50&exif={""mode""%3A""manual""%2C""details""%3A{""aperture""%3A1.2%2C""focal_length""%3A149%2C""shutter_speed""%3A0.004}}&style=otherworldly_depiction&style=gomori_photography&style=pastel_colors&style=long-time_exposure&style=shot_from_below"
r05772356t,"cherry blossom trees over a pedestrian street, people sitting on benches below the tree, white flat residential buildings on the side",134:89,1,5.205645149,8.31358998,0.995,3,2,3,512,1408,704,47,DPMPP2MSampler,VanillaCFG,4.327282813,TRUE,33,DPMPP2MSampler,IdentityGuider,4.673638027,FALSE,1:2,closeup,square,2,9,manual,5.6,0.008,18,"https://firefly.adobe.com/generate/images?style=photo&seed=42&seed=242&seed=4242&seed=2442&prompt=cherry+blossom+trees+over+a+pedestrian+street%2C+people+sitting+on+benches+below+the+tree%2C+white+flat+residential+buildings+on+the+side&modelInputVersion=v2&aspectRatio=square&creativity=9&guideStrength=2&exif={""mode""%3A""manual""%2C""details""%3A{""aperture""%3A5.6%2C""focal_length""%3A18%2C""shutter_speed""%3A0.008}}&style=closeup"
r05839451t,"a hill of yellow trees, in the style of norwegian nature, light gray and emerald, calm waters, swiss style, light emerald and orange, italian landscapes",77:51,4,7.202553077,4.575646467,0.995,3,2,3,768,1152,832,43,LinearMultistepSampler,VanillaCFG,4.558900415,TRUE,40,EulerAncestralSampler,VanillaCFG,5.56865787,FALSE,3:2,beautiful+dark+golden_hour,square,0,7,auto,,,,"https://firefly.adobe.com/generate/images?style=photo&seed=42&seed=242&seed=4242&seed=2442&prompt=a+hill+of+yellow+trees%2C+in+the+style+of+norwegian+nature%2C+light+gray+and+emerald%2C+calm+waters%2C+swiss+style%2C+light+emerald+and+orange%2C+italian+landscapes&modelInputVersion=v2&aspectRatio=square&creativity=7&guideStrength=0&exif={""mode""%3A""auto""}&style=beautiful&style=dark&style=golden_hour"
r0589558at,"the museum of the villa borghese is home to a large collection of statues, arched doorways, detailed marine views, american barbizon school, marbleized, wide angle lens, dark beige and gray",77:51,2,5.017741184,2.610324124,0.998,1,0,3,768,896,1152,35,DPMPP2MSampler,IdentityGuider,,FALSE,,,,,,5:4,chaotic+low_lighting,portrait,100,6,auto,,,,"https://firefly.adobe.com/generate/images?style=photo&seed=42&seed=242&seed=4242&seed=2442&prompt=the+museum+of+the+villa+borghese+is+home+to+a+large+collection+of+statues%2C+arched+doorways%2C+detailed+marine+views%2C+american+barbizon+school%2C+marbleized%2C+wide+angle+lens%2C+dark+beige+and+gray&modelInputVersion=v2&aspectRatio=portrait&creativity=6&guideStrength=100&exif={""mode""%3A""auto""}&style=chaotic&style=low_lighting"
r059cae86t,"yellow bus stop sign in front of a building, complex lines, on a pole",89:134,4,7.925489991,7.972891136,0.998,2,0,3,768,960,1024,40,HeunEDMSampler,VanillaCFG,5.847337691,TRUE,40,DPMPP2MSampler,VanillaCFG,4.181329428,TRUE,4:3,misty+warm_colors+dramatic_light,square,0,9,manual,22,0.066,239,"https://firefly.adobe.com/generate/images?style=photo&seed=42&seed=242&seed=4242&seed=2442&prompt=yellow+bus+stop+sign+in+front+of+a+building%2C+complex+lines%2C+on+a+pole&modelInputVersion=v2&aspectRatio=square&creativity=9&guideStrength=0&exif={""mode""%3A""manual""%2C""details""%3A{""aperture""%3A22%2C""focal_length""%3A239%2C""shutter_speed""%3A0.066}}&style=misty&style=warm_colors&style=dramatic_light"
r059ce7d0t,"a shelf, in the style of light yellow and maroon, vintage advertisements, softbox lighting, avian-themed",77:51,2,6.031872874,4.29284439,0.999,4,5,3,768,768,1280,42,EulerEDMSampler,IdentityGuider,,TRUE,38,HeunEDMSampler,VanillaCFG,,TRUE,1:1,,widescreen,0,9,auto,,,,"https://firefly.adobe.com/generate/images?style=photo&seed=42&seed=242&seed=4242&seed=2442&prompt=a+shelf%2C+in+the+style+of+light+yellow+and+maroon%2C+vintage+advertisements%2C+softbox+lighting%2C+avian-themed&modelInputVersion=v2&aspectRatio=widescreen&creativity=9&guideStrength=0&exif={""mode""%3A""auto""}"
r05a7750et,"skylights of an old building, in the style of italian renaissance revival, terracotta, highly-detailed cityscapes, grandios architecture, daguerreian, the sun shines through the glass roof",77:51,2,8.060752788,7.275573021,0.996,2,9,2,768,1216,832,36,DPMPP2MSampler,VanillaCFG,4.533824394,TRUE,44,HeunEDMSampler,VanillaCFG,7.444846438,TRUE,2:3,monochromatic,landscape,50,10,auto,,,,"https://firefly.adobe.com/generate/images?style=photo&seed=42&seed=242&seed=4242&seed=2442&prompt=skylights+of+an+old+building%2C+in+the+style+of+italian+renaissance+revival%2C+terracotta%2C+highly-detailed+cityscapes%2C+grandios+architecture%2C+daguerreian%2C+the+sun+shines+through+the+glass+roof&modelInputVersion=v2&aspectRatio=landscape&creativity=10&guideStrength=50&exif={""mode""%3A""auto""}&style=monochromatic"
r05ac4560t,"residential road with one white building at either side and three adjacent yellow buildings at the end, strong dark shadows, dark mountainous background, mountainous vistas, chiaroscuro, streetscape, secluded settings",134:89,1,5.826410023,7.384424921,0.997,4,0,2,512,1344,768,39,DPMPP2SAncestralSampler,IdentityGuider,,FALSE,,,,,,1:1,underwater+product_photo+surreal_lighting+shallow_depth_of_field,portrait,0,8,manual,22,10,226,"https://firefly.adobe.com/generate/images?style=photo&seed=42&seed=242&seed=4242&seed=2442&prompt=residential+road+with+one+white+building+at+either+side+and+three+adjacent+yellow+buildings+at+the+end%2C+strong+dark+shadows%2C+dark+mountainous+background%2C+mountainous+vistas%2C+chiaroscuro%2C+streetscape%2C+secluded+settings&modelInputVersion=v2&aspectRatio=portrait&creativity=8&guideStrength=0&exif={""mode""%3A""manual""%2C""details""%3A{""aperture""%3A22%2C""focal_length""%3A226%2C""shutter_speed""%3A10}}&style=underwater&style=product_photo&style=surreal_lighting&style=shallow_depth_of_field"
r05bf2f53t,"stained glass window in a cathedral, in the style of classical, historical genre scenes, light red and dark amber, vignettes of paris, colorful figures, gothic undertones",89:134,3,3.682076509,8.741773932,0.998,3,2,2,768,1344,704,43,DPMPP2SAncestralSampler,IdentityGuider,,TRUE,39,HeunEDMSampler,VanillaCFG,,FALSE,3:2,wide_angle,landscape,100,6,manual,22,0.0006,56,"https://firefly.adobe.com/generate/images?style=photo&seed=42&seed=242&seed=4242&seed=2442&prompt=stained+glass+window+in+a+cathedral%2C+in+the+style+of+classical%2C+historical+genre+scenes%2C+light+red+and+dark+amber%2C+vignettes+of+paris%2C+colorful+figures%2C+gothic+undertones&modelInputVersion=v2&aspectRatio=landscape&creativity=6&guideStrength=100&exif={""mode""%3A""manual""%2C""details""%3A{""aperture""%3A22%2C""focal_length""%3A56%2C""shutter_speed""%3A0.0006}}&style=wide_angle"
r05d35656t,"a large rocky mountain looming over a chain of pine trees, in the style of italian landscapes, impressive panoramas, spiky mounds, green and emerald",77:51,4,2.88893522,6.066881047,0.996,1,2,2,768,1664,576,46,DPMPP2SAncestralSampler,VanillaCFG,6.571167926,TRUE,47,HeunEDMSampler,IdentityGuider,8.207489323,TRUE,16:9,pastel_colors+dramatic_light,landscape,0,5,manual,2,0.004,231,"https://firefly.adobe.com/generate/images?style=photo&seed=42&seed=242&seed=4242&seed=2442&prompt=a+large+rocky+mountain+looming+over+a+chain+of+pine+trees%2C+in+the+style+of+italian+landscapes%2C+impressive+panoramas%2C+spiky+mounds%2C+green+and+emerald&modelInputVersion=v2&aspectRatio=landscape&creativity=5&guideStrength=0&exif={""mode""%3A""manual""%2C""details""%3A{""aperture""%3A2%2C""focal_length""%3A231%2C""shutter_speed""%3A0.004}}&style=pastel_colors&style=dramatic_light"
r05d59d7ct,"foggy pine forest in greece photo, in the style of green and amber, norwegian nature, quiet contemplation, rough clusters, psychedelic absurdism, mountainous vistas",51:77,2,6.410568091,6.76721315,0.999,4,3,2,512,1088,960,33,HeunEDMSampler,IdentityGuider,,TRUE,46,HeunEDMSampler,VanillaCFG,,TRUE,4:3,low_lighting,portrait,88,10,manual,1.4,0.004,153,"https://firefly.adobe.com/generate/images?style=photo&seed=42&seed=242&seed=4242&seed=2442&prompt=foggy+pine+forest+in+greece+photo%2C+in+the+style+of+green+and+amber%2C+norwegian+nature%2C+quiet+contemplation%2C+rough+clusters%2C+psychedelic+absurdism%2C+mountainous+vistas&modelInputVersion=v2&aspectRatio=portrait&creativity=10&guideStrength=88&exif={""mode""%3A""manual""%2C""details""%3A{""aperture""%3A1.4%2C""focal_length""%3A153%2C""shutter_speed""%3A0.004}}&style=low_lighting"
r05d9d749t,"two boys smiling posing for a photo portrait in matching uniforms, short hair, childhood arcadias, transavanguardia, shiny eyes, barbizon school, celebration of rural life, soft lighting",188:125,4,4.776395885,7.890669768,0.997,4,2,1,512,960,1088,50,DPMPP2MSampler,VanillaCFG,6.373786427,TRUE,42,DPMPP2SAncestralSampler,IdentityGuider,4.07718618,TRUE,2:1,backlighting,square,50,7,auto,,,,"https://firefly.adobe.com/generate/images?style=photo&seed=42&seed=242&seed=4242&seed=2442&prompt=two+boys+smiling+posing+for+a+photo+portrait+in+matching+uniforms%2C+short+hair%2C+childhood+arcadias%2C+transavanguardia%2C+shiny+eyes%2C+barbizon+school%2C+celebration+of+rural+life%2C+soft+lighting&modelInputVersion=v2&aspectRatio=square&creativity=7&guideStrength=50&exif={""mode""%3A""auto""}&style=backlighting"
r05db7e7ft,"snowy vineyard in the winter, in the style of villagecore, snowy landscape",77:51,3,5.406264524,7.084495514,0.995,2,2,1,512,896,1088,41,HeunEDMSampler,VanillaCFG,3.581294886,TRUE,34,HeunEDMSampler,IdentityGuider,3.253254761,FALSE,4:5,,portrait,23,8,auto,,,,"https://firefly.adobe.com/generate/images?style=photo&seed=42&seed=242&seed=4242&seed=2442&prompt=snowy+vineyard+in+the+winter%2C+in+the+style+of+villagecore%2C+snowy+landscape&modelInputVersion=v2&aspectRatio=portrait&creativity=8&guideStrength=23&exif={""mode""%3A""auto""}"
r05f3f6a5t,"a dark stone bridge over water, in the style of roman art and architecture, panorama",89:134,1,6.923819287,5.201266967,0.997,1,9,2,512,1728,576,39,EulerAncestralSampler,VanillaCFG,10.13870178,TRUE,44,EulerAncestralSampler,VanillaCFG,5.733113292,TRUE,4:3,vibrant_colors+photographed_through_window,widescreen,0,6,manual,8,0.066,259,"https://firefly.adobe.com/generate/images?style=photo&seed=42&seed=242&seed=4242&seed=2442&prompt=a+dark+stone+bridge+over+water%2C+in+the+style+of+roman+art+and+architecture%2C+panorama&modelInputVersion=v2&aspectRatio=widescreen&creativity=6&guideStrength=0&exif={""mode""%3A""manual""%2C""details""%3A{""aperture""%3A8%2C""focal_length""%3A259%2C""shutter_speed""%3A0.066}}&style=vibrant_colors&style=photographed_through_window"
r05f66e6dt,"a rocky mountain peak, view to a lush valley with a glade and a small village, with a snowy mountain afar",77:51,1,4.143699418,4.572825355,0.995,2,2,2,512,1472,704,45,HeunEDMSampler,VanillaCFG,4.172903033,TRUE,39,DPMPP2MSampler,VanillaCFG,5.672897271,FALSE,4:5,,widescreen,100,4,auto,,,,"https://firefly.adobe.com/generate/images?style=photo&seed=42&seed=242&seed=4242&seed=2442&prompt=a+rocky+mountain+peak%2C+view+to+a+lush+valley+with+a+glade+and+a+small+village%2C+with+a+snowy+mountain+afar&modelInputVersion=v2&aspectRatio=widescreen&creativity=4&guideStrength=100&exif={""mode""%3A""auto""}"
r0603031et,"a porcelain diorama of a christmas tree with a nativity scene, in the style of grandiose ruins, dark ocre and green, highly-detailed foliage, eroded interiors",51:77,1,8.535991286,7.561994426,0.997,4,3,4,768,1664,576,55,EulerEDMSampler,VanillaCFG,7.811091334,TRUE,39,EulerEDMSampler,VanillaCFG,6.770681374,FALSE,5:4,,portrait,100,5,auto,,,,"https://firefly.adobe.com/generate/images?style=photo&seed=42&seed=242&seed=4242&seed=2442&prompt=a+porcelain+diorama+of+a+christmas+tree+with+a+nativity+scene%2C+in+the+style+of+grandiose+ruins%2C+dark+ocre+and+green%2C+highly-detailed+foliage%2C+eroded+interiors&modelInputVersion=v2&aspectRatio=portrait&creativity=5&guideStrength=100&exif={""mode""%3A""auto""}"
r061e2ecft,"portrait of two people dressed in venetian costumes with a golden mask covering the eyes and flower bouquet hats and costumes, in the style of venetian carnival, in the style of gold and violet",134:89,1,8.211928008,2.58907887,1,3,5,5,768,1024,1024,40,DPMPP2SAncestralSampler,VanillaCFG,5.222968366,TRUE,49,LinearMultistepSampler,VanillaCFG,2.079669167,FALSE,9:16,grainy_film+golden_hour+shot_from_below,portrait,100,5,manual,1.4,0.0006,80,"https://firefly.adobe.com/generate/images?style=photo&seed=42&seed=242&seed=4242&seed=2442&prompt=portrait+of+two+people+dressed+in+venetian+costumes+with+a+golden+mask+covering+the+eyes+and+flower+bouquet+hats+and+costumes%2C+in+the+style+of+venetian+carnival%2C+in+the+style+of+gold+and+violet&modelInputVersion=v2&aspectRatio=portrait&creativity=5&guideStrength=100&exif={""mode""%3A""manual""%2C""details""%3A{""aperture""%3A1.4%2C""focal_length""%3A80%2C""shutter_speed""%3A0.0006}}&style=grainy_film&style=golden_hour&style=shot_from_below"
r062b9259t,"snow-covered rocks on the rock path, in the style of light amber and azure, italian landscape, white and magenta, harmony with nature",77:51,4,6.780178639,4.960983934,0.998,2,2,4,512,768,1280,39,LinearMultistepSampler,IdentityGuider,,FALSE,,,,,,3:4,,portrait,100,4,manual,2.8,0.5,161,"https://firefly.adobe.com/generate/images?style=photo&seed=42&seed=242&seed=4242&seed=2442&prompt=snow-covered+rocks+on+the+rock+path%2C+in+the+style+of+light+amber+and+azure%2C+italian+landscape%2C+white+and+magenta%2C+harmony+with+nature&modelInputVersion=v2&aspectRatio=portrait&creativity=4&guideStrength=100&exif={""mode""%3A""manual""%2C""details""%3A{""aperture""%3A2.8%2C""focal_length""%3A161%2C""shutter_speed""%3A0.5}}"
r062cab38t,"a photo of a snow trail, footprints and bike trail",134:89,3,6.283259433,5.263567259,0.997,1,2,4,768,1088,960,46,HeunEDMSampler,IdentityGuider,,FALSE,,,,,,3:2,low_lighting+macrophotography,square,50,9,auto,,,,"https://firefly.adobe.com/generate/images?style=photo&seed=42&seed=242&seed=4242&seed=2442&prompt=a+photo+of+a+snow+trail%2C+footprints+and+bike+trail&modelInputVersion=v2&aspectRatio=square&creativity=9&guideStrength=50&exif={""mode""%3A""auto""}&style=low_lighting&style=macrophotography"
r063d8a61t,"view from the interior of a miniature church nativity scene with porcelain figures, in the style of grandiose ruins, barroco",51:77,3,8.730027759,6.527817422,0.997,1,1,2,768,1344,768,42,EulerEDMSampler,IdentityGuider,,TRUE,38,EulerAncestralSampler,VanillaCFG,,TRUE,1:2,,portrait,100,2,auto,,,,"https://firefly.adobe.com/generate/images?style=photo&seed=42&seed=242&seed=4242&seed=2442&prompt=view+from+the+interior+of+a+miniature+church+nativity+scene+with+porcelain+figures%2C+in+the+style+of+grandiose+ruins%2C+barroco&modelInputVersion=v2&aspectRatio=portrait&creativity=2&guideStrength=100&exif={""mode""%3A""auto""}"
r0648cff8t,"photo of  street scene of the calm champs-élysées, sunny day, view from the sidewalk",77:51,1,4.042083884,8.561360603,0.999,4,0,2,768,1344,704,52,HeunEDMSampler,IdentityGuider,,TRUE,48,DPMPP2MSampler,VanillaCFG,,FALSE,3:2,,landscape,0,2,manual,2,1,157,"https://firefly.adobe.com/generate/images?style=photo&seed=42&seed=242&seed=4242&seed=2442&prompt=photo+of++street+scene+of+the+calm+champs-élysées%2C+sunny+day%2C+view+from+the+sidewalk&modelInputVersion=v2&aspectRatio=landscape&creativity=2&guideStrength=0&exif={""mode""%3A""manual""%2C""details""%3A{""aperture""%3A2%2C""focal_length""%3A157%2C""shutter_speed""%3A1}}"
r065472d8t,"a bridge spanning city water, in the style of pre-world war ii school of paris photography, dark white and sky-blue, monumental architecture background",77:51,1,3.822455424,4.324739723,0.998,2,3,2,768,768,1344,33,DPMPP2SAncestralSampler,IdentityGuider,,FALSE,,,,,,1:2,isometric+beautiful+low_lighting,portrait,0,2,auto,,,,"https://firefly.adobe.com/generate/images?style=photo&seed=42&seed=242&seed=4242&seed=2442&prompt=a+bridge+spanning+city+water%2C+in+the+style+of+pre-world+war+ii+school+of+paris+photography%2C+dark+white+and+sky-blue%2C+monumental+architecture+background&modelInputVersion=v2&aspectRatio=portrait&creativity=2&guideStrength=0&exif={""mode""%3A""auto""}&style=isometric&style=beautiful&style=low_lighting"
r065a0da9t,a mountainside with agricultural fields and country houses,134:89,1,6.654590143,3.817776491,1,1,0,2,512,1728,576,39,LinearMultistepSampler,IdentityGuider,,TRUE,35,EulerEDMSampler,VanillaCFG,,TRUE,9:16,dark+harsh_light,portrait,0,7,auto,,,,"https://firefly.adobe.com/generate/images?style=photo&seed=42&seed=242&seed=4242&seed=2442&prompt=a+mountainside+with+agricultural+fields+and+country+houses&modelInputVersion=v2&aspectRatio=portrait&creativity=7&guideStrength=0&exif={""mode""%3A""auto""}&style=dark&style=harsh_light"
r066358d3t,"courtyard in caffi, rome, italy, with old arches, matte photo, beige",77:51,1,8.027381793,5.40348485,0.998,1,0,2,768,832,1152,35,DPMPP2SAncestralSampler,IdentityGuider,,TRUE,34,DPMPP2MSampler,IdentityGuider,,TRUE,3:2,muted+dramatic_light+shot_from_below,portrait,7,2,auto,,,,"https://firefly.adobe.com/generate/images?style=photo&seed=42&seed=242&seed=4242&seed=2442&prompt=courtyard+in+caffi%2C+rome%2C+italy%2C+with+old+arches%2C+matte+photo%2C+beige&modelInputVersion=v2&aspectRatio=portrait&creativity=2&guideStrength=7&exif={""mode""%3A""auto""}&style=muted&style=dramatic_light&style=shot_from_below"
r0667a51ft,"a kitchen full of thrash with a stove top, light yellow and bronze, vignettes of paris, manga-influenced",134:89,3,7.107817277,5.616248488,0.998,4,3,2,512,1664,576,36,EulerAncestralSampler,IdentityGuider,,TRUE,45,LinearMultistepSampler,VanillaCFG,,FALSE,2:1,minimalism+vibrant_colors+backlighting+macrophotography,portrait,0,3,manual,1.2,0.125,256,"https://firefly.adobe.com/generate/images?style=photo&seed=42&seed=242&seed=4242&seed=2442&prompt=a+kitchen+full+of+thrash+with+a+stove+top%2C+light+yellow+and+bronze%2C+vignettes+of+paris%2C+manga-influenced&modelInputVersion=v2&aspectRatio=portrait&creativity=3&guideStrength=0&exif={""mode""%3A""manual""%2C""details""%3A{""aperture""%3A1.2%2C""focal_length""%3A256%2C""shutter_speed""%3A0.125}}&style=minimalism&style=vibrant_colors&style=backlighting&style=macrophotography"
r066b256at,"a man in a white and black costume, in the style of elaborate facades, venice carnival, grandiose color schemes, tall feathers on the hat",89:134,4,3.685543255,5.155982144,0.999,3,4,2,512,704,1344,35,HeunEDMSampler,VanillaCFG,0.5,TRUE,37,EulerAncestralSampler,VanillaCFG,7.429627063,TRUE,1:1,pastel_colors+closeup,landscape,50,7,manual,2.8,0.004,132,"https://firefly.adobe.com/generate/images?style=photo&seed=42&seed=242&seed=4242&seed=2442&prompt=a+man+in+a+white+and+black+costume%2C+in+the+style+of+elaborate+facades%2C+venice+carnival%2C+grandiose+color+schemes%2C+tall+feathers+on+the+hat&modelInputVersion=v2&aspectRatio=landscape&creativity=7&guideStrength=50&exif={""mode""%3A""manual""%2C""details""%3A{""aperture""%3A2.8%2C""focal_length""%3A132%2C""shutter_speed""%3A0.004}}&style=pastel_colors&style=closeup"
r066ef803t,"small branches spanning from a thin tree trunk, covered by lichen, in the wood, in the style of focus on joints/connectionsm selective focus",77:51,2,6.575797336,7.091464148,0.996,2,4,2,768,1088,960,42,EulerAncestralSampler,VanillaCFG,2.465247511,TRUE,33,EulerAncestralSampler,IdentityGuider,0.533802401,FALSE,4:3,otherworldly_depiction+fisheye+bw+golden_hour+surface_detail,portrait,50,2,manual,1.4,0.066,43,"https://firefly.adobe.com/generate/images?style=photo&seed=42&seed=242&seed=4242&seed=2442&prompt=small+branches+spanning+from+a+thin+tree+trunk%2C+covered+by+lichen%2C+in+the+wood%2C+in+the+style+of+focus+on+joints/connectionsm+selective+focus&modelInputVersion=v2&aspectRatio=portrait&creativity=2&guideStrength=50&exif={""mode""%3A""manual""%2C""details""%3A{""aperture""%3A1.4%2C""focal_length""%3A43%2C""shutter_speed""%3A0.066}}&style=otherworldly_depiction&style=fisheye&style=bw&style=golden_hour&style=surface_detail"
r0670f47ft,"a large marble plaque with names and a title, in the style of bibliographic anomalies",89:134,1,7.185749086,2.623907958,0.997,3,3,2,768,1600,640,42,DPMPP2SAncestralSampler,IdentityGuider,,FALSE,,,,,,16:9,,landscape,50,10,auto,,,,"https://firefly.adobe.com/generate/images?style=photo&seed=42&seed=242&seed=4242&seed=2442&prompt=a+large+marble+plaque+with+names+and+a+title%2C+in+the+style+of+bibliographic+anomalies&modelInputVersion=v2&aspectRatio=landscape&creativity=10&guideStrength=50&exif={""mode""%3A""auto""}"
r06743f8ft,"wood ceiling in the room, dark atmosphere, a bright lamp hung over a wooden dining table, deptiction of rural life",51:77,1,3.184285623,6.540225851,1,1,3,1,512,1600,640,42,DPMPP2MSampler,IdentityGuider,,FALSE,,,,,,4:3,bw,portrait,50,3,auto,,,,"https://firefly.adobe.com/generate/images?style=photo&seed=42&seed=242&seed=4242&seed=2442&prompt=wood+ceiling+in+the+room%2C+dark+atmosphere%2C+a+bright+lamp+hung+over+a+wooden+dining+table%2C+deptiction+of+rural+life&modelInputVersion=v2&aspectRatio=portrait&creativity=3&guideStrength=50&exif={""mode""%3A""auto""}&style=bw"
r0676c50at,"photo of a ski resort hotel in a snowy mountainous area, in the style of grocery art, letterboxing, emerald and brown",77:51,3,7.604798118,7.745657017,0.996,1,3,1,768,1536,640,43,EulerEDMSampler,VanillaCFG,4.307036104,TRUE,34,LinearMultistepSampler,VanillaCFG,6.877937698,FALSE,4:5,bw,widescreen,0,8,auto,,,,"https://firefly.adobe.com/generate/images?style=photo&seed=42&seed=242&seed=4242&seed=2442&prompt=photo+of+a+ski+resort+hotel+in+a+snowy+mountainous+area%2C+in+the+style+of+grocery+art%2C+letterboxing%2C+emerald+and+brown&modelInputVersion=v2&aspectRatio=widescreen&creativity=8&guideStrength=0&exif={""mode""%3A""auto""}&style=bw"
r06836fdat,"the field is large with lots of sunflowers, in the style of italian landscapes",77:51,3,6.108563149,5.988254538,1,3,3,2,768,704,1344,43,LinearMultistepSampler,IdentityGuider,,TRUE,42,DPMPP2SAncestralSampler,VanillaCFG,,TRUE,4:3,isometric,portrait,38,4,auto,,,,"https://firefly.adobe.com/generate/images?style=photo&seed=42&seed=242&seed=4242&seed=2442&prompt=the+field+is+large+with+lots+of+sunflowers%2C+in+the+style+of+italian+landscapes&modelInputVersion=v2&aspectRatio=portrait&creativity=4&guideStrength=38&exif={""mode""%3A""auto""}&style=isometric"
r069e346et,"two bees on pink dahlias growing in the garden, in the style of white and light purple, detailed wildlife, organic material",77:51,3,5.974037273,3.301327441,0.997,2,3,1,512,1600,640,35,EulerAncestralSampler,VanillaCFG,3.304956369,TRUE,36,DPMPP2MSampler,VanillaCFG,4.023845005,TRUE,5:4,grainy_film,square,50,5,auto,,,,"https://firefly.adobe.com/generate/images?style=photo&seed=42&seed=242&seed=4242&seed=2442&prompt=two+bees+on+pink+dahlias+growing+in+the+garden%2C+in+the+style+of+white+and+light+purple%2C+detailed+wildlife%2C+organic+material&modelInputVersion=v2&aspectRatio=square&creativity=5&guideStrength=50&exif={""mode""%3A""auto""}&style=grainy_film"
r06a52b7bt,"mountain lake in the alps, a wooden stilt house on the lake, pine tree twigs partially hiding the view, in the style of reflections and mirroring, maroon and turquoise lake, translucent water",77:51,1,3.418817348,3.451057346,0.997,2,1,2,512,1408,704,38,DPMPP2SAncestralSampler,IdentityGuider,,FALSE,,,,,,2:3,backlighting,landscape,50,3,auto,,,,"https://firefly.adobe.com/generate/images?style=photo&seed=42&seed=242&seed=4242&seed=2442&prompt=mountain+lake+in+the+alps%2C+a+wooden+stilt+house+on+the+lake%2C+pine+tree+twigs+partially+hiding+the+view%2C+in+the+style+of+reflections+and+mirroring%2C+maroon+and+turquoise+lake%2C+translucent+water&modelInputVersion=v2&aspectRatio=landscape&creativity=3&guideStrength=50&exif={""mode""%3A""auto""}&style=backlighting"
r06aa7dabt,"water spraying in and out of the hedges, in the style of optical effects",77:51,3,3.632933122,5.397320634,0.999,1,0,2,512,704,1408,37,HeunEDMSampler,IdentityGuider,,TRUE,39,DPMPP2MSampler,VanillaCFG,,TRUE,4:5,golden_hour,portrait,100,2,manual,2.8,0.008,132,"https://firefly.adobe.com/generate/images?style=photo&seed=42&seed=242&seed=4242&seed=2442&prompt=water+spraying+in+and+out+of+the+hedges%2C+in+the+style+of+optical+effects&modelInputVersion=v2&aspectRatio=portrait&creativity=2&guideStrength=100&exif={""mode""%3A""manual""%2C""details""%3A{""aperture""%3A2.8%2C""focal_length""%3A132%2C""shutter_speed""%3A0.008}}&style=golden_hour"
r06b161adt,"a forest of tall thin trees on a sunny day, in the style of norwegian nature",51:77,1,3.397746636,8.500478421,0.998,3,1,2,768,1088,896,40,EulerEDMSampler,IdentityGuider,,FALSE,,,,,,9:16,,square,0,3,manual,2,0.0006,107,"https://firefly.adobe.com/generate/images?style=photo&seed=42&seed=242&seed=4242&seed=2442&prompt=a+forest+of+tall+thin+trees+on+a+sunny+day%2C+in+the+style+of+norwegian+nature&modelInputVersion=v2&aspectRatio=square&creativity=3&guideStrength=0&exif={""mode""%3A""manual""%2C""details""%3A{""aperture""%3A2%2C""focal_length""%3A107%2C""shutter_speed""%3A0.0006}}"
r06b7849at,"a sandy beach area on a shore in front of a lush hill, in the style of light beige, blue and emerald, smooth and shiny",77:51,3,5.51105598,3.206766949,0.997,2,1,2,512,896,1152,41,HeunEDMSampler,IdentityGuider,,FALSE,,,,,,3:2,multiexposure+shallow_depth_of_field,widescreen,100,10,auto,,,,"https://firefly.adobe.com/generate/images?style=photo&seed=42&seed=242&seed=4242&seed=2442&prompt=a+sandy+beach+area+on+a+shore+in+front+of+a+lush+hill%2C+in+the+style+of+light+beige%2C+blue+and+emerald%2C+smooth+and+shiny&modelInputVersion=v2&aspectRatio=widescreen&creativity=10&guideStrength=100&exif={""mode""%3A""auto""}&style=multiexposure&style=shallow_depth_of_field"
r06bfc92at,"a wooden walkway with ramps on the water, distant rocky mountains island in the foggy background, trees on the shore",77:51,3,7.669146205,4.091687334,0.999,1,0,3,512,1344,704,36,HeunEDMSampler,VanillaCFG,3.859165997,FALSE,,,,,,2:1,gomori_photography+multiexposure,square,0,3,auto,,,,"https://firefly.adobe.com/generate/images?style=photo&seed=42&seed=242&seed=4242&seed=2442&prompt=a+wooden+walkway+with+ramps+on+the+water%2C+distant+rocky+mountains+island+in+the+foggy+background%2C+trees+on+the+shore&modelInputVersion=v2&aspectRatio=square&creativity=3&guideStrength=0&exif={""mode""%3A""auto""}&style=gomori_photography&style=multiexposure"
r06c4bcb9t,"a group of goats grazing on the steep mountain, yellow trees, in the style of mountainous vistas",51:77,3,3.129290336,5.133903155,0.997,1,2,3,512,704,1344,39,EulerAncestralSampler,VanillaCFG,9.342152915,FALSE,,,,,,4:5,knolling,widescreen,50,7,manual,8,0.5,151,"https://firefly.adobe.com/generate/images?style=photo&seed=42&seed=242&seed=4242&seed=2442&prompt=a+group+of+goats+grazing+on+the+steep+mountain%2C+yellow+trees%2C+in+the+style+of+mountainous+vistas&modelInputVersion=v2&aspectRatio=widescreen&creativity=7&guideStrength=50&exif={""mode""%3A""manual""%2C""details""%3A{""aperture""%3A8%2C""focal_length""%3A151%2C""shutter_speed""%3A0.5}}&style=knolling"
r06cad2d6t,"a small ramped path leading to a field with trees, there is some snow on the grass, in the style of light gray and light amber, dark yellow and emerald, sunrays shine upon it, mountainous vistas",77:51,1,5.807415129,6.955723753,0.995,2,3,3,512,1408,704,43,LinearMultistepSampler,VanillaCFG,0.5489785215,TRUE,37,EulerAncestralSampler,VanillaCFG,3.720660096,TRUE,2:3,,square,0,10,auto,,,,"https://firefly.adobe.com/generate/images?style=photo&seed=42&seed=242&seed=4242&seed=2442&prompt=a+small+ramped+path+leading+to+a+field+with+trees%2C+there+is+some+snow+on+the+grass%2C+in+the+style+of+light+gray+and+light+amber%2C+dark+yellow+and+emerald%2C+sunrays+shine+upon+it%2C+mountainous+vistas&modelInputVersion=v2&aspectRatio=square&creativity=10&guideStrength=0&exif={""mode""%3A""auto""}"
r06d3ac60t,"antique bronze artifacts in a glass display case, warm light, reflections on the glass, in the style of historical documentation",77:51,4,7.335934183,6.797495302,0.998,3,2,4,512,896,1088,42,HeunEDMSampler,VanillaCFG,4.241542119,TRUE,35,EulerAncestralSampler,VanillaCFG,4.43227666,TRUE,4:5,vibrant_colors+harsh_light,square,0,4,auto,,,,"https://firefly.adobe.com/generate/images?style=photo&seed=42&seed=242&seed=4242&seed=2442&prompt=antique+bronze+artifacts+in+a+glass+display+case%2C+warm+light%2C+reflections+on+the+glass%2C+in+the+style+of+historical+documentation&modelInputVersion=v2&aspectRatio=square&creativity=4&guideStrength=0&exif={""mode""%3A""auto""}&style=vibrant_colors&style=harsh_light"
r06e1a520t,"a carved stone block outdoor with ancient ornate floral carvings, in the style of cyclorama, intricate floral arrangements",134:89,3,8.655923048,8.734479767,0.995,2,3,2,512,1088,960,40,EulerAncestralSampler,VanillaCFG,8.805720977,TRUE,37,LinearMultistepSampler,VanillaCFG,6.456824325,FALSE,2:1,antique_photo+vibrant_colors+multiexposure+landscape_photography,widescreen,70,6,manual,1.2,0.066,139,"https://firefly.adobe.com/generate/images?style=photo&seed=42&seed=242&seed=4242&seed=2442&prompt=a+carved+stone+block+outdoor+with+ancient+ornate+floral+carvings%2C+in+the+style+of+cyclorama%2C+intricate+floral+arrangements&modelInputVersion=v2&aspectRatio=widescreen&creativity=6&guideStrength=70&exif={""mode""%3A""manual""%2C""details""%3A{""aperture""%3A1.2%2C""focal_length""%3A139%2C""shutter_speed""%3A0.066}}&style=antique_photo&style=vibrant_colors&style=multiexposure&style=landscape_photography"
r0701ca45t,snowy mountain crest in a slightly misty blue sky,77:51,4,3.87443785,4.467243569,1,3,5,2,768,896,1088,41,DPMPP2MSampler,VanillaCFG,6.941688534,FALSE,,,,,,9:16,long-time_exposure+surface_detail,widescreen,100,2,auto,,,,"https://firefly.adobe.com/generate/images?style=photo&seed=42&seed=242&seed=4242&seed=2442&prompt=snowy+mountain+crest+in+a+slightly+misty+blue+sky&modelInputVersion=v2&aspectRatio=widescreen&creativity=2&guideStrength=100&exif={""mode""%3A""auto""}&style=long-time_exposure&style=surface_detail"
r0703243bt,"rock formations in the mountains, in the style of light beige and green, a small pine tree is growing alone along the mountain path",51:77,2,2.506373568,8.543872516,0.996,2,2,2,512,1280,768,40,HeunEDMSampler,IdentityGuider,,TRUE,41,HeunEDMSampler,IdentityGuider,,FALSE,16:9,grainy_film+divine+golden_hour+surface_detail,widescreen,50,4,manual,5.6,0.004,113,"https://firefly.adobe.com/generate/images?style=photo&seed=42&seed=242&seed=4242&seed=2442&prompt=rock+formations+in+the+mountains%2C+in+the+style+of+light+beige+and+green%2C+a+small+pine+tree+is+growing+alone+along+the+mountain+path&modelInputVersion=v2&aspectRatio=widescreen&creativity=4&guideStrength=50&exif={""mode""%3A""manual""%2C""details""%3A{""aperture""%3A5.6%2C""focal_length""%3A113%2C""shutter_speed""%3A0.004}}&style=grainy_film&style=divine&style=golden_hour&style=surface_detail"
r070a874ct,"yellow dandelions in a grassy field, dusseldorf school of photography, in the style of light green and yellow",134:89,3,5.88906119,6.238691986,0.997,2,0,2,768,1024,960,31,EulerAncestralSampler,VanillaCFG,4.872986758,TRUE,38,LinearMultistepSampler,VanillaCFG,4.128061412,TRUE,4:5,dark+cool_colors+long-time_exposure,widescreen,0,6,auto,,,,"https://firefly.adobe.com/generate/images?style=photo&seed=42&seed=242&seed=4242&seed=2442&prompt=yellow+dandelions+in+a+grassy+field%2C+dusseldorf+school+of+photography%2C+in+the+style+of+light+green+and+yellow&modelInputVersion=v2&aspectRatio=widescreen&creativity=6&guideStrength=0&exif={""mode""%3A""auto""}&style=dark&style=cool_colors&style=long-time_exposure"
r072421a1t,"a close-up of several pale pink tulips blooming into light, in the style of light beige and white, soft edges, arabesque, early spring",77:51,4,4.3812454,4.139237292,0.999,2,3,3,512,768,1280,33,LinearMultistepSampler,IdentityGuider,,TRUE,43,DPMPP2SAncestralSampler,VanillaCFG,,TRUE,3:4,antique_photo+multiexposure+macrophotography,widescreen,37,10,manual,2.8,0.0006,200,"https://firefly.adobe.com/generate/images?style=photo&seed=42&seed=242&seed=4242&seed=2442&prompt=a+close-up+of+several+pale+pink+tulips+blooming+into+light%2C+in+the+style+of+light+beige+and+white%2C+soft+edges%2C+arabesque%2C+early+spring&modelInputVersion=v2&aspectRatio=widescreen&creativity=10&guideStrength=37&exif={""mode""%3A""manual""%2C""details""%3A{""aperture""%3A2.8%2C""focal_length""%3A200%2C""shutter_speed""%3A0.0006}}&style=antique_photo&style=multiexposure&style=macrophotography"
r072649fdt,"tourists taking pictures in front of a boat, stripes and shapes",89:134,3,4.555584233,7.486450956,0.996,4,2,3,512,1216,832,45,LinearMultistepSampler,IdentityGuider,,FALSE,,,,,,1:1,warm_colors,portrait,0,3,manual,2.8,0.5,181,"https://firefly.adobe.com/generate/images?style=photo&seed=42&seed=242&seed=4242&seed=2442&prompt=tourists+taking+pictures+in+front+of+a+boat%2C+stripes+and+shapes&modelInputVersion=v2&aspectRatio=portrait&creativity=3&guideStrength=0&exif={""mode""%3A""manual""%2C""details""%3A{""aperture""%3A2.8%2C""focal_length""%3A181%2C""shutter_speed""%3A0.5}}&style=warm_colors"
r0744a10et,"front view of a stone church in the city, in the style of medieval and renaissance, light pink brick and amber, italian renaissance revival, swiss styyle, grey stone, christian architecture, a spire with a clock in the background, people walking outside",51:77,2,8.682324113,5.518497783,0.996,2,0,3,768,896,1088,36,EulerEDMSampler,VanillaCFG,3.963376936,TRUE,37,LinearMultistepSampler,IdentityGuider,5.732093692,TRUE,2:1,low_lighting,widescreen,74,10,auto,,,,"https://firefly.adobe.com/generate/images?style=photo&seed=42&seed=242&seed=4242&seed=2442&prompt=front+view+of+a+stone+church+in+the+city%2C+in+the+style+of+medieval+and+renaissance%2C+light+pink+brick+and+amber%2C+italian+renaissance+revival%2C+swiss+styyle%2C+grey+stone%2C+christian+architecture%2C+a+spire+with+a+clock+in+the+background%2C+people+walking+outside&modelInputVersion=v2&aspectRatio=widescreen&creativity=10&guideStrength=74&exif={""mode""%3A""auto""}&style=low_lighting"
r07598392t,"an old grandfather clock hang on a teal wall next to a poster, in the style of modern museum, colorful woodcarvings",51:77,3,8.179910632,2.596517402,0.996,1,2,4,512,1216,832,43,HeunEDMSampler,VanillaCFG,4.35703115,TRUE,37,HeunEDMSampler,VanillaCFG,5.65334205,TRUE,16:9,beautiful+gomori_photography+closeup,widescreen,45,8,auto,,,,"https://firefly.adobe.com/generate/images?style=photo&seed=42&seed=242&seed=4242&seed=2442&prompt=an+old+grandfather+clock+hang+on+a+teal+wall+next+to+a+poster%2C+in+the+style+of+modern+museum%2C+colorful+woodcarvings&modelInputVersion=v2&aspectRatio=widescreen&creativity=8&guideStrength=45&exif={""mode""%3A""auto""}&style=beautiful&style=gomori_photography&style=closeup"
r075baf3ct,"a steep hilly grassy area, autumnal trees in the background, very small stones walls delimits a flat pass along the hill line, a lake at the bottom of the hill, in the style of swiss style, depictions of inclement weather",77:51,2,6.161245459,4.803843602,0.997,3,2,4,768,1728,576,32,EulerAncestralSampler,VanillaCFG,5.500718981,TRUE,33,LinearMultistepSampler,IdentityGuider,3.730936833,TRUE,3:2,vibrant_colors+shot_from_below,landscape,100,7,manual,5.6,10,259,"https://firefly.adobe.com/generate/images?style=photo&seed=42&seed=242&seed=4242&seed=2442&prompt=a+steep+hilly+grassy+area%2C+autumnal+trees+in+the+background%2C+very+small+stones+walls+delimits+a+flat+pass+along+the+hill+line%2C+a+lake+at+the+bottom+of+the+hill%2C+in+the+style+of+swiss+style%2C+depictions+of+inclement+weather&modelInputVersion=v2&aspectRatio=landscape&creativity=7&guideStrength=100&exif={""mode""%3A""manual""%2C""details""%3A{""aperture""%3A5.6%2C""focal_length""%3A259%2C""shutter_speed""%3A10}}&style=vibrant_colors&style=shot_from_below"
r0773471dt,"a helicopter is flying over a meadow with white flowers, lush forest mountain in the background, adventure themed",77:51,3,8.926547819,8.289216219,0.999,4,4,5,768,1152,896,38,DPMPP2SAncestralSampler,VanillaCFG,4.704975336,TRUE,43,DPMPP2SAncestralSampler,VanillaCFG,4.319035752,TRUE,4:5,product_photo+chaotic+bokeh,landscape,100,9,manual,4,0.008,242,"https://firefly.adobe.com/generate/images?style=photo&seed=42&seed=242&seed=4242&seed=2442&prompt=a+helicopter+is+flying+over+a+meadow+with+white+flowers%2C+lush+forest+mountain+in+the+background%2C+adventure+themed&modelInputVersion=v2&aspectRatio=landscape&creativity=9&guideStrength=100&exif={""mode""%3A""manual""%2C""details""%3A{""aperture""%3A4%2C""focal_length""%3A242%2C""shutter_speed""%3A0.008}}&style=product_photo&style=chaotic&style=bokeh"
r077507cat,"a massively crowded dutch downtown, in the style of dutch and flemish, grandiose architecture, people are observing something far away",134:89,3,8.861935656,7.863470952,0.996,2,0,5,512,768,1344,40,EulerEDMSampler,VanillaCFG,7.781533216,FALSE,,,,,,1:1,,portrait,100,8,auto,,,,"https://firefly.adobe.com/generate/images?style=photo&seed=42&seed=242&seed=4242&seed=2442&prompt=a+massively+crowded+dutch+downtown%2C+in+the+style+of+dutch+and+flemish%2C+grandiose+architecture%2C+people+are+observing+something+far+away&modelInputVersion=v2&aspectRatio=portrait&creativity=8&guideStrength=100&exif={""mode""%3A""auto""}"
r079d086et,"a dry hill with little vegetations, small houses far on top on the hill, blue sky, in the style of provencal landscapes",134:89,3,5.70942585,5.811916602,0.999,3,5,5,768,704,1344,45,DPMPP2SAncestralSampler,IdentityGuider,,TRUE,37,EulerAncestralSampler,VanillaCFG,,FALSE,3:2,,portrait,0,6,auto,,,,"https://firefly.adobe.com/generate/images?style=photo&seed=42&seed=242&seed=4242&seed=2442&prompt=a+dry+hill+with+little+vegetations%2C+small+houses+far+on+top+on+the+hill%2C+blue+sky%2C+in+the+style+of+provencal+landscapes&modelInputVersion=v2&aspectRatio=portrait&creativity=6&guideStrength=0&exif={""mode""%3A""auto""}"
r07b99141t,close-up daisies blooming in the field,77:51,3,5.717494132,3.869910953,0.995,3,0,2,768,960,1088,43,DPMPP2MSampler,VanillaCFG,4.46235331,TRUE,44,HeunEDMSampler,IdentityGuider,2.014240253,TRUE,9:16,studio_light,square,31,3,manual,8,0.016,280,"https://firefly.adobe.com/generate/images?style=photo&seed=42&seed=242&seed=4242&seed=2442&prompt=close-up+daisies+blooming+in+the+field&modelInputVersion=v2&aspectRatio=square&creativity=3&guideStrength=31&exif={""mode""%3A""manual""%2C""details""%3A{""aperture""%3A8%2C""focal_length""%3A280%2C""shutter_speed""%3A0.016}}&style=studio_light"
r07c47354t,"stone fountain statues of men playing double horns, the water escapes from the horns mouth, tourists walking by, first floor of a building in the background, in the style of roman art and architecture",77:51,4,4.691954529,4.001392423,0.997,2,0,2,768,1152,832,44,DPMPP2MSampler,VanillaCFG,7.416957826,FALSE,,,,,,16:9,vibrant_colors,square,50,8,auto,,,,"https://firefly.adobe.com/generate/images?style=photo&seed=42&seed=242&seed=4242&seed=2442&prompt=stone+fountain+statues+of+men+playing+double+horns%2C+the+water+escapes+from+the+horns+mouth%2C+tourists+walking+by%2C+first+floor+of+a+building+in+the+background%2C+in+the+style+of+roman+art+and+architecture&modelInputVersion=v2&aspectRatio=square&creativity=8&guideStrength=50&exif={""mode""%3A""auto""}&style=vibrant_colors"
r07c51648t,"brick buildings are in the foreground, in the style of baroque nu-vintage, flemish baroque, telephoto lens, medieval inspiration, urban grittiness",89:134,4,7.527286324,5.69072031,0.997,1,3,3,768,768,1280,43,HeunEDMSampler,VanillaCFG,3.445785285,TRUE,30,DPMPP2SAncestralSampler,VanillaCFG,5.269439675,FALSE,2:3,divine,portrait,100,3,auto,,,,"https://firefly.adobe.com/generate/images?style=photo&seed=42&seed=242&seed=4242&seed=2442&prompt=brick+buildings+are+in+the+foreground%2C+in+the+style+of+baroque+nu-vintage%2C+flemish+baroque%2C+telephoto+lens%2C+medieval+inspiration%2C+urban+grittiness&modelInputVersion=v2&aspectRatio=portrait&creativity=3&guideStrength=100&exif={""mode""%3A""auto""}&style=divine"
r07cf907dt,"a light yellow building with slented wooden roof and light wooden slidings, plants on the balcony, in the style of mountainous background, romanticized",77:51,1,8.583725152,7.199739704,0.998,2,0,3,512,1024,1024,45,HeunEDMSampler,VanillaCFG,2.652136382,TRUE,46,HeunEDMSampler,VanillaCFG,5.089201864,TRUE,1:1,pastel_colors+harsh_light,portrait,100,5,manual,5.6,0.0006,138,"https://firefly.adobe.com/generate/images?style=photo&seed=42&seed=242&seed=4242&seed=2442&prompt=a+light+yellow+building+with+slented+wooden+roof+and+light+wooden+slidings%2C+plants+on+the+balcony%2C+in+the+style+of+mountainous+background%2C+romanticized&modelInputVersion=v2&aspectRatio=portrait&creativity=5&guideStrength=100&exif={""mode""%3A""manual""%2C""details""%3A{""aperture""%3A5.6%2C""focal_length""%3A138%2C""shutter_speed""%3A0.0006}}&style=pastel_colors&style=harsh_light"
r07d13149t,"farmland next to green agricultural field, blue sky, in the style of symmetrical asymettry",77:51,2,2.683727883,4.497474095,0.999,2,1,3,512,1344,768,45,DPMPP2SAncestralSampler,VanillaCFG,3.836073554,TRUE,49,EulerEDMSampler,VanillaCFG,2.457409181,TRUE,1:2,muted+golden_hour,portrait,50,2,manual,16,0.008,46,"https://firefly.adobe.com/generate/images?style=photo&seed=42&seed=242&seed=4242&seed=2442&prompt=farmland+next+to+green+agricultural+field%2C+blue+sky%2C+in+the+style+of+symmetrical+asymettry&modelInputVersion=v2&aspectRatio=portrait&creativity=2&guideStrength=50&exif={""mode""%3A""manual""%2C""details""%3A{""aperture""%3A16%2C""focal_length""%3A46%2C""shutter_speed""%3A0.008}}&style=muted&style=golden_hour"
r07d5eb94t,"a roof covered in bricks, view from above, in the style of dark gray and light bronze, white tiles, industrial fragments, extreme angle",77:51,2,8.736591581,3.304471987,0.999,3,4,3,512,768,1344,42,DPMPP2SAncestralSampler,VanillaCFG,5.658094899,TRUE,44,DPMPP2MSampler,VanillaCFG,5.611442493,FALSE,2:1,grainy_film+pastel_colors,square,23,3,auto,,,,"https://firefly.adobe.com/generate/images?style=photo&seed=42&seed=242&seed=4242&seed=2442&prompt=a+roof+covered+in+bricks%2C+view+from+above%2C+in+the+style+of+dark+gray+and+light+bronze%2C+white+tiles%2C+industrial+fragments%2C+extreme+angle&modelInputVersion=v2&aspectRatio=square&creativity=3&guideStrength=23&exif={""mode""%3A""auto""}&style=grainy_film&style=pastel_colors"
r07db8a54t,"very large tulips in bloom, in the style of soft variations of color, macro zoom, ivory",77:51,4,6.153244062,4.688314099,0.999,4,2,4,768,1728,576,52,DPMPP2SAncestralSampler,IdentityGuider,,TRUE,43,LinearMultistepSampler,VanillaCFG,,TRUE,2:3,warm_colors+wide_angle,landscape,0,6,auto,,,,"https://firefly.adobe.com/generate/images?style=photo&seed=42&seed=242&seed=4242&seed=2442&prompt=very+large+tulips+in+bloom%2C+in+the+style+of+soft+variations+of+color%2C+macro+zoom%2C+ivory&modelInputVersion=v2&aspectRatio=landscape&creativity=6&guideStrength=0&exif={""mode""%3A""auto""}&style=warm_colors&style=wide_angle"
r07dba73ft,"pedestrian cobblestone street full of shops, in the style of swiss style, dark amber and sky-blue, playing with light and shadow, mountainous vistas, light yellow and light green",89:134,4,5.050058765,8.056140804,0.999,3,2,3,768,1728,576,48,HeunEDMSampler,VanillaCFG,5.443099695,TRUE,34,LinearMultistepSampler,IdentityGuider,4.370078301,TRUE,3:2,multiexposure,portrait,20,5,manual,8,0.008,213,"https://firefly.adobe.com/generate/images?style=photo&seed=42&seed=242&seed=4242&seed=2442&prompt=pedestrian+cobblestone+street+full+of+shops%2C+in+the+style+of+swiss+style%2C+dark+amber+and+sky-blue%2C+playing+with+light+and+shadow%2C+mountainous+vistas%2C+light+yellow+and+light+green&modelInputVersion=v2&aspectRatio=portrait&creativity=5&guideStrength=20&exif={""mode""%3A""manual""%2C""details""%3A{""aperture""%3A8%2C""focal_length""%3A213%2C""shutter_speed""%3A0.008}}&style=multiexposure"
r07df029bt,"beurs van berlage, in the style of academic style,  grey sunny sky, people walking by",77:51,1,4.603705824,8.302556153,0.998,3,3,3,512,1600,640,39,LinearMultistepSampler,VanillaCFG,4.000418156,FALSE,,,,,,4:3,bw+backlighting+landscape_photography,widescreen,50,2,manual,4,10,113,"https://firefly.adobe.com/generate/images?style=photo&seed=42&seed=242&seed=4242&seed=2442&prompt=beurs+van+berlage%2C+in+the+style+of+academic+style%2C++grey+sunny+sky%2C+people+walking+by&modelInputVersion=v2&aspectRatio=widescreen&creativity=2&guideStrength=50&exif={""mode""%3A""manual""%2C""details""%3A{""aperture""%3A4%2C""focal_length""%3A113%2C""shutter_speed""%3A10}}&style=bw&style=backlighting&style=landscape_photography"
r07e1e8cbt,"inflatable boats on the water docked near a bridge, in the style of venetian scenes, stilt structure",77:51,1,8.01578016,7.518038171,0.998,2,9,5,512,1024,1024,39,DPMPP2MSampler,VanillaCFG,4.664553596,TRUE,40,HeunEDMSampler,IdentityGuider,7.943317549,TRUE,4:3,backlighting+macrophotography,square,9,2,manual,2.8,0.016,171,"https://firefly.adobe.com/generate/images?style=photo&seed=42&seed=242&seed=4242&seed=2442&prompt=inflatable+boats+on+the+water+docked+near+a+bridge%2C+in+the+style+of+venetian+scenes%2C+stilt+structure&modelInputVersion=v2&aspectRatio=square&creativity=2&guideStrength=9&exif={""mode""%3A""manual""%2C""details""%3A{""aperture""%3A2.8%2C""focal_length""%3A171%2C""shutter_speed""%3A0.016}}&style=backlighting&style=macrophotography"
r07e242b7t,"interior and dome on the ceiling of a golden cathedral, windows on the dome,, in the style of renaissance perspective",77:51,2,7.691682837,6.569379611,0.998,3,4,5,768,768,1280,48,LinearMultistepSampler,IdentityGuider,,TRUE,46,LinearMultistepSampler,IdentityGuider,,TRUE,3:4,surreal_lighting+shot_from_below,widescreen,100,3,manual,2.8,0.008,121,"https://firefly.adobe.com/generate/images?style=photo&seed=42&seed=242&seed=4242&seed=2442&prompt=interior+and+dome+on+the+ceiling+of+a+golden+cathedral%2C+windows+on+the+dome%2C%2C+in+the+style+of+renaissance+perspective&modelInputVersion=v2&aspectRatio=widescreen&creativity=3&guideStrength=100&exif={""mode""%3A""manual""%2C""details""%3A{""aperture""%3A2.8%2C""focal_length""%3A121%2C""shutter_speed""%3A0.008}}&style=surreal_lighting&style=shot_from_below"
r07e35007t,"one window is open on the left side of the room, in the style of gossamer fabrics, tranquil gardenscapes, light amber and bronze, knitted and crocheted",51:77,4,6.404304405,4.998722298,0.997,4,1,4,768,1472,704,33,DPMPP2SAncestralSampler,IdentityGuider,,FALSE,,,,,,1:2,,landscape,46,10,manual,16,0.004,286,"https://firefly.adobe.com/generate/images?style=photo&seed=42&seed=242&seed=4242&seed=2442&prompt=one+window+is+open+on+the+left+side+of+the+room%2C+in+the+style+of+gossamer+fabrics%2C+tranquil+gardenscapes%2C+light+amber+and+bronze%2C+knitted+and+crocheted&modelInputVersion=v2&aspectRatio=landscape&creativity=10&guideStrength=46&exif={""mode""%3A""manual""%2C""details""%3A{""aperture""%3A16%2C""focal_length""%3A286%2C""shutter_speed""%3A0.004}}"
r07e594d6t,"photo of a chalk drawing of jesus on a cross, dark gold and yellow",134:89,2,7.719002878,6.559343982,0.999,3,0,4,512,896,1088,42,EulerEDMSampler,VanillaCFG,6.431946068,TRUE,37,LinearMultistepSampler,VanillaCFG,5.47378108,TRUE,2:3,,square,0,6,manual,1.2,0.066,125,"https://firefly.adobe.com/generate/images?style=photo&seed=42&seed=242&seed=4242&seed=2442&prompt=photo+of+a+chalk+drawing+of+jesus+on+a+cross%2C+dark+gold+and+yellow&modelInputVersion=v2&aspectRatio=square&creativity=6&guideStrength=0&exif={""mode""%3A""manual""%2C""details""%3A{""aperture""%3A1.2%2C""focal_length""%3A125%2C""shutter_speed""%3A0.066}}"
r07f99a1at,"a flag showing a saint on it, in the style of figura serpentinata, humorous tableau, spectacular show of ages, traditional street scenes, velvia, stained glass, transavanguardia",89:134,2,3.333795095,7.864826328,0.995,2,2,4,768,1152,832,43,DPMPP2SAncestralSampler,IdentityGuider,,TRUE,46,EulerAncestralSampler,VanillaCFG,,TRUE,2:1,cool_colors+multiexposure,widescreen,3,9,manual,2,0.008,102,"https://firefly.adobe.com/generate/images?style=photo&seed=42&seed=242&seed=4242&seed=2442&prompt=a+flag+showing+a+saint+on+it%2C+in+the+style+of+figura+serpentinata%2C+humorous+tableau%2C+spectacular+show+of+ages%2C+traditional+street+scenes%2C+velvia%2C+stained+glass%2C+transavanguardia&modelInputVersion=v2&aspectRatio=widescreen&creativity=9&guideStrength=3&exif={""mode""%3A""manual""%2C""details""%3A{""aperture""%3A2%2C""focal_length""%3A102%2C""shutter_speed""%3A0.008}}&style=cool_colors&style=multiexposure"
r07ffdc87t,"a group of teenage girls in fluffy lion costumes are parading through the city and waving their arms, in the style of calm innocent happiness, orange lion facial makeup with moustache",77:51,2,7.12331105,8.181850037,1,3,0,1,768,1024,960,35,HeunEDMSampler,VanillaCFG,4.95456173,FALSE,,,,,,3:2,multiexposure,landscape,100,10,auto,,,,"https://firefly.adobe.com/generate/images?style=photo&seed=42&seed=242&seed=4242&seed=2442&prompt=a+group+of+teenage+girls+in+fluffy+lion+costumes+are+parading+through+the+city+and+waving+their+arms%2C+in+the+style+of+calm+innocent+happiness%2C+orange+lion+facial+makeup+with+moustache&modelInputVersion=v2&aspectRatio=landscape&creativity=10&guideStrength=100&exif={""mode""%3A""auto""}&style=multiexposure"
r081ad6a3t,"a brick wall angle with a clock tower florentine medieval castle, in the style of florence medieval and renaissance, sky-blue and brick-red, eroded walls",77:51,4,4.692756205,7.408517913,0.999,3,0,5,512,1024,960,51,EulerAncestralSampler,IdentityGuider,,FALSE,,,,,,1:1,misty+chaotic+macrophotography,square,50,7,auto,,,,"https://firefly.adobe.com/generate/images?style=photo&seed=42&seed=242&seed=4242&seed=2442&prompt=a+brick+wall+angle+with+a+clock+tower+florentine+medieval+castle%2C+in+the+style+of+florence+medieval+and+renaissance%2C+sky-blue+and+brick-red%2C+eroded+walls&modelInputVersion=v2&aspectRatio=square&creativity=7&guideStrength=50&exif={""mode""%3A""auto""}&style=misty&style=chaotic&style=macrophotography"
r082626aft,"a white child plastic house with a child squatting inside posing for a photo and red window shutters and a blue roofs on the snow next to a bench and behind imposing trees, child-like innocencee, snow scenes",134:89,1,6.867116298,8.804743303,0.998,3,2,4,768,768,1280,35,LinearMultistepSampler,VanillaCFG,5.491216555,TRUE,44,DPMPP2SAncestralSampler,VanillaCFG,4.275971513,TRUE,1:2,multiexposure,widescreen,0,8,manual,16,0.5,127,"https://firefly.adobe.com/generate/images?style=photo&seed=42&seed=242&seed=4242&seed=2442&prompt=a+white+child+plastic+house+with+a+child+squatting+inside+posing+for+a+photo+and+red+window+shutters+and+a+blue+roofs+on+the+snow+next+to+a+bench+and+behind+imposing+trees%2C+child-like+innocencee%2C+snow+scenes&modelInputVersion=v2&aspectRatio=widescreen&creativity=8&guideStrength=0&exif={""mode""%3A""manual""%2C""details""%3A{""aperture""%3A16%2C""focal_length""%3A127%2C""shutter_speed""%3A0.5}}&style=multiexposure"
r08276bf9t,"statue of a man and a woman on the arc de triomphe, in the style of narrative paneling, fine attention to anatomy, arched doorways, muralist",77:51,4,8.023228591,8.579729596,0.997,4,2,4,768,1024,1024,45,EulerAncestralSampler,VanillaCFG,6.254249873,TRUE,40,DPMPP2SAncestralSampler,IdentityGuider,5.296263435,FALSE,1:2,golden_hour,landscape,76,8,auto,,,,"https://firefly.adobe.com/generate/images?style=photo&seed=42&seed=242&seed=4242&seed=2442&prompt=statue+of+a+man+and+a+woman+on+the+arc+de+triomphe%2C+in+the+style+of+narrative+paneling%2C+fine+attention+to+anatomy%2C+arched+doorways%2C+muralist&modelInputVersion=v2&aspectRatio=landscape&creativity=8&guideStrength=76&exif={""mode""%3A""auto""}&style=golden_hour"
r08307e1at,a green grass glade surrounded by trees with lots of foliage,51:77,1,7.544580363,7.226622102,0.999,2,0,4,768,768,1280,32,EulerAncestralSampler,IdentityGuider,,TRUE,43,LinearMultistepSampler,VanillaCFG,,FALSE,4:5,,widescreen,0,4,auto,,,,"https://firefly.adobe.com/generate/images?style=photo&seed=42&seed=242&seed=4242&seed=2442&prompt=a+green+grass+glade+surrounded+by+trees+with+lots+of+foliage&modelInputVersion=v2&aspectRatio=widescreen&creativity=4&guideStrength=0&exif={""mode""%3A""auto""}"
r0833f646t,"heeled red velvet shoes sitting on their shoe box on a wooden floor, light red and dark black, unpolished authenticity",89:134,1,8.31358998,5.790664853,0.997,4,1,4,768,1472,704,41,EulerEDMSampler,IdentityGuider,,TRUE,40,HeunEDMSampler,VanillaCFG,,TRUE,3:2,vibrant_colors+studio_light+knolling,square,50,10,auto,,,,"https://firefly.adobe.com/generate/images?style=photo&seed=42&seed=242&seed=4242&seed=2442&prompt=heeled+red+velvet+shoes+sitting+on+their+shoe+box+on+a+wooden+floor%2C+light+red+and+dark+black%2C+unpolished+authenticity&modelInputVersion=v2&aspectRatio=square&creativity=10&guideStrength=50&exif={""mode""%3A""auto""}&style=vibrant_colors&style=studio_light&style=knolling"
r083b7636t,two hikers hiking up a hill,77:51,3,4.575646467,4.2472462,0.996,3,1,0,768,704,1344,47,DPMPP2MSampler,VanillaCFG,6.726101424,TRUE,39,DPMPP2SAncestralSampler,IdentityGuider,4.555166814,TRUE,2:1,minimalism+bw+low_lighting,portrait,0,8,manual,16,1,15,"https://firefly.adobe.com/generate/images?style=photo&seed=42&seed=242&seed=4242&seed=2442&prompt=two+hikers+hiking+up+a+hill&modelInputVersion=v2&aspectRatio=portrait&creativity=8&guideStrength=0&exif={""mode""%3A""manual""%2C""details""%3A{""aperture""%3A16%2C""focal_length""%3A15%2C""shutter_speed""%3A1}}&style=minimalism&style=bw&style=low_lighting"
r08414c5at,"a white clock tower erect on the street with people walking around in front of a grassy hill, in the style of strong shadows",51:77,1,7.972891136,3.010895395,1,2,3,0,768,896,1088,44,HeunEDMSampler,VanillaCFG,4.232880803,FALSE,,,,,,3:2,bw+long-time_exposure,widescreen,0,8,auto,,,,"https://firefly.adobe.com/generate/images?style=photo&seed=42&seed=242&seed=4242&seed=2442&prompt=a+white+clock+tower+erect+on+the+street+with+people+walking+around+in+front+of+a+grassy+hill%2C+in+the+style+of+strong+shadows&modelInputVersion=v2&aspectRatio=widescreen&creativity=8&guideStrength=0&exif={""mode""%3A""auto""}&style=bw&style=long-time_exposure"
r084889d5t,"farmlands viewed from the side of a road, a forest afar, in the style of light gray and light gold and green",77:51,1,4.29284439,6.397435692,0.997,1,2,4,768,1088,896,41,DPMPP2SAncestralSampler,IdentityGuider,,FALSE,,,,,,1:1,monochromatic,square,72,6,manual,2,1,67,"https://firefly.adobe.com/generate/images?style=photo&seed=42&seed=242&seed=4242&seed=2442&prompt=farmlands+viewed+from+the+side+of+a+road%2C+a+forest+afar%2C+in+the+style+of+light+gray+and+light+gold+and+green&modelInputVersion=v2&aspectRatio=square&creativity=6&guideStrength=72&exif={""mode""%3A""manual""%2C""details""%3A{""aperture""%3A2%2C""focal_length""%3A67%2C""shutter_speed""%3A1}}&style=monochromatic"
r085a5f53t,green hills with lush foliage and a castle in view afar,77:51,2,7.384424921,4.521490974,0.998,2,2,4,768,1280,768,47,HeunEDMSampler,VanillaCFG,8.297900318,FALSE,,,,,,2:1,product_photo+multiexposure+shot_from_below,widescreen,50,10,manual,4,0.5,41,"https://firefly.adobe.com/generate/images?style=photo&seed=42&seed=242&seed=4242&seed=2442&prompt=green+hills+with+lush+foliage+and+a+castle+in+view+afar&modelInputVersion=v2&aspectRatio=widescreen&creativity=10&guideStrength=50&exif={""mode""%3A""manual""%2C""details""%3A{""aperture""%3A4%2C""focal_length""%3A41%2C""shutter_speed""%3A0.5}}&style=product_photo&style=multiexposure&style=shot_from_below"
r08788547t,"chandeliers in front of a gold wall with crimson velvet drapes, in the style of baroque ornate and dramatic compositions, detailed, gold and crimson",77:51,2,6.066881047,3.974328452,0.998,1,2,5,768,1664,576,29,DPMPP2MSampler,IdentityGuider,,FALSE,,,,,,3:4,warm_colors+harsh_light,landscape,50,4,manual,2,0.016,231,"https://firefly.adobe.com/generate/images?style=photo&seed=42&seed=242&seed=4242&seed=2442&prompt=chandeliers+in+front+of+a+gold+wall+with+crimson+velvet+drapes%2C+in+the+style+of+baroque+ornate+and+dramatic+compositions%2C+detailed%2C+gold+and+crimson&modelInputVersion=v2&aspectRatio=landscape&creativity=4&guideStrength=50&exif={""mode""%3A""manual""%2C""details""%3A{""aperture""%3A2%2C""focal_length""%3A231%2C""shutter_speed""%3A0.016}}&style=warm_colors&style=harsh_light"
r087a13a6t,"a road across a field in front of trees with mountains in the far background, in the style of slovenian landscape",77:51,2,6.76721315,4.301001078,0.998,2,2,5,512,832,1216,29,EulerEDMSampler,VanillaCFG,2.032440849,FALSE,,,,,,2:3,cool_colors+golden_hour+shot_from_below,portrait,48,3,manual,16,0.0006,207,"https://firefly.adobe.com/generate/images?style=photo&seed=42&seed=242&seed=4242&seed=2442&prompt=a+road+across+a+field+in+front+of+trees+with+mountains+in+the+far+background%2C+in+the+style+of+slovenian+landscape&modelInputVersion=v2&aspectRatio=portrait&creativity=3&guideStrength=48&exif={""mode""%3A""manual""%2C""details""%3A{""aperture""%3A16%2C""focal_length""%3A207%2C""shutter_speed""%3A0.0006}}&style=cool_colors&style=golden_hour&style=shot_from_below"
r08873591t,"a close-up of light gold grass in the sunlight under a green bokeh background, in the style of naturalist, light gold and green",77:51,1,7.890669768,3.699630435,0.999,4,2,2,768,1408,704,36,LinearMultistepSampler,VanillaCFG,8.317000944,FALSE,,,,,,2:3,pastel_colors+harsh_light+landscape_photography,portrait,13,7,manual,1.4,0.066,65,"https://firefly.adobe.com/generate/images?style=photo&seed=42&seed=242&seed=4242&seed=2442&prompt=a+close-up+of+light+gold+grass+in+the+sunlight+under+a+green+bokeh+background%2C+in+the+style+of+naturalist%2C+light+gold+and+green&modelInputVersion=v2&aspectRatio=portrait&creativity=7&guideStrength=13&exif={""mode""%3A""manual""%2C""details""%3A{""aperture""%3A1.4%2C""focal_length""%3A65%2C""shutter_speed""%3A0.066}}&style=pastel_colors&style=harsh_light&style=landscape_photography"
r088dcebft,"view to a dirt trail to a light green hilltop, a foggy hill in the background, in the style of clouded sky",77:51,3,7.084495514,4.803750276,0.995,4,0,1,768,832,1152,41,DPMPP2MSampler,IdentityGuider,,FALSE,,,,,,9:16,,portrait,0,4,auto,,,,"https://firefly.adobe.com/generate/images?style=photo&seed=42&seed=242&seed=4242&seed=2442&prompt=view+to+a+dirt+trail+to+a+light+green+hilltop%2C+a+foggy+hill+in+the+background%2C+in+the+style+of+clouded+sky&modelInputVersion=v2&aspectRatio=portrait&creativity=4&guideStrength=0&exif={""mode""%3A""auto""}"
r0897d8aat,"a building with a shop on the first floor and an elaborate gold-on-blue sculpture on the facade between two windows, three people passing by in a carriage, in the style of venetian scenes",51:77,1,5.201266967,7.373002182,0.995,4,9,0,512,1024,960,51,DPMPP2MSampler,IdentityGuider,,TRUE,40,LinearMultistepSampler,VanillaCFG,,TRUE,2:3,long-time_exposure,square,50,7,auto,,,,"https://firefly.adobe.com/generate/images?style=photo&seed=42&seed=242&seed=4242&seed=2442&prompt=a+building+with+a+shop+on+the+first+floor+and+an+elaborate+gold-on-blue+sculpture+on+the+facade+between+two+windows%2C+three+people+passing+by+in+a+carriage%2C+in+the+style+of+venetian+scenes&modelInputVersion=v2&aspectRatio=square&creativity=7&guideStrength=50&exif={""mode""%3A""auto""}&style=long-time_exposure"
r08996953t,"a rocky hillside with a wooden house on the cliff, view to a dark lush valley with a river and another hill afar, clouded sky",77:51,1,4.572825355,7.129864235,0.998,3,2,3,768,832,1152,38,EulerEDMSampler,VanillaCFG,3.226192278,FALSE,,,,,,4:3,wide_angle,square,19,5,auto,,,,"https://firefly.adobe.com/generate/images?style=photo&seed=42&seed=242&seed=4242&seed=2442&prompt=a+rocky+hillside+with+a+wooden+house+on+the+cliff%2C+view+to+a+dark+lush+valley+with+a+river+and+another+hill+afar%2C+clouded+sky&modelInputVersion=v2&aspectRatio=square&creativity=5&guideStrength=19&exif={""mode""%3A""auto""}&style=wide_angle"
r089cae91t,"large statues in the fountain, in the style of roman art and architecture, light brown and gray, organic formations, dark white and turquoise",134:89,1,7.561994426,3.226908658,0.999,1,0,0,768,1024,1024,43,LinearMultistepSampler,VanillaCFG,6.91831969,TRUE,46,DPMPP2MSampler,VanillaCFG,8.48343341,TRUE,4:5,vibrant_colors,widescreen,86,4,auto,,,,"https://firefly.adobe.com/generate/images?style=photo&seed=42&seed=242&seed=4242&seed=2442&prompt=large+statues+in+the+fountain%2C+in+the+style+of+roman+art+and+architecture%2C+light+brown+and+gray%2C+organic+formations%2C+dark+white+and+turquoise&modelInputVersion=v2&aspectRatio=widescreen&creativity=4&guideStrength=86&exif={""mode""%3A""auto""}&style=vibrant_colors"
r08abaa78t,"top of a white church with a spire in front of a dark lush snowy mountainside, in the style of gothic architecture, religious building",77:51,1,2.58907887,5.708865961,0.998,3,0,1,768,1280,768,47,DPMPP2SAncestralSampler,IdentityGuider,,TRUE,44,LinearMultistepSampler,VanillaCFG,,TRUE,1:1,isometric+studio_light,landscape,100,10,manual,22,0.004,152,"https://firefly.adobe.com/generate/images?style=photo&seed=42&seed=242&seed=4242&seed=2442&prompt=top+of+a+white+church+with+a+spire+in+front+of+a+dark+lush+snowy+mountainside%2C+in+the+style+of+gothic+architecture%2C+religious+building&modelInputVersion=v2&aspectRatio=landscape&creativity=10&guideStrength=100&exif={""mode""%3A""manual""%2C""details""%3A{""aperture""%3A22%2C""focal_length""%3A152%2C""shutter_speed""%3A0.004}}&style=isometric&style=studio_light"
r08ac875ct,"view from the hillside to a medieval castle tower in a forest, in the style of german landscapes",77:51,3,4.960983934,5.426687525,0.999,4,0,1,768,1728,576,33,HeunEDMSampler,IdentityGuider,,TRUE,37,DPMPP2SAncestralSampler,VanillaCFG,,TRUE,3:4,dramatic_light,portrait,86,4,auto,,,,"https://firefly.adobe.com/generate/images?style=photo&seed=42&seed=242&seed=4242&seed=2442&prompt=view+from+the+hillside+to+a+medieval+castle+tower+in+a+forest%2C+in+the+style+of+german+landscapes&modelInputVersion=v2&aspectRatio=portrait&creativity=4&guideStrength=86&exif={""mode""%3A""auto""}&style=dramatic_light"
r08b04f65t,"a statue of an angel, in the style of realistic blue skies, wide angle lens, asymmetry, dignified poses",51:77,1,5.263567259,3.345736333,0.996,2,2,2,768,704,1408,45,DPMPP2MSampler,VanillaCFG,4.779187372,TRUE,36,DPMPP2MSampler,VanillaCFG,1.224133043,FALSE,4:5,monochromatic,landscape,7,2,manual,4,0.0006,139,"https://firefly.adobe.com/generate/images?style=photo&seed=42&seed=242&seed=4242&seed=2442&prompt=a+statue+of+an+angel%2C+in+the+style+of+realistic+blue+skies%2C+wide+angle+lens%2C+asymmetry%2C+dignified+poses&modelInputVersion=v2&aspectRatio=landscape&creativity=2&guideStrength=7&exif={""mode""%3A""manual""%2C""details""%3A{""aperture""%3A4%2C""focal_length""%3A139%2C""shutter_speed""%3A0.0006}}&style=monochromatic"
r08b41f18t,a branch of pink cherry blossoms hanging down a tree,77:51,3,4.324739723,8.775331857,0.995,3,5,2,768,960,1024,44,EulerEDMSampler,IdentityGuider,,TRUE,30,DPMPP2SAncestralSampler,VanillaCFG,,FALSE,2:3,pastel_colors+golden_hour,landscape,100,10,auto,,,,"https://firefly.adobe.com/generate/images?style=photo&seed=42&seed=242&seed=4242&seed=2442&prompt=a+branch+of+pink+cherry+blossoms+hanging+down+a+tree&modelInputVersion=v2&aspectRatio=landscape&creativity=10&guideStrength=100&exif={""mode""%3A""auto""}&style=pastel_colors&style=golden_hour"
r08c76321t,facade of the roman pantheon at dusk,134:89,2,3.817776491,6.945296423,0.997,1,5,0,768,704,1408,36,EulerEDMSampler,IdentityGuider,,TRUE,45,HeunEDMSampler,IdentityGuider,,TRUE,3:2,backlighting+wide_angle,landscape,50,7,auto,,,,"https://firefly.adobe.com/generate/images?style=photo&seed=42&seed=242&seed=4242&seed=2442&prompt=facade+of+the+roman+pantheon+at+dusk&modelInputVersion=v2&aspectRatio=landscape&creativity=7&guideStrength=50&exif={""mode""%3A""auto""}&style=backlighting&style=wide_angle"
r08cbbab9t,view from the cliff to wild grass and a rocky coast on the aquamarine ocean,77:51,2,5.40348485,8.128224876,1,4,0,2,512,768,1344,43,EulerEDMSampler,IdentityGuider,,TRUE,44,EulerAncestralSampler,IdentityGuider,,TRUE,5:4,monochromatic+studio_light,landscape,0,10,auto,,,,"https://firefly.adobe.com/generate/images?style=photo&seed=42&seed=242&seed=4242&seed=2442&prompt=view+from+the+cliff+to+wild+grass+and+a+rocky+coast+on+the+aquamarine+ocean&modelInputVersion=v2&aspectRatio=landscape&creativity=10&guideStrength=0&exif={""mode""%3A""auto""}&style=monochromatic&style=studio_light"
r08d2b4dat,"the trees are pink near old stone walls and a road with a mountain in the background, in the style of mediterranean landscape",77:51,3,5.616248488,8.11193999,0.997,4,1,2,768,1600,640,44,EulerEDMSampler,IdentityGuider,,TRUE,34,DPMPP2SAncestralSampler,VanillaCFG,,FALSE,5:4,antique_photo+isometric+otherworldly_depiction+warm_colors,landscape,100,3,auto,,,,"https://firefly.adobe.com/generate/images?style=photo&seed=42&seed=242&seed=4242&seed=2442&prompt=the+trees+are+pink+near+old+stone+walls+and+a+road+with+a+mountain+in+the+background%2C+in+the+style+of+mediterranean+landscape&modelInputVersion=v2&aspectRatio=landscape&creativity=3&guideStrength=100&exif={""mode""%3A""auto""}&style=antique_photo&style=isometric&style=otherworldly_depiction&style=warm_colors"
r08d9a0cet,a crowd is on the sidewalks looking at a carnival carriage parade in the shape of a roman building,134:89,2,5.155982144,6.35199865,0.999,1,5,3,768,1536,640,45,DPMPP2SAncestralSampler,IdentityGuider,,FALSE,,,,,,5:4,chaotic+cool_colors+surreal_lighting,square,100,8,manual,22,0.125,247,"https://firefly.adobe.com/generate/images?style=photo&seed=42&seed=242&seed=4242&seed=2442&prompt=a+crowd+is+on+the+sidewalks+looking+at+a+carnival+carriage+parade+in+the+shape+of+a+roman+building&modelInputVersion=v2&aspectRatio=square&creativity=8&guideStrength=100&exif={""mode""%3A""manual""%2C""details""%3A{""aperture""%3A22%2C""focal_length""%3A247%2C""shutter_speed""%3A0.125}}&style=chaotic&style=cool_colors&style=surreal_lighting"
r08df6903t,brown and white oblong ski resort building with snow on top of it,77:51,3,7.091464148,3.955515659,0.997,2,2,3,768,704,1344,30,EulerAncestralSampler,VanillaCFG,7.051436247,TRUE,42,EulerAncestralSampler,VanillaCFG,7.490703442,FALSE,4:3,studio_light,square,50,5,manual,1.4,0.5,130,"https://firefly.adobe.com/generate/images?style=photo&seed=42&seed=242&seed=4242&seed=2442&prompt=brown+and+white+oblong+ski+resort+building+with+snow+on+top+of+it&modelInputVersion=v2&aspectRatio=square&creativity=5&guideStrength=50&exif={""mode""%3A""manual""%2C""details""%3A{""aperture""%3A1.4%2C""focal_length""%3A130%2C""shutter_speed""%3A0.5}}&style=studio_light"
r08f2d4c6t,"statues on a fountain with a crowd of tourists passing by, white tall building covering the background, in the style of roman architecture",77:51,4,2.623907958,5.153635593,1,3,2,4,512,960,1024,45,LinearMultistepSampler,VanillaCFG,2.277144102,TRUE,42,EulerAncestralSampler,IdentityGuider,5.357130328,TRUE,5:4,long-time_exposure,square,0,2,auto,,,,"https://firefly.adobe.com/generate/images?style=photo&seed=42&seed=242&seed=4242&seed=2442&prompt=statues+on+a+fountain+with+a+crowd+of+tourists+passing+by%2C+white+tall+building+covering+the+background%2C+in+the+style+of+roman+architecture&modelInputVersion=v2&aspectRatio=square&creativity=2&guideStrength=0&exif={""mode""%3A""auto""}&style=long-time_exposure"
r0905697bt,a car on a steep mountain cliff road with view to the misty valley,77:51,1,6.540225851,7.44795686,1,1,0,4,768,896,1152,45,EulerAncestralSampler,VanillaCFG,6.428426791,TRUE,35,LinearMultistepSampler,VanillaCFG,4.183258807,FALSE,3:2,backlighting,widescreen,100,5,auto,,,,"https://firefly.adobe.com/generate/images?style=photo&seed=42&seed=242&seed=4242&seed=2442&prompt=a+car+on+a+steep+mountain+cliff+road+with+view+to+the+misty+valley&modelInputVersion=v2&aspectRatio=widescreen&creativity=5&guideStrength=100&exif={""mode""%3A""auto""}&style=backlighting"
r09245347t,"wooden ceiling of the church with view to an altar, warm lighting",89:134,2,7.745657017,3.392203135,0.999,4,2,2,512,1344,704,44,HeunEDMSampler,VanillaCFG,4.909536834,FALSE,,,,,,16:9,multiexposure,square,50,5,manual,16,10,76,"https://firefly.adobe.com/generate/images?style=photo&seed=42&seed=242&seed=4242&seed=2442&prompt=wooden+ceiling+of+the+church+with+view+to+an+altar%2C+warm+lighting&modelInputVersion=v2&aspectRatio=square&creativity=5&guideStrength=50&exif={""mode""%3A""manual""%2C""details""%3A{""aperture""%3A16%2C""focal_length""%3A76%2C""shutter_speed""%3A10}}&style=multiexposure"
r092b4511t,"view on damaged solid ice, a group of people are standing on it in the background, in the style of textural surface treatment",134:89,2,5.988254538,5.610608219,0.998,2,2,2,512,1344,704,36,LinearMultistepSampler,VanillaCFG,5.155194566,TRUE,40,DPMPP2SAncestralSampler,VanillaCFG,3.991242487,FALSE,2:1,simple+muted,square,100,10,manual,2.8,0.004,70,"https://firefly.adobe.com/generate/images?style=photo&seed=42&seed=242&seed=4242&seed=2442&prompt=view+on+damaged+solid+ice%2C+a+group+of+people+are+standing+on+it+in+the+background%2C+in+the+style+of+textural+surface+treatment&modelInputVersion=v2&aspectRatio=square&creativity=10&guideStrength=100&exif={""mode""%3A""manual""%2C""details""%3A{""aperture""%3A2.8%2C""focal_length""%3A70%2C""shutter_speed""%3A0.004}}&style=simple&style=muted"
r0941aa38t,"gold and black costumed people with white and black tall feathers on the hat parading through the street during the venice carnival, in the style of colorful costumes, venetian scenes, bold color fusions",89:134,3,3.301327441,4.674149218,0.999,4,4,1,512,1152,832,34,DPMPP2SAncestralSampler,VanillaCFG,8.884673673,TRUE,36,EulerEDMSampler,IdentityGuider,5.292379089,FALSE,1:2,,landscape,100,9,manual,1.4,0.066,70,"https://firefly.adobe.com/generate/images?style=photo&seed=42&seed=242&seed=4242&seed=2442&prompt=gold+and+black+costumed+people+with+white+and+black+tall+feathers+on+the+hat+parading+through+the+street+during+the+venice+carnival%2C+in+the+style+of+colorful+costumes%2C+venetian+scenes%2C+bold+color+fusions&modelInputVersion=v2&aspectRatio=landscape&creativity=9&guideStrength=100&exif={""mode""%3A""manual""%2C""details""%3A{""aperture""%3A1.4%2C""focal_length""%3A70%2C""shutter_speed""%3A0.066}}"
r09445479t,"a snow-covered old white building, urban decay",51:77,4,3.451057346,7.749635841,0.997,4,5,0,512,1152,832,39,DPMPP2SAncestralSampler,VanillaCFG,3.913587162,TRUE,43,LinearMultistepSampler,VanillaCFG,4.401307728,TRUE,5:4,cool_colors+surreal_lighting,portrait,0,7,auto,,,,"https://firefly.adobe.com/generate/images?style=photo&seed=42&seed=242&seed=4242&seed=2442&prompt=a+snow-covered+old+white+building%2C+urban+decay&modelInputVersion=v2&aspectRatio=portrait&creativity=7&guideStrength=0&exif={""mode""%3A""auto""}&style=cool_colors&style=surreal_lighting"
r094ced7bt,yellow pine trees in a rainy forest,51:77,1,8.500478421,5.833341559,0.996,4,2,0,768,1344,704,39,EulerAncestralSampler,IdentityGuider,,FALSE,,,,,,1:2,bw+surreal_lighting+closeup,widescreen,0,4,auto,,,,"https://firefly.adobe.com/generate/images?style=photo&seed=42&seed=242&seed=4242&seed=2442&prompt=yellow+pine+trees+in+a+rainy+forest&modelInputVersion=v2&aspectRatio=widescreen&creativity=4&guideStrength=0&exif={""mode""%3A""auto""}&style=bw&style=surreal_lighting&style=closeup"
r094cf3c6t,"white flowers growing up in the air, with a bokeh pink flowers and dark green background, in the style of light pink and saturated pink and dark green",77:51,2,3.206766949,8.141101798,0.999,3,0,5,768,960,1088,42,EulerAncestralSampler,IdentityGuider,,FALSE,,,,,,2:1,chaotic+long-time_exposure,landscape,0,9,auto,,,,"https://firefly.adobe.com/generate/images?style=photo&seed=42&seed=242&seed=4242&seed=2442&prompt=white+flowers+growing+up+in+the+air%2C+with+a+bokeh+pink+flowers+and+dark+green+background%2C+in+the+style+of+light+pink+and+saturated+pink+and+dark+green&modelInputVersion=v2&aspectRatio=landscape&creativity=9&guideStrength=0&exif={""mode""%3A""auto""}&style=chaotic&style=long-time_exposure"
r09670876t,"photo of the pisa cathedral with the pisa tower behind, blue sky",77:51,4,6.955723753,6.245048355,0.996,3,5,5,768,896,1088,37,LinearMultistepSampler,VanillaCFG,5.115966125,TRUE,44,HeunEDMSampler,VanillaCFG,6.547185242,TRUE,1:2,harsh_light+knolling,portrait,100,7,auto,,,,"https://firefly.adobe.com/generate/images?style=photo&seed=42&seed=242&seed=4242&seed=2442&prompt=photo+of+the+pisa+cathedral+with+the+pisa+tower+behind%2C+blue+sky&modelInputVersion=v2&aspectRatio=portrait&creativity=7&guideStrength=100&exif={""mode""%3A""auto""}&style=harsh_light&style=knolling"
r09696ba3t,"large slightly foggy rock mountains, blue sky with white clouds, in the style of alpine landscapes",77:51,4,6.797495302,4.031884299,0.996,2,0,5,768,1536,640,40,LinearMultistepSampler,IdentityGuider,,FALSE,,,,,,16:9,warm_colors+golden_hour,widescreen,71,6,manual,1.2,0.004,117,"https://firefly.adobe.com/generate/images?style=photo&seed=42&seed=242&seed=4242&seed=2442&prompt=large+slightly+foggy+rock+mountains%2C+blue+sky+with+white+clouds%2C+in+the+style+of+alpine+landscapes&modelInputVersion=v2&aspectRatio=widescreen&creativity=6&guideStrength=71&exif={""mode""%3A""manual""%2C""details""%3A{""aperture""%3A1.2%2C""focal_length""%3A117%2C""shutter_speed""%3A0.004}}&style=warm_colors&style=golden_hour"
r096982ddt,"a grassy lawn with trees and a fence and a small equestrian building on top, pastoral landscape, sky-blue and amber",134:89,1,8.734479767,3.106435948,0.996,2,2,5,512,1088,960,50,DPMPP2SAncestralSampler,IdentityGuider,,TRUE,43,LinearMultistepSampler,VanillaCFG,,FALSE,3:4,closeup,portrait,100,8,auto,,,,"https://firefly.adobe.com/generate/images?style=photo&seed=42&seed=242&seed=4242&seed=2442&prompt=a+grassy+lawn+with+trees+and+a+fence+and+a+small+equestrian+building+on+top%2C+pastoral+landscape%2C+sky-blue+and+amber&modelInputVersion=v2&aspectRatio=portrait&creativity=8&guideStrength=100&exif={""mode""%3A""auto""}&style=closeup"
r097088c1t,"a crowd of people watching a dutch carnival parade with the back of a bright yellow carriage, in the style of dutch tradition, colorful sidewalk scenes, colorful arrangements, carnivalesque, toycore, regional gothic",134:89,4,4.467243569,3.015419307,0.999,2,1,5,768,896,1152,39,DPMPP2SAncestralSampler,VanillaCFG,2.260774803,TRUE,35,EulerAncestralSampler,VanillaCFG,5.356598575,TRUE,16:9,warm_colors+backlighting,portrait,0,6,auto,,,,"https://firefly.adobe.com/generate/images?style=photo&seed=42&seed=242&seed=4242&seed=2442&prompt=a+crowd+of+people+watching+a+dutch+carnival+parade+with+the+back+of+a+bright+yellow+carriage%2C+in+the+style+of+dutch+tradition%2C+colorful+sidewalk+scenes%2C+colorful+arrangements%2C+carnivalesque%2C+toycore%2C+regional+gothic&modelInputVersion=v2&aspectRatio=portrait&creativity=6&guideStrength=0&exif={""mode""%3A""auto""}&style=warm_colors&style=backlighting"
r097555c4t,view of the 'colonnades de Perrault' with a few people passing by,77:51,1,8.543872516,3.099047408,0.999,3,9,9,768,1152,832,38,DPMPP2MSampler,VanillaCFG,2.582621919,TRUE,34,EulerEDMSampler,VanillaCFG,4.485636958,TRUE,3:4,studio_light,portrait,50,3,manual,1.4,10,75,"https://firefly.adobe.com/generate/images?style=photo&seed=42&seed=242&seed=4242&seed=2442&prompt=view+of+the+'colonnades+de+Perrault'+with+a+few+people+passing+by&modelInputVersion=v2&aspectRatio=portrait&creativity=3&guideStrength=50&exif={""mode""%3A""manual""%2C""details""%3A{""aperture""%3A1.4%2C""focal_length""%3A75%2C""shutter_speed""%3A10}}&style=studio_light"
r09851aa4t,"four men feeding large seagulls, in the style of cityscape photographer, en plein air technique, italian landscapes, spontaneous gestures, sparkling water reflections, selective focus",77:51,3,4.139237292,5.749022182,0.999,1,2,5,768,960,1024,44,DPMPP2MSampler,VanillaCFG,3.427782458,TRUE,48,DPMPP2SAncestralSampler,VanillaCFG,4.018182812,TRUE,2:1,cool_colors+wide_angle,portrait,0,7,auto,,,,"https://firefly.adobe.com/generate/images?style=photo&seed=42&seed=242&seed=4242&seed=2442&prompt=four+men+feeding+large+seagulls%2C+in+the+style+of+cityscape+photographer%2C+en+plein+air+technique%2C+italian+landscapes%2C+spontaneous+gestures%2C+sparkling+water+reflections%2C+selective+focus&modelInputVersion=v2&aspectRatio=portrait&creativity=7&guideStrength=0&exif={""mode""%3A""auto""}&style=cool_colors&style=wide_angle"
r0985dc6ct,"large hallway in a museum, in the style of marble sculpture, beige and aquamarine",89:134,1,7.486450956,4.096863378,0.995,3,4,4,768,1088,896,35,LinearMultistepSampler,VanillaCFG,5.491082019,TRUE,43,LinearMultistepSampler,IdentityGuider,6.340516647,TRUE,3:4,knolling,landscape,50,6,auto,,,,"https://firefly.adobe.com/generate/images?style=photo&seed=42&seed=242&seed=4242&seed=2442&prompt=large+hallway+in+a+museum%2C+in+the+style+of+marble+sculpture%2C+beige+and+aquamarine&modelInputVersion=v2&aspectRatio=landscape&creativity=6&guideStrength=50&exif={""mode""%3A""auto""}&style=knolling"
r098a8a22t,"incredibly tall and ornate building, golden light, hindu art and architecture, medieval, organic stone carving",89:134,1,5.518497783,6.753209173,0.997,3,9,9,768,704,1408,42,DPMPP2MSampler,VanillaCFG,4.845309903,FALSE,,,,,,3:4,grainy_film+maximalism+harsh_light,landscape,100,8,manual,16,0.004,122,"https://firefly.adobe.com/generate/images?style=photo&seed=42&seed=242&seed=4242&seed=2442&prompt=incredibly+tall+and+ornate+building%2C+golden+light%2C+hindu+art+and+architecture%2C+medieval%2C+organic+stone+carving&modelInputVersion=v2&aspectRatio=landscape&creativity=8&guideStrength=100&exif={""mode""%3A""manual""%2C""details""%3A{""aperture""%3A16%2C""focal_length""%3A122%2C""shutter_speed""%3A0.004}}&style=grainy_film&style=maximalism&style=harsh_light"
r098cf7aet,"view to the mountains, transcendent, rough clusters",77:51,3,2.596517402,5.889199524,0.996,4,0,2,768,1216,832,36,LinearMultistepSampler,VanillaCFG,3.401918329,TRUE,47,HeunEDMSampler,VanillaCFG,6.5044736,FALSE,4:3,vibrant_colors+harsh_light+knolling,widescreen,100,4,manual,1.2,1,126,"https://firefly.adobe.com/generate/images?style=photo&seed=42&seed=242&seed=4242&seed=2442&prompt=view+to+the+mountains%2C+transcendent%2C+rough+clusters&modelInputVersion=v2&aspectRatio=widescreen&creativity=4&guideStrength=100&exif={""mode""%3A""manual""%2C""details""%3A{""aperture""%3A1.2%2C""focal_length""%3A126%2C""shutter_speed""%3A1}}&style=vibrant_colors&style=harsh_light&style=knolling"
r09a60f63t,"many jewelry items are presented on table, in the style of ecological art, dark beige and pink, street fashion, organic stone carvings, white and brown, rustic americana",89:134,2,4.803843602,6.112917024,0.995,3,0,2,512,1728,576,40,EulerEDMSampler,VanillaCFG,5.080813066,FALSE,,,,,,5:4,,square,50,10,auto,,,,"https://firefly.adobe.com/generate/images?style=photo&seed=42&seed=242&seed=4242&seed=2442&prompt=many+jewelry+items+are+presented+on+table%2C+in+the+style+of+ecological+art%2C+dark+beige+and+pink%2C+street+fashion%2C+organic+stone+carvings%2C+white+and+brown%2C+rustic+americana&modelInputVersion=v2&aspectRatio=square&creativity=10&guideStrength=50&exif={""mode""%3A""auto""}"
r09a79474t,"snow covered paved sidewalk and snow covered door, in the style of afro-colombian themes,  scattered composition, uneven textures, soggy, grit and grain",51:77,2,8.289216219,8.694730465,0.998,3,2,2,512,1472,704,42,EulerEDMSampler,VanillaCFG,5.194561241,FALSE,,,,,,3:2,isometric+warm_colors+wide_angle,widescreen,0,6,manual,8,0.0006,276,"https://firefly.adobe.com/generate/images?style=photo&seed=42&seed=242&seed=4242&seed=2442&prompt=snow+covered+paved+sidewalk+and+snow+covered+door%2C+in+the+style+of+afro-colombian+themes%2C++scattered+composition%2C+uneven+textures%2C+soggy%2C+grit+and+grain&modelInputVersion=v2&aspectRatio=widescreen&creativity=6&guideStrength=0&exif={""mode""%3A""manual""%2C""details""%3A{""aperture""%3A8%2C""focal_length""%3A276%2C""shutter_speed""%3A0.0006}}&style=isometric&style=warm_colors&style=wide_angle"
r09a992e9t,"the buildings are in front of each other, in the style of italian landscapes, whistlerian, gerda taro, windows vista, floral motifs, mountainous vistas",77:51,3,7.863470952,4.639814961,0.998,2,1,2,768,1344,768,36,DPMPP2SAncestralSampler,VanillaCFG,5.576978103,TRUE,42,HeunEDMSampler,VanillaCFG,6.127653,TRUE,3:2,,widescreen,0,4,auto,,,,"https://firefly.adobe.com/generate/images?style=photo&seed=42&seed=242&seed=4242&seed=2442&prompt=the+buildings+are+in+front+of+each+other%2C+in+the+style+of+italian+landscapes%2C+whistlerian%2C+gerda+taro%2C+windows+vista%2C+floral+motifs%2C+mountainous+vistas&modelInputVersion=v2&aspectRatio=widescreen&creativity=4&guideStrength=0&exif={""mode""%3A""auto""}"
r09b86185t,"many people are holding signs in the crowded street, in the style of dutch genre scenes, carnivalesque, religious subjects, made of feathers, 21st century, oversized objects",134:89,4,5.811916602,4.471743812,0.995,1,3,2,768,1728,576,36,EulerAncestralSampler,VanillaCFG,5.146408885,TRUE,35,HeunEDMSampler,IdentityGuider,7.22866534,TRUE,2:1,warm_colors,landscape,0,7,auto,,,,"https://firefly.adobe.com/generate/images?style=photo&seed=42&seed=242&seed=4242&seed=2442&prompt=many+people+are+holding+signs+in+the+crowded+street%2C+in+the+style+of+dutch+genre+scenes%2C+carnivalesque%2C+religious+subjects%2C+made+of+feathers%2C+21st+century%2C+oversized+objects&modelInputVersion=v2&aspectRatio=landscape&creativity=7&guideStrength=0&exif={""mode""%3A""auto""}&style=warm_colors"
r09c15af7t,"grass on a country road next to trees, in the style of swiss style, emerald and amber, hikecore, primitive structures, mountainous vistas",77:51,3,3.869910953,5.847088859,0.999,2,9,9,512,1472,704,37,HeunEDMSampler,VanillaCFG,4.883513677,TRUE,40,DPMPP2MSampler,VanillaCFG,3.812232548,FALSE,4:5,bw,square,38,2,auto,,,,"https://firefly.adobe.com/generate/images?style=photo&seed=42&seed=242&seed=4242&seed=2442&prompt=grass+on+a+country+road+next+to+trees%2C+in+the+style+of+swiss+style%2C+emerald+and+amber%2C+hikecore%2C+primitive+structures%2C+mountainous+vistas&modelInputVersion=v2&aspectRatio=square&creativity=2&guideStrength=38&exif={""mode""%3A""auto""}&style=bw"
r09d50960t,"mountains with bridges, in the style of romanesque, velvia, figura serpentinata, canon af35m, die brücke, italianate flair, hikecore",77:51,3,5.69072031,3.702299824,0.999,1,2,2,768,960,1088,36,EulerAncestralSampler,VanillaCFG,5.526792799,TRUE,36,EulerEDMSampler,VanillaCFG,6.598861726,TRUE,2:1,surreal_lighting+surface_detail,portrait,100,8,auto,,,,"https://firefly.adobe.com/generate/images?style=photo&seed=42&seed=242&seed=4242&seed=2442&prompt=mountains+with+bridges%2C+in+the+style+of+romanesque%2C+velvia%2C+figura+serpentinata%2C+canon+af35m%2C++italianate+flair%2C+hikecore&modelInputVersion=v2&aspectRatio=portrait&creativity=8&guideStrength=100&exif={""mode""%3A""auto""}&style=surreal_lighting&style=surface_detail"
r09d5cb41t,yellow paint on the brick building,77:51,2,7.199739704,7.490279469,0.998,3,1,2,768,896,1088,40,DPMPP2SAncestralSampler,VanillaCFG,4.133550759,TRUE,41,DPMPP2MSampler,VanillaCFG,4.357287017,TRUE,1:1,,widescreen,0,5,auto,,,,"https://firefly.adobe.com/generate/images?style=photo&seed=42&seed=242&seed=4242&seed=2442&prompt=yellow+paint+on+the+brick+building&modelInputVersion=v2&aspectRatio=widescreen&creativity=5&guideStrength=0&exif={""mode""%3A""auto""}"
r09d7cd4et,"a statue outside in the snow, in the style of distressed and weathered surfaces, bronze casting, ornamental details, video installation, stains/washes",51:77,3,4.497474095,3.192832414,0.999,2,2,2,512,1728,576,36,LinearMultistepSampler,IdentityGuider,,FALSE,,,,,,9:16,,landscape,0,5,auto,,,,"https://firefly.adobe.com/generate/images?style=photo&seed=42&seed=242&seed=4242&seed=2442&prompt=a+statue+outside+in+the+snow%2C+in+the+style+of+distressed+and+weathered+surfaces%2C+bronze+casting%2C+ornamental+details%2C+video+installation%2C+stains/washes&modelInputVersion=v2&aspectRatio=landscape&creativity=5&guideStrength=0&exif={""mode""%3A""auto""}"
r09dc6407t,"the statues are in a glass case, in the style of light yellow and light amber, child-like innocence, angelic photograph, light red and dark cyan, made of cardboard, filthy sculpture",134:89,2,3.304471987,8.286161785,0.996,4,0,1,768,1600,640,34,DPMPP2MSampler,VanillaCFG,7.865828981,TRUE,41,DPMPP2SAncestralSampler,IdentityGuider,4.661122705,TRUE,3:4,shot_from_above,landscape,0,3,manual,1.4,0.0006,255,"https://firefly.adobe.com/generate/images?style=photo&seed=42&seed=242&seed=4242&seed=2442&prompt=the+statues+are+in+a+glass+case%2C+in+the+style+of+light+yellow+and+light+amber%2C+child-like+innocence%2C+angelic+photograph%2C+light+red+and+dark+cyan%2C+made+of+cardboard%2C+filthy+sculpture&modelInputVersion=v2&aspectRatio=landscape&creativity=3&guideStrength=0&exif={""mode""%3A""manual""%2C""details""%3A{""aperture""%3A1.4%2C""focal_length""%3A255%2C""shutter_speed""%3A0.0006}}&style=shot_from_above"
r09efa609t,"sky is grey, in the style of roman art and architecture, panorama",77:51,4,4.688314099,8.090981538,1,3,3,0,512,896,1152,46,EulerAncestralSampler,IdentityGuider,,TRUE,34,EulerEDMSampler,VanillaCFG,,FALSE,4:5,antique_photo+shallow_depth_of_field,landscape,24,5,auto,,,,"https://firefly.adobe.com/generate/images?style=photo&seed=42&seed=242&seed=4242&seed=2442&prompt=sky+is+grey%2C+in+the+style+of+roman+art+and+architecture%2C+panorama&modelInputVersion=v2&aspectRatio=landscape&creativity=5&guideStrength=24&exif={""mode""%3A""auto""}&style=antique_photo&style=shallow_depth_of_field"
r09f764ect,"two small stone houses with grass behind them, in the style of expansive landscape, crystalline and geological forms",77:51,1,8.056140804,6.496525033,0.996,2,0,2,512,1152,896,41,DPMPP2MSampler,VanillaCFG,5.207993555,TRUE,30,EulerEDMSampler,VanillaCFG,6.578334232,TRUE,5:4,photographed_through_window,portrait,100,2,manual,1.4,0.5,97,"https://firefly.adobe.com/generate/images?style=photo&seed=42&seed=242&seed=4242&seed=2442&prompt=two+small+stone+houses+with+grass+behind+them%2C+in+the+style+of+expansive+landscape%2C+crystalline+and+geological+forms&modelInputVersion=v2&aspectRatio=portrait&creativity=2&guideStrength=100&exif={""mode""%3A""manual""%2C""details""%3A{""aperture""%3A1.4%2C""focal_length""%3A97%2C""shutter_speed""%3A0.5}}&style=photographed_through_window"
r09ff1dcet,"a merry-go-round, in the style of florentine renaissance, snapshots of urban life, festive atmosphere, overexposure, lyon school",51:77,2,8.302556153,4.84474541,0.996,1,1,2,768,1344,704,40,EulerEDMSampler,VanillaCFG,5.134108184,TRUE,43,EulerAncestralSampler,VanillaCFG,6.145596841,FALSE,4:5,photographed_through_window,widescreen,100,8,auto,,,,"https://firefly.adobe.com/generate/images?style=photo&seed=42&seed=242&seed=4242&seed=2442&prompt=a+merry-go-round%2C+in+the+style+of+florentine+renaissance%2C+snapshots+of+urban+life%2C+festive+atmosphere%2C+overexposure%2C+lyon+school&modelInputVersion=v2&aspectRatio=widescreen&creativity=8&guideStrength=100&exif={""mode""%3A""auto""}&style=photographed_through_window"
r0a0852c6t,"town scene photo, in the style of vietnamese landscapes, earthworks, silver and green, panorama, cinquecento",77:51,1,7.518038171,4.654356564,0.997,4,3,0,768,1024,960,41,HeunEDMSampler,VanillaCFG,6.709253901,TRUE,36,EulerAncestralSampler,VanillaCFG,3.265014912,FALSE,5:4,dramatic_light,landscape,100,10,auto,,,,"https://firefly.adobe.com/generate/images?style=photo&seed=42&seed=242&seed=4242&seed=2442&prompt=town+scene+photo%2C+in+the+style+of+vietnamese+landscapes%2C+earthworks%2C+silver+and+green%2C+panorama%2C+cinquecento&modelInputVersion=v2&aspectRatio=landscape&creativity=10&guideStrength=100&exif={""mode""%3A""auto""}&style=dramatic_light"
r0a10fe29t,"a golden ceiling with paintings on it, in the style of native american sculptures, mythological figures",77:51,2,6.569379611,3.903614815,0.997,2,3,2,768,1280,768,37,EulerAncestralSampler,VanillaCFG,4.244073218,FALSE,,,,,,16:9,low_lighting+knolling,widescreen,50,5,manual,8,0.016,54,"https://firefly.adobe.com/generate/images?style=photo&seed=42&seed=242&seed=4242&seed=2442&prompt=a+golden+ceiling+with+paintings+on+it%2C+in+the+style+of+native+american+sculptures%2C+mythological+figures&modelInputVersion=v2&aspectRatio=widescreen&creativity=5&guideStrength=50&exif={""mode""%3A""manual""%2C""details""%3A{""aperture""%3A8%2C""focal_length""%3A54%2C""shutter_speed""%3A0.016}}&style=low_lighting&style=knolling"
r0a18e454t,"hillside in the snow, in the style of white and beige, shot on 70mm, matte photo",77:51,1,4.998722298,3.279737608,0.998,3,2,2,768,896,1088,45,LinearMultistepSampler,IdentityGuider,,TRUE,37,LinearMultistepSampler,VanillaCFG,,TRUE,3:2,grainy_film+knolling,square,50,3,manual,2,0.0006,39,"https://firefly.adobe.com/generate/images?style=photo&seed=42&seed=242&seed=4242&seed=2442&prompt=hillside+in+the+snow%2C+in+the+style+of+white+and+beige%2C+shot+on+70mm%2C+matte+photo&modelInputVersion=v2&aspectRatio=square&creativity=3&guideStrength=50&exif={""mode""%3A""manual""%2C""details""%3A{""aperture""%3A2%2C""focal_length""%3A39%2C""shutter_speed""%3A0.0006}}&style=grainy_film&style=knolling"
r0a19cb85t,"there is a rider statue above the street, in the style of french cityscape, light gray and green, grandiose environment, imposing monumentality",77:51,1,6.559343982,8.486978124,0.998,3,1,3,768,1600,640,47,EulerEDMSampler,VanillaCFG,1.563706438,TRUE,47,HeunEDMSampler,IdentityGuider,7.021027208,FALSE,4:3,simple+bw+shot_from_above,landscape,50,10,auto,,,,"https://firefly.adobe.com/generate/images?style=photo&seed=42&seed=242&seed=4242&seed=2442&prompt=there+is+a+rider+statue+above+the+street%2C+in+the+style+of+french+cityscape%2C+light+gray+and+green%2C+grandiose+environment%2C+imposing+monumentality&modelInputVersion=v2&aspectRatio=landscape&creativity=10&guideStrength=50&exif={""mode""%3A""auto""}&style=simple&style=bw&style=shot_from_above"
r0a2e85f0t,"statues aligned on several rows on a wooden wall are on display, in the style of chinese sculptures, grandiose architecture, intricate woodwork, spot metering, iso 200",77:51,1,7.864826328,8.734160846,0.997,2,1,4,768,1728,576,37,DPMPP2MSampler,VanillaCFG,5.138289683,FALSE,,,,,,2:3,warm_colors+landscape_photography,widescreen,100,5,auto,,,,"https://firefly.adobe.com/generate/images?style=photo&seed=42&seed=242&seed=4242&seed=2442&prompt=statues+aligned+on+several+rows+on+a+wooden+wall+are+on+display%2C+in+the+style+of+chinese+sculptures%2C+grandiose+architecture%2C+intricate+woodwork%2C+spot+metering%2C+iso+200&modelInputVersion=v2&aspectRatio=widescreen&creativity=5&guideStrength=100&exif={""mode""%3A""auto""}&style=warm_colors&style=landscape_photography"
r0a2ff882t,"a bicycle leaning against an old brick wall, in the style of nostalgic rural life depictions, dutch tradition, sumatraism, working-class empathy, travel, barbizon school, leather/hide",77:51,1,8.181850037,3.479122661,0.997,2,4,5,768,704,1408,38,EulerAncestralSampler,IdentityGuider,,TRUE,32,EulerAncestralSampler,IdentityGuider,,TRUE,5:4,monochromatic,landscape,100,4,auto,,,,"https://firefly.adobe.com/generate/images?style=photo&seed=42&seed=242&seed=4242&seed=2442&prompt=a+bicycle+leaning+against+an+old+brick+wall%2C+in+the+style+of+nostalgic+rural+life+depictions%2C+dutch+tradition%2C+sumatraism%2C+working-class+empathy%2C+travel%2C+barbizon+school%2C+leather/hide&modelInputVersion=v2&aspectRatio=landscape&creativity=4&guideStrength=100&exif={""mode""%3A""auto""}&style=monochromatic"
r0a31a2cct,"statue at the front of the arch, in the style of roman art and architecture, light brown and aquamarine, mimicking ruined materials, dark purple and orange, urban signage, historical significance, masonry construction",89:134,3,7.408517913,8.561480753,0.996,3,1,0,768,1024,1024,32,LinearMultistepSampler,VanillaCFG,4.398420625,TRUE,50,LinearMultistepSampler,IdentityGuider,9.103623182,FALSE,1:2,muted+surface_detail,widescreen,50,5,manual,1.2,0.5,78,"https://firefly.adobe.com/generate/images?style=photo&seed=42&seed=242&seed=4242&seed=2442&prompt=statue+at+the+front+of+the+arch%2C+in+the+style+of+roman+art+and+architecture%2C+light+brown+and+aquamarine%2C+mimicking+ruined+materials%2C+dark+purple+and+orange%2C+urban+signage%2C+historical+significance%2C+masonry+construction&modelInputVersion=v2&aspectRatio=widescreen&creativity=5&guideStrength=50&exif={""mode""%3A""manual""%2C""details""%3A{""aperture""%3A1.2%2C""focal_length""%3A78%2C""shutter_speed""%3A0.5}}&style=muted&style=surface_detail"
r0a3c52a0t,"people walking by an oldtimey structure in roman city, in the style of emancicore, light gray and brown, marble, helios 44-2 58mm f/2, jagged edges, dark pink and dark azure, lively and energetic",77:51,2,8.804743303,5.185503263,0.999,2,1,0,768,1600,640,36,DPMPP2MSampler,IdentityGuider,,TRUE,43,DPMPP2MSampler,VanillaCFG,,TRUE,2:3,bw+backlighting,landscape,50,9,manual,2,0.008,56,"https://firefly.adobe.com/generate/images?style=photo&seed=42&seed=242&seed=4242&seed=2442&prompt=people+walking+by+an+oldtimey+structure+in+roman+city%2C+in+the+style+of+emancicore%2C+light+gray+and+brown%2C+marble%2C+helios+44-2+58mm+f/2%2C+jagged+edges%2C+dark+pink+and+dark+azure%2C+lively+and+energetic&modelInputVersion=v2&aspectRatio=landscape&creativity=9&guideStrength=50&exif={""mode""%3A""manual""%2C""details""%3A{""aperture""%3A2%2C""focal_length""%3A56%2C""shutter_speed""%3A0.008}}&style=bw&style=backlighting"
r0a42c0f6t,"two statues standing in front of a wall with large bricks, in the style of dark beige and light beige, baroque energy, fujifilm eterna 400t, phoenician art and architecture, frequent use of diagonals, installation",77:51,1,8.579729596,3.466879239,0.999,4,0,0,512,1088,896,43,HeunEDMSampler,VanillaCFG,7.817873115,FALSE,,,,,,2:3,cool_colors,square,42,9,manual,2.8,10,139,"https://firefly.adobe.com/generate/images?style=photo&seed=42&seed=242&seed=4242&seed=2442&prompt=two+statues+standing+in+front+of+a+wall+with+large+bricks%2C+in+the+style+of+dark+beige+and+light+beige%2C+baroque+energy%2C+fujifilm+eterna+400t%2C+phoenician+art+and+architecture%2C+frequent+use+of+diagonals%2C+installation&modelInputVersion=v2&aspectRatio=square&creativity=9&guideStrength=42&exif={""mode""%3A""manual""%2C""details""%3A{""aperture""%3A2.8%2C""focal_length""%3A139%2C""shutter_speed""%3A10}}&style=cool_colors"
r0a54ed98t,"the interior of this bar is decorated with antiques, pictures, and a stovetop fireplace, in the style of sunrays shine upon it, diana f+, mixed media assemblages, dark black and yellow, paris school, tondo, holotone printing",51:77,4,5.790664853,6.636086958,0.996,1,2,0,768,1152,832,39,EulerAncestralSampler,VanillaCFG,5.839017195,TRUE,41,DPMPP2MSampler,VanillaCFG,2.038456443,FALSE,2:1,vibrant_colors,landscape,0,5,auto,,,,"https://firefly.adobe.com/generate/images?style=photo&seed=42&seed=242&seed=4242&seed=2442&prompt=the+interior+of+this+bar+is+decorated+with+antiques%2C+pictures%2C+and+a+stovetop+fireplace%2C+in+the+style+of+sunrays+shine+upon+it%2C+diana+f+%2C+mixed+media+assemblages%2C+dark+black+and+yellow%2C+paris+school%2C+tondo%2C+holotone+printing&modelInputVersion=v2&aspectRatio=landscape&creativity=5&guideStrength=0&exif={""mode""%3A""auto""}&style=vibrant_colors"
r0a5d7cb6t,"people walking on a street in an old city, in the style of swiss style, neoclassicist influences, jagged edges, rollei prego 90, transportcore, transavanguardia, gray and brown",134:89,3,4.2472462,2.861699637,0.995,4,0,0,768,832,1216,38,DPMPP2MSampler,VanillaCFG,6.369414042,FALSE,,,,,,1:2,multiexposure+macrophotography,widescreen,91,10,auto,,,,"https://firefly.adobe.com/generate/images?style=photo&seed=42&seed=242&seed=4242&seed=2442&prompt=people+walking+on+a+street+in+an+old+city%2C+in+the+style+of+swiss+style%2C+neoclassicist+influences%2C+jagged+edges%2C+rollei+prego+90%2C+transportcore%2C+transavanguardia%2C+gray+and+brown&modelInputVersion=v2&aspectRatio=widescreen&creativity=10&guideStrength=91&exif={""mode""%3A""auto""}&style=multiexposure&style=macrophotography"
r0a64ce0bt,"grassy field with a tree and mountains, in the style of charming, idyllic rural scenes, twisted branches, light brown and brown, wollensak 127mm f/4.7 ektar, naturalistic cityscapes, combining natural and man-made elements, whistlerian",134:89,2,3.010895395,6.40953923,0.995,1,2,2,512,896,1088,41,HeunEDMSampler,VanillaCFG,3.877975506,TRUE,40,EulerAncestralSampler,VanillaCFG,2.242540035,TRUE,1:2,pastel_colors+wide_angle,portrait,50,10,auto,,,,"https://firefly.adobe.com/generate/images?style=photo&seed=42&seed=242&seed=4242&seed=2442&prompt=grassy+field+with+a+tree+and+mountains%2C+in+the+style+of+charming%2C+idyllic+rural+scenes%2C+twisted+branches%2C+light+brown+and+brown%2C+wollensak+127mm+f/4.7+ektar%2C+naturalistic+cityscapes%2C+combining+natural+and+man-made+elements%2C+whistlerian&modelInputVersion=v2&aspectRatio=portrait&creativity=10&guideStrength=50&exif={""mode""%3A""auto""}&style=pastel_colors&style=wide_angle"
r0a71c689t,"white fluffy white clouds, in the style of snow scenes, italian landscapes, tokina at-x 11-16mm f/2.8 pro dx ii",77:51,4,6.397435692,8.310455494,1,1,1,1,768,832,1216,42,HeunEDMSampler,VanillaCFG,3.562983298,TRUE,44,LinearMultistepSampler,IdentityGuider,5.451216451,FALSE,2:3,harsh_light,landscape,0,2,manual,2.8,0.0006,178,"https://firefly.adobe.com/generate/images?style=photo&seed=42&seed=242&seed=4242&seed=2442&prompt=white+fluffy+white+clouds%2C+in+the+style+of+snow+scenes%2C+italian+landscapes%2C+tokina+at-x+11-16mm+f/2.8+pro+dx+ii&modelInputVersion=v2&aspectRatio=landscape&creativity=2&guideStrength=0&exif={""mode""%3A""manual""%2C""details""%3A{""aperture""%3A2.8%2C""focal_length""%3A178%2C""shutter_speed""%3A0.0006}}&style=harsh_light"
r0a72568ct,"the statue is sitting with two birds on top it, in the style of historical allegories, victoria goth, arcadian landscapes",77:51,1,4.521490974,6.489395191,0.998,4,2,1,768,1344,704,46,EulerEDMSampler,VanillaCFG,5.176557695,TRUE,41,DPMPP2SAncestralSampler,IdentityGuider,4.525964968,TRUE,2:1,,widescreen,100,6,auto,,,,"https://firefly.adobe.com/generate/images?style=photo&seed=42&seed=242&seed=4242&seed=2442&prompt=the+statue+is+sitting+with+two+birds+on+top+it%2C+in+the+style+of+historical+allegories%2C+victoria+goth%2C+arcadian+landscapes&modelInputVersion=v2&aspectRatio=widescreen&creativity=6&guideStrength=100&exif={""mode""%3A""auto""}"
r0a776764t,"a mountain village with a white church at the foot of a tall lush snowy mountain, in the style of swiss style, snow scenes, religious building, light amber and azure, charming, idyllic rural scenes, burned/charred",77:51,4,3.974328452,4.829522558,0.996,4,0,2,768,1152,896,48,LinearMultistepSampler,IdentityGuider,,TRUE,38,DPMPP2SAncestralSampler,IdentityGuider,,TRUE,3:4,low_lighting,square,100,4,manual,2,0.004,128,"https://firefly.adobe.com/generate/images?style=photo&seed=42&seed=242&seed=4242&seed=2442&prompt=a+mountain+village+with+a+white+church+at+the+foot+of+a+tall+lush+snowy+mountain%2C+in+the+style+of+swiss+style%2C+snow+scenes%2C+religious+building%2C+light+amber+and+azure%2C+charming%2C+idyllic+rural+scenes%2C+burned/charred&modelInputVersion=v2&aspectRatio=square&creativity=4&guideStrength=100&exif={""mode""%3A""manual""%2C""details""%3A{""aperture""%3A2%2C""focal_length""%3A128%2C""shutter_speed""%3A0.004}}&style=low_lighting"
r0a779af2t,"the mountain is white in the sun, in the style of sacricore, dark azure and green, creative commons attribution, webcam photography, neue sachlichkeit, spiky mounds, long distance and deep distance",77:51,2,4.301001078,3.839320967,0.997,2,0,2,512,896,1152,30,DPMPP2MSampler,IdentityGuider,,TRUE,47,EulerAncestralSampler,VanillaCFG,,FALSE,1:1,,landscape,0,9,auto,,,,"https://firefly.adobe.com/generate/images?style=photo&seed=42&seed=242&seed=4242&seed=2442&prompt=the+mountain+is+white+in+the+sun%2C+in+the+style+of+sacricore%2C+dark+azure+and+green%2C+creative+commons+attribution%2C+webcam+photography%2C+neue+sachlichkeit%2C+spiky+mounds%2C+long+distance+and+deep+distance&modelInputVersion=v2&aspectRatio=landscape&creativity=9&guideStrength=0&exif={""mode""%3A""auto""}"
r0a808003t,"a group of blonde girl in colorful dresses are playing violin outdoors, in the style of urban fairy tale, en plein air, victorian, dynamic outdoor shots, musical influences, black and amber, rococo pastel, nordic tradition, site-specific works",134:89,1,3.699630435,6.916778916,0.996,1,2,3,512,896,1152,40,HeunEDMSampler,VanillaCFG,3.022978238,FALSE,,,,,,3:2,multiexposure+shallow_depth_of_field,landscape,11,6,manual,2,0.5,210,"https://firefly.adobe.com/generate/images?style=photo&seed=42&seed=242&seed=4242&seed=2442&prompt=a+group+of+blonde+girl+in+colorful+dresses+are+playing+violin+outdoors%2C+in+the+style+of+urban+fairy+tale%2C+en+plein+air%2C+victorian%2C+dynamic+outdoor+shots%2C+musical+influences%2C+black+and+amber%2C+rococo+pastel%2C+nordic+tradition%2C+site-specific+works&modelInputVersion=v2&aspectRatio=landscape&creativity=6&guideStrength=11&exif={""mode""%3A""manual""%2C""details""%3A{""aperture""%3A2%2C""focal_length""%3A210%2C""shutter_speed""%3A0.5}}&style=multiexposure&style=shallow_depth_of_field"
r0a8b59bbt,"the pantheon of rome, in the style of luminous shadowing, documentary travel photography, caravaggism, dark white and aquamarine, manapunk, giant money sculptures, dark maroon and orange",77:51,4,4.803750276,8.189827445,0.995,3,3,4,768,1344,704,40,LinearMultistepSampler,VanillaCFG,3.820953429,TRUE,38,DPMPP2MSampler,VanillaCFG,4.229338468,FALSE,2:3,dramatic_light,square,86,2,auto,,,,"https://firefly.adobe.com/generate/images?style=photo&seed=42&seed=242&seed=4242&seed=2442&prompt=the+pantheon+of+rome%2C+in+the+style+of+luminous+shadowing%2C+documentary+travel+photography%2C+caravaggism%2C+dark+white+and+aquamarine%2C+manapunk%2C+giant+money+sculptures%2C+dark+maroon+and+orange&modelInputVersion=v2&aspectRatio=square&creativity=2&guideStrength=86&exif={""mode""%3A""auto""}&style=dramatic_light"
r0a9384b1t,"green trees on a white road, in the style of dutch baroque, eccentric props, urban interventions, red and amber, piles/stacks, public interventions, argus c3",77:51,2,7.129864235,5.71365435,0.999,3,3,4,768,1024,1024,42,LinearMultistepSampler,VanillaCFG,4.874056148,TRUE,35,DPMPP2SAncestralSampler,VanillaCFG,6.01310939,TRUE,1:1,minimalism+warm_colors+closeup,portrait,50,10,manual,1.4,0.125,40,"https://firefly.adobe.com/generate/images?style=photo&seed=42&seed=242&seed=4242&seed=2442&prompt=green+trees+on+a+white+road%2C+in+the+style+of+dutch+baroque%2C+eccentric+props%2C+urban+interventions%2C+red+and+amber%2C+piles/stacks%2C+public+interventions%2C+argus+c3&modelInputVersion=v2&aspectRatio=portrait&creativity=10&guideStrength=50&exif={""mode""%3A""manual""%2C""details""%3A{""aperture""%3A1.4%2C""focal_length""%3A40%2C""shutter_speed""%3A0.125}}&style=minimalism&style=warm_colors&style=closeup"
r0ab0a205t,"a mountain with mountains, in the style of schlieren photography, austere simplicity, snow scenes, shot on 70mm, 32k uhd, light yellow and dark gray, expansive spaces",77:51,1,3.345736333,8.680651727,0.997,3,1,4,512,704,1408,40,DPMPP2SAncestralSampler,VanillaCFG,3.60600495,FALSE,,,,,,1:1,muted,landscape,0,8,auto,,,,"https://firefly.adobe.com/generate/images?style=photo&seed=42&seed=242&seed=4242&seed=2442&prompt=a+mountain+with+mountains%2C+in+the+style+of+schlieren+photography%2C+austere+simplicity%2C+snow+scenes%2C+shot+on+70mm%2C+32k+uhd%2C+light+yellow+and+dark+gray%2C+expansive+spaces&modelInputVersion=v2&aspectRatio=landscape&creativity=8&guideStrength=0&exif={""mode""%3A""auto""}&style=muted"
r0ab7202ft,"ducks in the shallow water near rocks, in the style of play with light and shadow, viennese actionism, humorous depictions, candid moments captured, archaeological object, glittery and shiny, figura serpentinata",77:51,2,8.775331857,3.380625554,1,2,3,3,512,896,1152,42,EulerAncestralSampler,IdentityGuider,,TRUE,41,LinearMultistepSampler,VanillaCFG,,FALSE,1:2,product_photo+maximalism+misty+simple+wide_angle,portrait,50,10,auto,,,,"https://firefly.adobe.com/generate/images?style=photo&seed=42&seed=242&seed=4242&seed=2442&prompt=ducks+in+the+shallow+water+near+rocks%2C+in+the+style+of+play+with+light+and+shadow%2C+viennese+actionism%2C+humorous+depictions%2C+candid+moments+captured%2C+archaeological+object%2C+glittery+and+shiny%2C+figura+serpentinata&modelInputVersion=v2&aspectRatio=portrait&creativity=10&guideStrength=50&exif={""mode""%3A""auto""}&style=product_photo&style=maximalism&style=misty&style=simple&style=wide_angle"
r0ab86ea2t,"house that is next to the snow covered hill, in the style of fujifilm natura 1600, light sky-blue and black, french countryside, photo taken with nikon d750, ricoh gr iii, natural scenery",77:51,3,6.945296423,4.570305871,1,3,1,3,768,768,1280,36,HeunEDMSampler,VanillaCFG,7.731197657,TRUE,39,DPMPP2SAncestralSampler,VanillaCFG,6.011820103,TRUE,9:16,dark+muted,landscape,50,9,auto,,,,"https://firefly.adobe.com/generate/images?style=photo&seed=42&seed=242&seed=4242&seed=2442&prompt=house+that+is+next+to+the+snow+covered+hill%2C+in+the+style+of+fujifilm+natura+1600%2C+light+sky-blue+and+black%2C+french+countryside%2C+photo+taken+with+nikon+d750%2C+ricoh+gr+iii%2C+natural+scenery&modelInputVersion=v2&aspectRatio=landscape&creativity=9&guideStrength=50&exif={""mode""%3A""auto""}&style=dark&style=muted"
r0adac68bt,"many cows in a stall, transportcore, beige, uniformly staged images, environmental awareness, strong facial expression",77:51,2,8.11193999,6.083151854,0.996,4,2,2,768,1024,960,38,EulerEDMSampler,VanillaCFG,6.360243155,FALSE,,,,,,4:3,maximalism+surreal_lighting+photographed_through_window,landscape,50,7,auto,,,,"https://firefly.adobe.com/generate/images?style=photo&seed=42&seed=242&seed=4242&seed=2442&prompt=many+cows+in+a+stall%2C+transportcore%2C+beige%2C+uniformly+staged+images%2C+environmental+awareness%2C+strong+facial+expression&modelInputVersion=v2&aspectRatio=landscape&creativity=7&guideStrength=50&exif={""mode""%3A""auto""}&style=maximalism&style=surreal_lighting&style=photographed_through_window"
r0af5a8cct,"duck and doves swimming in a pond and in the sunlight, in the style of raw street photography, dark gray and green, flatness of surface, matte photo, luminosity of water",77:51,1,3.955515659,4.252425019,0.996,4,3,2,768,1344,768,44,EulerAncestralSampler,VanillaCFG,3.690270719,TRUE,37,EulerAncestralSampler,IdentityGuider,5.342458743,TRUE,1:1,maximalism+long-time_exposure,widescreen,10,3,manual,4,10,207,"https://firefly.adobe.com/generate/images?style=photo&seed=42&seed=242&seed=4242&seed=2442&prompt=duck+and+doves+swimming+in+a+pond+and+in+the+sunlight%2C+in+the+style+of+raw+street+photography%2C+dark+gray+and+green%2C+flatness+of+surface%2C+matte+photo%2C+luminosity+of+water&modelInputVersion=v2&aspectRatio=widescreen&creativity=3&guideStrength=10&exif={""mode""%3A""manual""%2C""details""%3A{""aperture""%3A4%2C""focal_length""%3A207%2C""shutter_speed""%3A10}}&style=maximalism&style=long-time_exposure"
r0b03e77at,"in a town with several buildings and a tower, in the style of italian landscapes, light orange and light indigo, wide angle lens, light yellow and dark emerald, high-angle",77:51,3,5.153635593,6.455451405,0.999,2,3,2,768,1024,1024,39,DPMPP2MSampler,VanillaCFG,5.269472005,TRUE,30,HeunEDMSampler,VanillaCFG,5.38399966,TRUE,1:2,macrophotography,portrait,53,4,manual,4,1,217,"https://firefly.adobe.com/generate/images?style=photo&seed=42&seed=242&seed=4242&seed=2442&prompt=in+a+town+with+several+buildings+and+a+tower%2C+in+the+style+of+italian+landscapes%2C+light+orange+and+light+indigo%2C+wide+angle+lens%2C+light+yellow+and+dark+emerald%2C+high-angle&modelInputVersion=v2&aspectRatio=portrait&creativity=4&guideStrength=53&exif={""mode""%3A""manual""%2C""details""%3A{""aperture""%3A4%2C""focal_length""%3A217%2C""shutter_speed""%3A1}}&style=macrophotography"
r0b13d2a2t,"a person standing next to the tree is wearing a dark coat, in the style of snow scenes, white, alley of bare snow-covered trees",134:89,4,4.674149218,6.454494613,0.996,1,3,3,768,1600,640,42,DPMPP2SAncestralSampler,IdentityGuider,,TRUE,43,EulerEDMSampler,VanillaCFG,,TRUE,1:2,closeup,widescreen,0,2,auto,,,,"https://firefly.adobe.com/generate/images?style=photo&seed=42&seed=242&seed=4242&seed=2442&prompt=a+person+standing+next+to+the+tree+is+wearing+a+dark+coat%2C+in+the+style+of+snow+scenes%2C+white%2C+alley+of+bare+snow-covered+trees&modelInputVersion=v2&aspectRatio=widescreen&creativity=2&guideStrength=0&exif={""mode""%3A""auto""}&style=closeup"
r0b17fd57t,"a snow-covered house in a snow-covered lush field, in the style of hallyu, suburban ennui capturer, documentary travel photography, turquoise and red, tokina opera 50mm f/1.4 ff, mountainous vistas, site-specific work",77:51,3,7.749635841,4.216507719,1,3,3,3,768,768,1280,40,DPMPP2MSampler,VanillaCFG,7.969082099,TRUE,36,DPMPP2MSampler,IdentityGuider,7.276253247,TRUE,2:1,golden_hour,widescreen,50,5,manual,1.4,0.5,250,"https://firefly.adobe.com/generate/images?style=photo&seed=42&seed=242&seed=4242&seed=2442&prompt=a+snow-covered+house+in+a+snow-covered+lush+field%2C+in+the+style+of+hallyu%2C+suburban+ennui+capturer%2C+documentary+travel+photography%2C+turquoise+and+red%2C+tokina+opera+50mm+f/1.4+ff%2C+mountainous+vistas%2C+site-specific+work&modelInputVersion=v2&aspectRatio=widescreen&creativity=5&guideStrength=50&exif={""mode""%3A""manual""%2C""details""%3A{""aperture""%3A1.4%2C""focal_length""%3A250%2C""shutter_speed""%3A0.5}}&style=golden_hour"
r0b1f92a9t,"the mountain has an icy white covering, in the style of italian landscapes, light yellow and azure, die brücke, 35mm lens, light amber and sky-blue,  spiky mounds --no watermark",134:89,4,5.833341559,2.611843124,0.996,2,0,4,768,1664,576,53,LinearMultistepSampler,IdentityGuider,,FALSE,,,,,,2:1,macrophotography,portrait,100,6,manual,2,0.016,142,"https://firefly.adobe.com/generate/images?style=photo&seed=42&seed=242&seed=4242&seed=2442&prompt=the+mountain+has+an+icy+white+covering%2C+in+the+style+of+italian+landscapes%2C+light+yellow+and+azure%2C++35mm+lens%2C+light+amber+and+sky-blue%2C++spiky+mounds+--no+watermark&modelInputVersion=v2&aspectRatio=portrait&creativity=6&guideStrength=100&exif={""mode""%3A""manual""%2C""details""%3A{""aperture""%3A2%2C""focal_length""%3A142%2C""shutter_speed""%3A0.016}}&style=macrophotography"
r0b3220e1t,"two people wearing black and gold outfits, in the style of venetian scenes, colorful, eye-catching compositions, elaborate costumes, giant money sculptures, canon af35m, eye-catching detail, tondo",134:89,2,8.141101798,3.727447935,0.996,3,0,4,768,1088,896,36,HeunEDMSampler,VanillaCFG,7.214397975,TRUE,45,LinearMultistepSampler,IdentityGuider,4.067359969,TRUE,16:9,,square,100,3,manual,16,0.004,43,"https://firefly.adobe.com/generate/images?style=photo&seed=42&seed=242&seed=4242&seed=2442&prompt=two+people+wearing+black+and+gold+outfits%2C+in+the+style+of+venetian+scenes%2C+colorful%2C+eye-catching+compositions%2C+elaborate+costumes%2C+giant+money+sculptures%2C+canon+af35m%2C+eye-catching+detail%2C+tondo&modelInputVersion=v2&aspectRatio=square&creativity=3&guideStrength=100&exif={""mode""%3A""manual""%2C""details""%3A{""aperture""%3A16%2C""focal_length""%3A43%2C""shutter_speed""%3A0.004}}"
r0b42926ct,"a snow covered background, in the style of italian landscapes, yellow and emerald, captures the essence of nature, the new fauves, 32k uhd, mountainous vistas, spiky mounds",77:51,2,4.031884299,7.233541288,0.997,3,5,4,768,1280,768,38,DPMPP2MSampler,IdentityGuider,,TRUE,41,HeunEDMSampler,VanillaCFG,,FALSE,9:16,dramatic_light+knolling,landscape,100,2,auto,,,,"https://firefly.adobe.com/generate/images?style=photo&seed=42&seed=242&seed=4242&seed=2442&prompt=a+snow+covered+background%2C+in+the+style+of+italian+landscapes%2C+yellow+and+emerald%2C+captures+the+essence+of+nature%2C+the+new+fauves%2C+32k+uhd%2C+mountainous+vistas%2C+spiky+mounds&modelInputVersion=v2&aspectRatio=landscape&creativity=2&guideStrength=100&exif={""mode""%3A""auto""}&style=dramatic_light&style=knolling"
r0b4d8af5t,"took this photo of a narrow canal covered with large colorful boats and people, in the style of canal view, grandiose architecture, light maroon and azure",77:51,4,3.106435948,3.587216629,0.997,2,5,4,768,1344,768,43,EulerEDMSampler,VanillaCFG,3.087670198,TRUE,40,EulerAncestralSampler,VanillaCFG,6.872143248,TRUE,9:16,product_photo+otherworldly_depiction+muted,widescreen,100,4,manual,1.4,0.008,293,"https://firefly.adobe.com/generate/images?style=photo&seed=42&seed=242&seed=4242&seed=2442&prompt=took+this+photo+of+a+narrow+canal+covered+with+large+colorful+boats+and+people%2C+in+the+style+of+canal+view%2C+grandiose+architecture%2C+light+maroon+and+azure&modelInputVersion=v2&aspectRatio=widescreen&creativity=4&guideStrength=100&exif={""mode""%3A""manual""%2C""details""%3A{""aperture""%3A1.4%2C""focal_length""%3A293%2C""shutter_speed""%3A0.008}}&style=product_photo&style=otherworldly_depiction&style=muted"
r0b50b69ct,"a grassy hillside path, in the style of light gray and amber, norwegian nature, light amber and teal, fujifilm x-t4, zigzags, vibrant stage backdrops, swiss style",77:51,1,3.015419307,7.308713807,0.997,3,2,4,512,832,1216,35,EulerAncestralSampler,VanillaCFG,5.761682493,TRUE,39,EulerEDMSampler,VanillaCFG,4.885391716,TRUE,9:16,cool_colors,portrait,50,4,manual,2.8,0.125,187,"https://firefly.adobe.com/generate/images?style=photo&seed=42&seed=242&seed=4242&seed=2442&prompt=a+grassy+hillside+path%2C+in+the+style+of+light+gray+and+amber%2C+norwegian+nature%2C+light+amber+and+teal%2C+fujifilm+x-t4%2C+zigzags%2C+vibrant+stage+backdrops%2C+swiss+style&modelInputVersion=v2&aspectRatio=portrait&creativity=4&guideStrength=50&exif={""mode""%3A""manual""%2C""details""%3A{""aperture""%3A2.8%2C""focal_length""%3A187%2C""shutter_speed""%3A0.125}}&style=cool_colors"
r0b591bc3t,"people in front of buildings, in the style of carnivalesque, rubens, dutch and flemish",134:89,2,3.099047408,6.788585569,0.996,3,5,3,512,960,1024,41,LinearMultistepSampler,VanillaCFG,4.381268043,TRUE,32,DPMPP2MSampler,VanillaCFG,5.320319443,TRUE,4:5,vibrant_colors+shot_from_above,portrait,21,9,manual,1.4,0.125,157,"https://firefly.adobe.com/generate/images?style=photo&seed=42&seed=242&seed=4242&seed=2442&prompt=people+in+front+of+buildings%2C+in+the+style+of+carnivalesque%2C+rubens%2C+dutch+and+flemish&modelInputVersion=v2&aspectRatio=portrait&creativity=9&guideStrength=21&exif={""mode""%3A""manual""%2C""details""%3A{""aperture""%3A1.4%2C""focal_length""%3A157%2C""shutter_speed""%3A0.125}}&style=vibrant_colors&style=shot_from_above"
r0b5a3035t,"the trees look as though they were pruned, in the style of dutch baroque, cityscape, dslr camera, grandiose architecture, camera tossing, fujifilm velvia, selective focus",77:51,4,4.096863378,3.244972661,0.997,1,0,3,768,1408,704,45,HeunEDMSampler,IdentityGuider,,FALSE,,,,,,4:3,long-time_exposure,landscape,0,8,manual,22,0.066,122,"https://firefly.adobe.com/generate/images?style=photo&seed=42&seed=242&seed=4242&seed=2442&prompt=the+trees+look+as+though+they+were+pruned%2C+in+the+style+of+dutch+baroque%2C+cityscape%2C+dslr+camera%2C+grandiose+architecture%2C+camera+tossing%2C+fujifilm+velvia%2C+selective+focus&modelInputVersion=v2&aspectRatio=landscape&creativity=8&guideStrength=0&exif={""mode""%3A""manual""%2C""details""%3A{""aperture""%3A22%2C""focal_length""%3A122%2C""shutter_speed""%3A0.066}}&style=long-time_exposure"
r0b5b85d0t,"a group of couples in white cloths are dancing by the ground, in the style of spectacular show of ages, tokina opera 50mm f/1.4 ff, evening scene, yellow and bronze, folkloric realism, die brücke, spanish enlightenment",77:51,3,6.753209173,6.587381965,0.996,2,9,4,512,1216,832,33,EulerAncestralSampler,VanillaCFG,2.889403443,FALSE,,,,,,1:2,,square,50,9,auto,,,,"https://firefly.adobe.com/generate/images?style=photo&seed=42&seed=242&seed=4242&seed=2442&prompt=a+group+of+couples+in+white+cloths+are+dancing+by+the+ground%2C+in+the+style+of+spectacular+show+of+ages%2C+tokina+opera+50mm+f/1.4+ff%2C+evening+scene%2C+yellow+and+bronze%2C+folkloric+realism%2C++spanish+enlightenment&modelInputVersion=v2&aspectRatio=square&creativity=9&guideStrength=50&exif={""mode""%3A""auto""}"
r0b61ed37t,"a pale green parked bicycle in the snow, in the style of snailcore, restrained forms, fujifilm natura 1600, spiral group, steel, striped arrangements, exacting precision",77:51,1,5.889199524,6.015000436,1,3,3,5,768,1216,832,39,LinearMultistepSampler,VanillaCFG,5.183243152,TRUE,42,DPMPP2SAncestralSampler,VanillaCFG,7.335390437,TRUE,3:2,,landscape,50,6,manual,22,10,184,"https://firefly.adobe.com/generate/images?style=photo&seed=42&seed=242&seed=4242&seed=2442&prompt=a+pale+green+parked+bicycle+in+the+snow%2C+in+the+style+of+snailcore%2C+restrained+forms%2C+fujifilm+natura+1600%2C+spiral+group%2C+steel%2C+striped+arrangements%2C+exacting+precision&modelInputVersion=v2&aspectRatio=landscape&creativity=6&guideStrength=50&exif={""mode""%3A""manual""%2C""details""%3A{""aperture""%3A22%2C""focal_length""%3A184%2C""shutter_speed""%3A10}}"
r0b665b37t,"a very large building with a bell tower, in the style of dutch and flemish, gothic chic, romanesque",89:134,2,6.112917024,4.451811485,1,2,5,3,768,1024,1024,35,DPMPP2SAncestralSampler,VanillaCFG,6.397313075,TRUE,36,EulerAncestralSampler,VanillaCFG,5.743410692,TRUE,1:1,long-time_exposure+photographed_through_window,square,50,10,auto,,,,"https://firefly.adobe.com/generate/images?style=photo&seed=42&seed=242&seed=4242&seed=2442&prompt=a+very+large+building+with+a+bell+tower%2C+in+the+style+of+dutch+and+flemish%2C+gothic+chic%2C+romanesque&modelInputVersion=v2&aspectRatio=square&creativity=10&guideStrength=50&exif={""mode""%3A""auto""}&style=long-time_exposure&style=photographed_through_window"
r0b755540t,"a man riding a tractor carriage in a parade, in the style of joyful celebration, confetti, floral explosions, glittery and shiny",51:77,3,4.471743812,2.994101377,0.998,3,1,3,768,768,1280,48,DPMPP2SAncestralSampler,IdentityGuider,,FALSE,,,,,,1:1,product_photo+pastel_colors+surreal_lighting+shot_from_below,square,100,3,auto,,,,"https://firefly.adobe.com/generate/images?style=photo&seed=42&seed=242&seed=4242&seed=2442&prompt=a+man+riding+a+tractor+carriage+in+a+parade%2C+in+the+style+of+joyful+celebration%2C+confetti%2C+floral+explosions%2C+glittery+and+shiny&modelInputVersion=v2&aspectRatio=square&creativity=3&guideStrength=100&exif={""mode""%3A""auto""}&style=product_photo&style=pastel_colors&style=surreal_lighting&style=shot_from_below"
r0b76b82ft,"an old building on the square, in the style of alla prima, white and red, realistic blue skies, light yellow and dark emerald, swiss style",51:77,2,5.847088859,4.54742108,0.999,1,9,2,768,704,1408,42,EulerAncestralSampler,VanillaCFG,5.024558455,TRUE,45,DPMPP2MSampler,IdentityGuider,5.700575842,FALSE,2:3,dramatic_light+shot_from_below,square,50,7,manual,2,0.0006,102,"https://firefly.adobe.com/generate/images?style=photo&seed=42&seed=242&seed=4242&seed=2442&prompt=an+old+building+on+the+square%2C+in+the+style+of+alla+prima%2C+white+and+red%2C+realistic+blue+skies%2C+light+yellow+and+dark+emerald%2C+swiss+style&modelInputVersion=v2&aspectRatio=square&creativity=7&guideStrength=50&exif={""mode""%3A""manual""%2C""details""%3A{""aperture""%3A2%2C""focal_length""%3A102%2C""shutter_speed""%3A0.0006}}&style=dramatic_light&style=shot_from_below"
r0b82ae9bt,"large stone wall, in the style of roman art and architecture, firecore, light sky-blue and orange, complex enigmas, literary excavations, grandiose cityscape views",134:89,1,7.490279469,4.758699311,1,2,0,1,768,1472,704,35,EulerEDMSampler,VanillaCFG,6.45346063,TRUE,36,DPMPP2MSampler,VanillaCFG,4.659586899,FALSE,16:9,low_lighting+landscape_photography,landscape,48,3,auto,,,,"https://firefly.adobe.com/generate/images?style=photo&seed=42&seed=242&seed=4242&seed=2442&prompt=large+stone+wall%2C+in+the+style+of+roman+art+and+architecture%2C+firecore%2C+light+sky-blue+and+orange%2C+complex+enigmas%2C+literary+excavations%2C+grandiose+cityscape+views&modelInputVersion=v2&aspectRatio=landscape&creativity=3&guideStrength=48&exif={""mode""%3A""auto""}&style=low_lighting&style=landscape_photography"
r0b841e5at,"some trees in the corner of a forest, in the style of sculptural architecture, tumblewave, red and brown, cabincore, slumped/draped, sustainable design, mountainous vistas",77:51,4,3.192832414,5.507135723,0.999,1,1,2,768,832,1216,43,DPMPP2MSampler,IdentityGuider,,TRUE,42,HeunEDMSampler,VanillaCFG,,TRUE,3:2,bw+dramatic_light+closeup,portrait,12,7,auto,,,,"https://firefly.adobe.com/generate/images?style=photo&seed=42&seed=242&seed=4242&seed=2442&prompt=some+trees+in+the+corner+of+a+forest%2C+in+the+style+of+sculptural+architecture%2C+tumblewave%2C+red+and+brown%2C+cabincore%2C+slumped/draped%2C+sustainable+design%2C+mountainous+vistas&modelInputVersion=v2&aspectRatio=portrait&creativity=7&guideStrength=12&exif={""mode""%3A""auto""}&style=bw&style=dramatic_light&style=closeup"
r0b985828t,"students and their supervisors at the louvre palazzo colosseo, in the style of piles/stacks, die brücke, participatory, carved books, street-savvy",134:89,2,8.286161785,8.842778859,0.999,3,1,1,768,960,1024,40,LinearMultistepSampler,VanillaCFG,6.649784282,TRUE,44,EulerAncestralSampler,VanillaCFG,8.21565595,TRUE,2:3,dramatic_light+shot_from_below,widescreen,50,2,manual,16,0.5,198,"https://firefly.adobe.com/generate/images?style=photo&seed=42&seed=242&seed=4242&seed=2442&prompt=students+and+their+supervisors+at+the+louvre+palazzo+colosseo%2C+in+the+style+of+piles/stacks%2C++participatory%2C+carved+books%2C+street-savvy&modelInputVersion=v2&aspectRatio=widescreen&creativity=2&guideStrength=50&exif={""mode""%3A""manual""%2C""details""%3A{""aperture""%3A16%2C""focal_length""%3A198%2C""shutter_speed""%3A0.5}}&style=dramatic_light&style=shot_from_below"
r0b99ac3ct,"an arch structure with a statue on it the photo is of roman catholic cathedral, rome, in the style of marble sculpture, classical portraits, feminist iconography, tondo, vignettes of paris, multi-layered, realistic attention to detail",89:134,2,8.090981538,4.229558907,0.995,2,2,5,768,1344,768,45,EulerEDMSampler,VanillaCFG,5.396353473,TRUE,43,HeunEDMSampler,VanillaCFG,2.957470694,TRUE,16:9,antique_photo+wide_angle,landscape,50,9,manual,16,0.004,260,"https://firefly.adobe.com/generate/images?style=photo&seed=42&seed=242&seed=4242&seed=2442&prompt=an+arch+structure+with+a+statue+on+it+the+photo+is+of+roman+catholic+cathedral%2C+rome%2C+in+the+style+of+marble+sculpture%2C+classical+portraits%2C+feminist+iconography%2C+tondo%2C+vignettes+of+paris%2C+multi-layered%2C+realistic+attention+to+detail&modelInputVersion=v2&aspectRatio=landscape&creativity=9&guideStrength=50&exif={""mode""%3A""manual""%2C""details""%3A{""aperture""%3A16%2C""focal_length""%3A260%2C""shutter_speed""%3A0.004}}&style=antique_photo&style=wide_angle"
r0ba4c4c0t,"a small path through a yellow forest leading straight to the shore, in the style of northern china's terrain, over, high contrast, aquamarine and amber, dark white and orange, cabincore",51:77,1,6.496525033,5.302165544,0.999,2,4,1,512,1088,960,33,LinearMultistepSampler,VanillaCFG,4.664218466,TRUE,34,HeunEDMSampler,VanillaCFG,5.73843504,TRUE,2:1,muted+closeup,widescreen,0,3,manual,16,0.004,286,"https://firefly.adobe.com/generate/images?style=photo&seed=42&seed=242&seed=4242&seed=2442&prompt=a+small+path+through+a+yellow+forest+leading+straight+to+the+shore%2C+in+the+style+of+northern+china's+terrain%2C+over%2C+high+contrast%2C+aquamarine+and+amber%2C+dark+white+and+orange%2C+cabincore&modelInputVersion=v2&aspectRatio=widescreen&creativity=3&guideStrength=0&exif={""mode""%3A""manual""%2C""details""%3A{""aperture""%3A16%2C""focal_length""%3A286%2C""shutter_speed""%3A0.004}}&style=muted&style=closeup"
r0bbbb097t,"the buildings are white with snow, in the style of sunrays shine upon it, swiss style, webcam photography, pastoral charm, overexposure, cabincore",134:89,2,4.84474541,4.926031346,0.998,3,2,0,768,768,1280,49,DPMPP2MSampler,VanillaCFG,2.885303628,TRUE,39,EulerAncestralSampler,IdentityGuider,6.900537395,FALSE,4:5,harsh_light,landscape,100,2,auto,,,,"https://firefly.adobe.com/generate/images?style=photo&seed=42&seed=242&seed=4242&seed=2442&prompt=the+buildings+are+white+with+snow%2C+in+the+style+of+sunrays+shine+upon+it%2C+swiss+style%2C+webcam+photography%2C+pastoral+charm%2C+overexposure%2C+cabincore&modelInputVersion=v2&aspectRatio=landscape&creativity=2&guideStrength=100&exif={""mode""%3A""auto""}&style=harsh_light"
r0bbd0b0et,"a girl in blue shorts stand on a stair next to a windmill, in the style of impressionist gardens, dutch tradition, ethereal trees, light silver and brown, selective focus",77:51,3,4.654356564,3.952921429,0.998,3,0,1,768,832,1216,43,EulerAncestralSampler,IdentityGuider,,FALSE,,,,,,2:1,,widescreen,72,4,manual,4,0.0006,60,"https://firefly.adobe.com/generate/images?style=photo&seed=42&seed=242&seed=4242&seed=2442&prompt=a+girl+in+blue+shorts+stand+on+a+stair+next+to+a+windmill%2C+in+the+style+of+impressionist+gardens%2C+dutch+tradition%2C+ethereal+trees%2C+light+silver+and+brown%2C+selective+focus&modelInputVersion=v2&aspectRatio=widescreen&creativity=4&guideStrength=72&exif={""mode""%3A""manual""%2C""details""%3A{""aperture""%3A4%2C""focal_length""%3A60%2C""shutter_speed""%3A0.0006}}"
r0bc0e549t,"two trees in the view, in the style of roman art and architecture, grandiose ruins, restored and repurposed, rough hewn surfaces",77:51,4,3.903614815,5.295551055,0.995,1,3,1,512,1088,960,37,EulerAncestralSampler,VanillaCFG,6.080783879,TRUE,47,EulerEDMSampler,VanillaCFG,5.751818791,TRUE,4:3,minimalism+fisheye,portrait,50,9,auto,,,,"https://firefly.adobe.com/generate/images?style=photo&seed=42&seed=242&seed=4242&seed=2442&prompt=two+trees+in+the+view%2C+in+the+style+of+roman+art+and+architecture%2C+grandiose+ruins%2C+restored+and+repurposed%2C+rough+hewn+surfaces&modelInputVersion=v2&aspectRatio=portrait&creativity=9&guideStrength=50&exif={""mode""%3A""auto""}&style=minimalism&style=fisheye"
r0bc1a779t,"a large group of large windows with beautiful stained glass, in the style of dark gothic, neue sachlichkeit, zeiss planar t* 80mm f/2.8, dramatic, somber religious works, light orange, ricoh r1, intense light and shadow",77:51,2,3.279737608,4.844158774,1,4,2,2,768,1024,960,35,LinearMultistepSampler,VanillaCFG,5.412078115,TRUE,37,EulerEDMSampler,IdentityGuider,4.327378913,FALSE,16:9,antique_photo+bw+wide_angle,widescreen,100,9,auto,,,,"https://firefly.adobe.com/generate/images?style=photo&seed=42&seed=242&seed=4242&seed=2442&prompt=a+large+group+of+large+windows+with+beautiful+stained+glass%2C+in+the+style+of+dark+gothic%2C+neue+sachlichkeit%2C+zeiss+planar+t*+80mm+f/2.8%2C+dramatic%2C+somber+religious+works%2C+light+orange%2C+ricoh+r1%2C+intense+light+and+shadow&modelInputVersion=v2&aspectRatio=widescreen&creativity=9&guideStrength=100&exif={""mode""%3A""auto""}&style=antique_photo&style=bw&style=wide_angle"
r0bc7d0eet,"the vatican ceiling is decorated with gold painted, in the style of dark teal and dark orange, large canvases, award-winning, historical fiction, ricoh r1, expansive landscapes, pseudo-historical fiction",89:134,1,8.486978124,6.783387888,0.999,3,4,2,768,960,1088,44,HeunEDMSampler,VanillaCFG,3.433892969,TRUE,43,EulerAncestralSampler,VanillaCFG,4.450519871,FALSE,4:5,cool_colors,portrait,57,2,manual,2.8,0.5,273,"https://firefly.adobe.com/generate/images?style=photo&seed=42&seed=242&seed=4242&seed=2442&prompt=the+vatican+ceiling+is+decorated+with+gold+painted%2C+in+the+style+of+dark+teal+and+dark+orange%2C+large+canvases%2C+award-winning%2C+historical+fiction%2C+ricoh+r1%2C+expansive+landscapes%2C+pseudo-historical+fiction&modelInputVersion=v2&aspectRatio=portrait&creativity=2&guideStrength=57&exif={""mode""%3A""manual""%2C""details""%3A{""aperture""%3A2.8%2C""focal_length""%3A273%2C""shutter_speed""%3A0.5}}&style=cool_colors"
r0bc87c20t,"one man is out of the window, in the style of elaborate facades, flemish baroque, architectural details, masonry construction, rounded, post-war french design, streetscape",134:89,1,8.734160846,5.512964874,0.998,2,4,1,768,1088,896,32,EulerEDMSampler,VanillaCFG,6.28351939,TRUE,42,LinearMultistepSampler,IdentityGuider,4.94010464,FALSE,9:16,product_photo+surreal_lighting+shot_from_below,portrait,50,4,manual,2.8,0.5,112,"https://firefly.adobe.com/generate/images?style=photo&seed=42&seed=242&seed=4242&seed=2442&prompt=one+man+is+out+of+the+window%2C+in+the+style+of+elaborate+facades%2C+flemish+baroque%2C+architectural+details%2C+masonry+construction%2C+rounded%2C+post-war+french+design%2C+streetscape&modelInputVersion=v2&aspectRatio=portrait&creativity=4&guideStrength=50&exif={""mode""%3A""manual""%2C""details""%3A{""aperture""%3A2.8%2C""focal_length""%3A112%2C""shutter_speed""%3A0.5}}&style=product_photo&style=surreal_lighting&style=shot_from_below"
r0bf1bbect,"a large arched ceiling in a church, in the style of carl zeiss distagon t* 15mm f/2.8 ze, naturalistic shadows, dark colors, altarpiece, fujifilm eterna 500t type 8573, gothic chic",77:51,2,8.561480753,3.77495925,0.999,3,1,2,768,832,1216,47,DPMPP2MSampler,VanillaCFG,4.65748561,TRUE,39,EulerAncestralSampler,VanillaCFG,3.302858453,TRUE,9:16,multiexposure+knolling,widescreen,100,8,manual,8,0.0006,49,"https://firefly.adobe.com/generate/images?style=photo&seed=42&seed=242&seed=4242&seed=2442&prompt=a+large+arched+ceiling+in+a+church%2C+in+the+style+of+carl+zeiss+distagon+t*+15mm+f/2.8+ze%2C+naturalistic+shadows%2C+dark+colors%2C+altarpiece%2C+fujifilm+eterna+500t+type+8573%2C+gothic+chic&modelInputVersion=v2&aspectRatio=widescreen&creativity=8&guideStrength=100&exif={""mode""%3A""manual""%2C""details""%3A{""aperture""%3A8%2C""focal_length""%3A49%2C""shutter_speed""%3A0.0006}}&style=multiexposure&style=knolling"
r0bf7f938t,"several buildings, both sides of balcony are wooden, in the style of cold and detached atmosphere, photo taken with nikon d750, kodak ektar, medieval, daguerreian, gritty reportage",51:77,2,5.185503263,3.692171625,0.996,2,3,2,512,704,1408,39,LinearMultistepSampler,VanillaCFG,4.128935441,TRUE,56,EulerAncestralSampler,IdentityGuider,7.772852952,TRUE,2:3,golden_hour+landscape_photography,widescreen,36,2,manual,16,0.066,96,"https://firefly.adobe.com/generate/images?style=photo&seed=42&seed=242&seed=4242&seed=2442&prompt=several+buildings%2C+both+sides+of+balcony+are+wooden%2C+in+the+style+of+cold+and+detached+atmosphere%2C+photo+taken+with+nikon+d750%2C+kodak+ektar%2C+medieval%2C+daguerreian%2C+gritty+reportage&modelInputVersion=v2&aspectRatio=widescreen&creativity=2&guideStrength=36&exif={""mode""%3A""manual""%2C""details""%3A{""aperture""%3A16%2C""focal_length""%3A96%2C""shutter_speed""%3A0.066}}&style=golden_hour&style=landscape_photography"
r0c03e364t,"green trees growing behind the houses, in the style of mountainous vistas, rodenstock imagon 300mm f/5.8, bronzino, 32k uhd, telephoto lens, rectangular fields, lively tableaus",77:51,4,3.466879239,6.981203095,0.997,2,3,0,768,960,1024,38,EulerAncestralSampler,VanillaCFG,6.13397896,FALSE,,,,,,1:2,photographed_through_window,landscape,0,10,auto,,,,"https://firefly.adobe.com/generate/images?style=photo&seed=42&seed=242&seed=4242&seed=2442&prompt=green+trees+growing+behind+the+houses%2C+in+the+style+of+mountainous+vistas%2C+rodenstock+imagon+300mm+f/5.8%2C+bronzino%2C+32k+uhd%2C+telephoto+lens%2C+rectangular+fields%2C+lively+tableaus&modelInputVersion=v2&aspectRatio=landscape&creativity=10&guideStrength=0&exif={""mode""%3A""auto""}&style=photographed_through_window"
r0c0d0adct,"a view of a mountain valley with some trees and green, in the style of swiss style, regionalism, rectangular fields, light gray and green, fujifilm pro 400h, whistlerian, soggy",77:51,2,6.636086958,5.594244765,0.997,2,0,2,512,1152,832,32,DPMPP2SAncestralSampler,VanillaCFG,8.951799183,FALSE,,,,,,3:4,long-time_exposure+closeup,portrait,50,5,auto,,,,"https://firefly.adobe.com/generate/images?style=photo&seed=42&seed=242&seed=4242&seed=2442&prompt=a+view+of+a+mountain+valley+with+some+trees+and+green%2C+in+the+style+of+swiss+style%2C+regionalism%2C+rectangular+fields%2C+light+gray+and+green%2C+fujifilm+pro+400h%2C+whistlerian%2C+soggy&modelInputVersion=v2&aspectRatio=portrait&creativity=5&guideStrength=50&exif={""mode""%3A""auto""}&style=long-time_exposure&style=closeup"
r0c1de5e1t,"a pair of gothic towering windows and the surrounding skyline, in the style of organic sculptures, italian renaissance revival, light white and light gray, lively tableaus, selective focus, yankeecore, repetition and pattern --ar 77:51",77:51,2,2.861699637,3.789304061,0.999,2,2,0,768,768,1280,45,EulerAncestralSampler,VanillaCFG,4.721069749,TRUE,33,EulerEDMSampler,IdentityGuider,1.275368313,FALSE,1:1,cool_colors+long-time_exposure,square,100,5,auto,,,,"https://firefly.adobe.com/generate/images?style=photo&seed=42&seed=242&seed=4242&seed=2442&prompt=a+pair+of+gothic+towering+windows+and+the+surrounding+skyline%2C+in+the+style+of+organic+sculptures%2C+italian+renaissance+revival%2C+light+white+and+light+gray%2C+lively+tableaus%2C+selective+focus%2C+yankeecore%2C+repetition+and+pattern+--ar+77:51&modelInputVersion=v2&aspectRatio=square&creativity=5&guideStrength=100&exif={""mode""%3A""auto""}&style=cool_colors&style=long-time_exposure"
r0c1f588dt,"mountains in the foreground, in the style of romanesque, light white and light cyan, low-angle shots, explosive pigmentation, strong facial expression, sacricore, spiky mounds",77:51,3,6.40953923,5.847011144,0.998,3,0,0,768,1536,640,40,EulerEDMSampler,VanillaCFG,3.620595574,TRUE,48,DPMPP2MSampler,VanillaCFG,6.065541566,TRUE,4:5,harsh_light+shallow_depth_of_field,portrait,100,4,auto,,,,"https://firefly.adobe.com/generate/images?style=photo&seed=42&seed=242&seed=4242&seed=2442&prompt=mountains+in+the+foreground%2C+in+the+style+of+romanesque%2C+light+white+and+light+cyan%2C+low-angle+shots%2C+explosive+pigmentation%2C+strong+facial+expression%2C+sacricore%2C+spiky+mounds&modelInputVersion=v2&aspectRatio=portrait&creativity=4&guideStrength=100&exif={""mode""%3A""auto""}&style=harsh_light&style=shallow_depth_of_field"
r0c2fb2a1t,"the crowd is with umbrellas in the vatican piazza, in the style of imposing monumentality, patience of a saint, gray and amber, emancicore, low-angle shots, depictions of inclement weather, creative commons attribution",134:89,3,8.310455494,8.626260757,0.999,2,2,3,512,1472,704,42,LinearMultistepSampler,VanillaCFG,5.610121642,TRUE,39,HeunEDMSampler,VanillaCFG,3.580534385,TRUE,2:3,antique_photo+underwater+bw+surreal_lighting,landscape,50,9,auto,,,,"https://firefly.adobe.com/generate/images?style=photo&seed=42&seed=242&seed=4242&seed=2442&prompt=the+crowd+is+with+umbrellas+in+the+vatican+piazza%2C+in+the+style+of+imposing+monumentality%2C+patience+of+a+saint%2C+gray+and+amber%2C+emancicore%2C+low-angle+shots%2C+depictions+of+inclement+weather%2C+creative+commons+attribution&modelInputVersion=v2&aspectRatio=landscape&creativity=9&guideStrength=50&exif={""mode""%3A""auto""}&style=antique_photo&style=underwater&style=bw&style=surreal_lighting"
r0c32591dt,last cherry blossoms around the grass,77:51,4,6.489395191,3.881278217,0.997,2,3,3,768,1088,896,42,DPMPP2SAncestralSampler,IdentityGuider,,TRUE,37,EulerEDMSampler,IdentityGuider,,TRUE,3:4,surreal_lighting,portrait,0,4,auto,,,,"https://firefly.adobe.com/generate/images?style=photo&seed=42&seed=242&seed=4242&seed=2442&prompt=last+cherry+blossoms+around+the+grass&modelInputVersion=v2&aspectRatio=portrait&creativity=4&guideStrength=0&exif={""mode""%3A""auto""}&style=surreal_lighting"
r0c3a8ea0t,"view of the side of the notre-dame-de-paris spire, in the style of pre-world war ii school of paris, sark white and sky-blue, gothic romanticism, historical significance",77:51,3,4.829522558,5.219547702,0.999,1,0,3,768,1152,896,37,HeunEDMSampler,VanillaCFG,1.735688847,TRUE,35,HeunEDMSampler,VanillaCFG,5.222844524,TRUE,3:4,studio_light+photographed_through_window,landscape,100,7,manual,1.2,1,176,"https://firefly.adobe.com/generate/images?style=photo&seed=42&seed=242&seed=4242&seed=2442&prompt=view+of+the+side+of+the+notre-dame-de-paris+spire%2C+in+the+style+of+pre-world+war+ii+school+of+paris%2C+sark+white+and+sky-blue%2C+gothic+romanticism%2C+historical+significance&modelInputVersion=v2&aspectRatio=landscape&creativity=7&guideStrength=100&exif={""mode""%3A""manual""%2C""details""%3A{""aperture""%3A1.2%2C""focal_length""%3A176%2C""shutter_speed""%3A1}}&style=studio_light&style=photographed_through_window"
r0c486c0at,"a truck is decorated with stains, in the style of explosive and chaotic, celebration of rural life, chaotic academia, dark azure and gold, dynamic and exaggerated facial expressions, konica auto s3",77:51,3,3.839320967,5.06513836,0.998,1,5,3,512,1536,640,41,DPMPP2SAncestralSampler,VanillaCFG,2.303420695,TRUE,39,HeunEDMSampler,IdentityGuider,6.173881834,TRUE,9:16,shot_from_below,landscape,100,9,auto,,,,"https://firefly.adobe.com/generate/images?style=photo&seed=42&seed=242&seed=4242&seed=2442&prompt=a+truck+is+decorated+with+stains%2C+in+the+style+of+explosive+and+chaotic%2C+celebration+of+rural+life%2C+chaotic+academia%2C+dark+azure+and+gold%2C+dynamic+and+exaggerated+facial+expressions%2C+konica+auto+s3&modelInputVersion=v2&aspectRatio=landscape&creativity=9&guideStrength=100&exif={""mode""%3A""auto""}&style=shot_from_below"
r0c5e9567t,"a pigeon sitting on a ledge next to a fountain, in the style of dark green and black, blown-off-roof perspective, marble, selective focus, romanesque, hispanicore, varied brushwork techniques",77:51,2,6.916778916,4.135235682,0.997,3,4,9,768,1536,640,36,LinearMultistepSampler,VanillaCFG,6.59520655,TRUE,38,EulerAncestralSampler,VanillaCFG,5.408002647,TRUE,1:1,warm_colors+shot_from_below,landscape,59,8,auto,,,,"https://firefly.adobe.com/generate/images?style=photo&seed=42&seed=242&seed=4242&seed=2442&prompt=a+pigeon+sitting+on+a+ledge+next+to+a+fountain%2C+in+the+style+of+dark+green+and+black%2C+blown-off-roof+perspective%2C+marble%2C+selective+focus%2C+romanesque%2C+hispanicore%2C+varied+brushwork+techniques&modelInputVersion=v2&aspectRatio=landscape&creativity=8&guideStrength=59&exif={""mode""%3A""auto""}&style=warm_colors&style=shot_from_below"
r0c6cf00bt,"grey street near buildings, in the style of ethereal trees, vignettes of paris",51:77,1,8.189827445,2.99501431,0.997,4,3,0,512,1280,768,37,HeunEDMSampler,VanillaCFG,3.791426975,FALSE,,,,,,1:1,monochromatic+backlighting,square,100,2,manual,1.2,0.5,33,"https://firefly.adobe.com/generate/images?style=photo&seed=42&seed=242&seed=4242&seed=2442&prompt=grey+street+near+buildings%2C+in+the+style+of+ethereal+trees%2C+vignettes+of+paris&modelInputVersion=v2&aspectRatio=square&creativity=2&guideStrength=100&exif={""mode""%3A""manual""%2C""details""%3A{""aperture""%3A1.2%2C""focal_length""%3A33%2C""shutter_speed""%3A0.5}}&style=monochromatic&style=backlighting"
r0c764979t,"roman ruins in rome b03745690918, in the style of earthworks, religious building, melting pots, orderly symmetry",77:51,4,5.71365435,5.139617339,1,2,1,4,512,1600,640,42,DPMPP2SAncestralSampler,IdentityGuider,,TRUE,40,LinearMultistepSampler,IdentityGuider,,TRUE,3:4,photographed_through_window,widescreen,18,2,manual,1.4,0.016,109,"https://firefly.adobe.com/generate/images?style=photo&seed=42&seed=242&seed=4242&seed=2442&prompt=roman+ruins+in+rome+b03745690918%2C+in+the+style+of+earthworks%2C+religious+building%2C+melting+pots%2C+orderly+symmetry&modelInputVersion=v2&aspectRatio=widescreen&creativity=2&guideStrength=18&exif={""mode""%3A""manual""%2C""details""%3A{""aperture""%3A1.4%2C""focal_length""%3A109%2C""shutter_speed""%3A0.016}}&style=photographed_through_window"
r0c795771t,"old tesseract artifact in a museum. soft lighting, microfilm, archaeological object, smooth surfaces, frontal perspective",134:89,3,8.680651727,3.915933756,0.997,4,0,1,512,1024,1024,48,LinearMultistepSampler,VanillaCFG,8.090559409,TRUE,37,HeunEDMSampler,VanillaCFG,3.216367425,TRUE,9:16,cool_colors+shot_from_below,portrait,100,7,manual,22,0.016,163,"https://firefly.adobe.com/generate/images?style=photo&seed=42&seed=242&seed=4242&seed=2442&prompt=old+tesseract+artifact+in+a+museum.+soft+lighting%2C+microfilm%2C+archaeological+object%2C+smooth+surfaces%2C+frontal+perspective&modelInputVersion=v2&aspectRatio=portrait&creativity=7&guideStrength=100&exif={""mode""%3A""manual""%2C""details""%3A{""aperture""%3A22%2C""focal_length""%3A163%2C""shutter_speed""%3A0.016}}&style=cool_colors&style=shot_from_below"
r0c7fcc38t,"the house is green, in the style of dutch golden age, weathered materials, colorful sidewalk scenes, extreme angle, dark white and light silver, double lines, arched doorways",77:51,1,3.380625554,8.814982153,0.998,1,3,0,768,1024,960,36,EulerEDMSampler,VanillaCFG,5.652991712,TRUE,39,DPMPP2MSampler,VanillaCFG,3.332969603,TRUE,1:1,shallow_depth_of_field,widescreen,50,3,auto,,,,"https://firefly.adobe.com/generate/images?style=photo&seed=42&seed=242&seed=4242&seed=2442&prompt=the+house+is+green%2C+in+the+style+of+dutch+golden+age%2C+weathered+materials%2C+colorful+sidewalk+scenes%2C+extreme+angle%2C+dark+white+and+light+silver%2C+double+lines%2C+arched+doorways&modelInputVersion=v2&aspectRatio=widescreen&creativity=3&guideStrength=50&exif={""mode""%3A""auto""}&style=shallow_depth_of_field"
r0c8f3ce5t,"the water is blue, in the style of mountainous vistas, white and green, tokina opera 50mm f/1.4 ff, detailed foliage, panorama, light green and dark black",77:51,2,4.570305871,2.681349597,0.997,1,9,0,512,1664,576,41,LinearMultistepSampler,IdentityGuider,,TRUE,40,EulerEDMSampler,VanillaCFG,,TRUE,2:1,studio_light,portrait,90,5,auto,,,,"https://firefly.adobe.com/generate/images?style=photo&seed=42&seed=242&seed=4242&seed=2442&prompt=the+water+is+blue%2C+in+the+style+of+mountainous+vistas%2C+white+and+green%2C+tokina+opera+50mm+f/1.4+ff%2C+detailed+foliage%2C+panorama%2C+light+green+and+dark+black&modelInputVersion=v2&aspectRatio=portrait&creativity=5&guideStrength=90&exif={""mode""%3A""auto""}&style=studio_light"
r0c925d34t,"an image of the leaning spire, in the style of cinquecento, light white and light navy, intricate patterns and details, animalier, imposing monumentality, monumental ensembles, majestic ports",51:77,3,6.083151854,4.177054279,0.995,2,2,2,768,832,1152,37,HeunEDMSampler,IdentityGuider,,TRUE,37,LinearMultistepSampler,IdentityGuider,,TRUE,9:16,golden_hour,landscape,50,2,auto,,,,"https://firefly.adobe.com/generate/images?style=photo&seed=42&seed=242&seed=4242&seed=2442&prompt=an+image+of+the+leaning+spire%2C++light+white+and+light+navy%2C+intricate+patterns+and+details%2C+animalier%2C+imposing+monumentality%2C+monumental+ensembles%2C+majestic+ports&modelInputVersion=v2&aspectRatio=landscape&creativity=2&guideStrength=50&exif={""mode""%3A""auto""}&style=golden_hour"
r0c9e4ff8t,"people outside with some people sitting next to them, in the style of dutch tradition, detailed crowd scenes, hdr, violet and brown, uniformly staged images, realistic blue skies, anglocore",134:89,1,6.455451405,7.630838704,0.998,3,3,2,768,896,1088,34,EulerAncestralSampler,VanillaCFG,8.721895413,TRUE,42,DPMPP2SAncestralSampler,IdentityGuider,3.604459553,FALSE,16:9,harsh_light+closeup,portrait,50,6,auto,,,,"https://firefly.adobe.com/generate/images?style=photo&seed=42&seed=242&seed=4242&seed=2442&prompt=people+outside+with+some+people+sitting+next+to+them%2C+in+the+style+of+dutch+tradition%2C+detailed+crowd+scenes%2C+hdr%2C+violet+and+brown%2C+uniformly+staged+images%2C+realistic+blue+skies%2C+anglocore&modelInputVersion=v2&aspectRatio=portrait&creativity=6&guideStrength=50&exif={""mode""%3A""auto""}&style=harsh_light&style=closeup"
r0cbdc6f8t,"a view of a downtown area, in the style of romanesque, roman art and architecture, contrapposto emphasis, imposing monumentality, sacricore",51:77,2,6.454494613,7.793205716,0.998,2,0,4,768,832,1216,48,DPMPP2MSampler,VanillaCFG,6.253216282,TRUE,46,DPMPP2MSampler,VanillaCFG,4.416108835,TRUE,3:2,harsh_light+photographed_through_window,widescreen,100,9,auto,,,,"https://firefly.adobe.com/generate/images?style=photo&seed=42&seed=242&seed=4242&seed=2442&prompt=a+view+of+a+downtown+area%2C+in+the+style+of+romanesque%2C+roman+art+and+architecture%2C+contrapposto+emphasis%2C+imposing+monumentality%2C+sacricore&modelInputVersion=v2&aspectRatio=widescreen&creativity=9&guideStrength=100&exif={""mode""%3A""auto""}&style=harsh_light&style=photographed_through_window"
r0cc5a33ct,"a fenced playground with slides and children games by a snowy mountain, a man in red jacket sitting on a bench, in the style of snow scenes, site-specific works, yellow and emerald, reportage style, sun-soaked colours",134:89,2,4.216507719,4.768546658,0.996,3,2,2,768,1344,704,33,EulerAncestralSampler,VanillaCFG,4.007113874,FALSE,,,,,,4:5,golden_hour+photographed_through_window,square,50,2,auto,,,,"https://firefly.adobe.com/generate/images?style=photo&seed=42&seed=242&seed=4242&seed=2442&prompt=a+fenced+playground+with+slides+and+children+games+by+a+snowy+mountain%2C+a+man+in+red+jacket+sitting+on+a+bench%2C+in+the+style+of+snow+scenes%2C+site-specific+works%2C+yellow+and+emerald%2C+reportage+style%2C+sun-soaked+colours&modelInputVersion=v2&aspectRatio=square&creativity=2&guideStrength=50&exif={""mode""%3A""auto""}&style=golden_hour&style=photographed_through_window"
r0cd4ffb0t,"the city of paris has a beautiful park, in the style of light gray and green, neoclassical figures, made of vines, documentary travel photography, overexposure, passage, rectangular fields",77:51,2,2.611843124,8.003380779,0.999,2,3,2,768,1280,768,49,DPMPP2MSampler,IdentityGuider,,TRUE,39,EulerAncestralSampler,VanillaCFG,,TRUE,5:4,monochromatic,square,21,2,auto,,,,"https://firefly.adobe.com/generate/images?style=photo&seed=42&seed=242&seed=4242&seed=2442&prompt=the+city+of+paris+has+a+beautiful+park%2C+in+the+style+of+light+gray+and+green%2C+neoclassical+figures%2C+made+of+vines%2C+documentary+travel+photography%2C+overexposure%2C+passage%2C+rectangular+fields&modelInputVersion=v2&aspectRatio=square&creativity=2&guideStrength=21&exif={""mode""%3A""auto""}&style=monochromatic"
r0cea5432t,"an image of white swans swimming in the shallow water, in the style of naturalistic light and shadow, danube school, close-up intensity, kodak portra, dignified poses, dark white and light red, high quality photo, danube schoool, characterized animals, joyful and optimistic, close-up, realistic portrayal of light and shadow",77:51,3,3.587216629,6.149234793,0.996,3,3,1,512,1408,704,38,LinearMultistepSampler,IdentityGuider,,TRUE,39,DPMPP2MSampler,VanillaCFG,,TRUE,4:3,divine+misty+cool_colors,landscape,0,2,manual,1.4,0.0006,232,"https://firefly.adobe.com/generate/images?style=photo&seed=42&seed=242&seed=4242&seed=2442&prompt=an+image+of+white+swans+swimming+in+the+shallow+water%2C+in+the+style+of+naturalistic+light+and+shadow%2C+danube+school%2C+close-up+intensity%2C+kodak+portra%2C+dignified+poses%2C+dark+white+and+light+red%2C+high+quality+photo%2C+danube+schoool%2C+characterized+animals%2C+joyful+and+optimistic%2C+close-up%2C+realistic+portrayal+of+light+and+shadow&modelInputVersion=v2&aspectRatio=landscape&creativity=2&guideStrength=0&exif={""mode""%3A""manual""%2C""details""%3A{""aperture""%3A1.4%2C""focal_length""%3A232%2C""shutter_speed""%3A0.0006}}&style=divine&style=misty&style=cool_colors"
r0cfedd72t,"a statue in the middle of an ornate building :: with a candle is shown in the background, in the style of trompe-l'oeil folds, in the style of biblical themes, marble, passage, use of precious materials, light white and green, spontaneous gesture, marbleized, biblical grandeur, detailed architectural elements, marble, camera tossing, raphael, graffiti installations",51:77,3,7.308713807,4.75528111,0.997,3,2,2,768,1088,960,48,HeunEDMSampler,VanillaCFG,5.168687454,FALSE,,,,,,9:16,divine+otherworldly_depiction,portrait,100,8,manual,22,0.125,101,"https://firefly.adobe.com/generate/images?style=photo&seed=42&seed=242&seed=4242&seed=2442&prompt=a+statue+in+the+middle+of+an+ornate+building+::+with+a+candle+is+shown+in+the+background%2C+in+the+style+of+trompe-l'oeil+folds%2C+in+the+style+of+biblical+themes%2C+marble%2C+passage%2C+use+of+precious+materials%2C+light+white+and+green%2C+spontaneous+gesture%2C+marbleized%2C+biblical+grandeur%2C+detailed+architectural+elements%2C+marble%2C+camera+tossing%2C+raphael%2C+graffiti+installations&modelInputVersion=v2&aspectRatio=portrait&creativity=8&guideStrength=100&exif={""mode""%3A""manual""%2C""details""%3A{""aperture""%3A22%2C""focal_length""%3A101%2C""shutter_speed""%3A0.125}}&style=divine&style=otherworldly_depiction"
r0d0ff43at,"statue of 'Psyche Revived by Cupid's Kiss', in the style of antonio canova, statue of an angel kissing a greek goddess, underexposed",51:77,2,6.788585569,8.506671175,1,2,2,2,768,896,1088,32,LinearMultistepSampler,VanillaCFG,2.888310764,TRUE,43,LinearMultistepSampler,IdentityGuider,4.092810339,TRUE,2:1,otherworldly_depiction,portrait,17,4,manual,5.6,1,24,"https://firefly.adobe.com/generate/images?style=photo&seed=42&seed=242&seed=4242&seed=2442&prompt=statue+of+'Psyche+Revived+by+Cupid's+Kiss'%2C+in+the+style+of+antonio+canova%2C+statue+of+an+angel+kissing+a+greek+goddess%2C+underexposed&modelInputVersion=v2&aspectRatio=portrait&creativity=4&guideStrength=17&exif={""mode""%3A""manual""%2C""details""%3A{""aperture""%3A5.6%2C""focal_length""%3A24%2C""shutter_speed""%3A1}}&style=otherworldly_depiction"
r0d0ff4c2t,"a narrow path through the bushy area with a rocky path, in the style of swiss style, dark beige and light azure, grandeur of scale, monumental vistas, clear and crisp, tondo, multilayered surfaces",77:51,2,3.244972661,6.901403755,0.999,4,2,3,512,832,1216,41,DPMPP2MSampler,VanillaCFG,8.492655679,TRUE,40,LinearMultistepSampler,VanillaCFG,2.091035557,TRUE,5:4,vibrant_colors,square,94,6,manual,16,0.066,207,"https://firefly.adobe.com/generate/images?style=photo&seed=42&seed=242&seed=4242&seed=2442&prompt=a+narrow+path+through+the+bushy+area+with+a+rocky+path%2C+in+the+style+of+swiss+style%2C+dark+beige+and+light+azure%2C+grandeur+of+scale%2C+monumental+vistas%2C+clear+and+crisp%2C+tondo%2C+multilayered+surfaces&modelInputVersion=v2&aspectRatio=square&creativity=6&guideStrength=94&exif={""mode""%3A""manual""%2C""details""%3A{""aperture""%3A16%2C""focal_length""%3A207%2C""shutter_speed""%3A0.066}}&style=vibrant_colors"
r0d1dd61ft,"the dune grasses and trees in the woods, in the style of reflex reflections, dark beige and brown, intertwined networks, sigma 85mm f/1.4 dg hsm art, hyper-realistic water, intricate woodcut designs, twisted branches, a marsh of old, dried brush, in the style of dark reflections, intertwined networks, matte photo, bentwood, zeiss planar t* 80mm f/2.8, dark brown and dark beige, exacting precision ",51:77,2,6.587381965,5.201956914,0.997,2,9,9,512,1728,576,43,EulerAncestralSampler,IdentityGuider,,FALSE,,,,,,2:1,,landscape,100,10,auto,,,,"https://firefly.adobe.com/generate/images?style=photo&seed=42&seed=242&seed=4242&seed=2442&prompt=the+dune+grasses+and+trees+in+the+woods%2C+in+the+style+of+reflex+reflections%2C+dark+beige+and+brown%2C+intertwined+networks%2C+sigma+85mm+f/1.4+dg+hsm+art%2C+hyper-realistic+water%2C+intricate+woodcut+designs%2C+twisted+branches%2C+a+marsh+of+old%2C+dried+brush%2C+in+the+style+of+dark+reflections%2C+intertwined+networks%2C+matte+photo%2C+bentwood%2C+zeiss+planar+t*+80mm+f/2.8%2C+dark+brown+and+dark+beige%2C+exacting+precision+&modelInputVersion=v2&aspectRatio=landscape&creativity=10&guideStrength=100&exif={""mode""%3A""auto""}"
r0d280006t,"a brick building in the background, in the style of quadratura, atmospheric installations, letterboxing, sacricore, ethereal trees, sgrafitto, bronze and amber, a wooden bench in front of a building, in the style of terracotta, punctured canvases, atmospheric installations, sacricore, steel/iron frame construction, ethereal trees, literary excavations",77:51,4,4.451811485,8.476673415,1,3,3,5,768,1344,768,38,EulerAncestralSampler,IdentityGuider,,TRUE,43,DPMPP2SAncestralSampler,IdentityGuider,,TRUE,3:4,,square,36,2,manual,5.6,0.066,228,"https://firefly.adobe.com/generate/images?style=photo&seed=42&seed=242&seed=4242&seed=2442&prompt=a+brick+building+in+the+background%2C+in+the+style+of+quadratura%2C+atmospheric+installations%2C+letterboxing%2C+sacricore%2C+ethereal+trees%2C+sgrafitto%2C+bronze+and+amber%2C+a+wooden+bench+in+front+of+a+building%2C+in+the+style+of+terracotta%2C+punctured+canvases%2C+atmospheric+installations%2C+sacricore%2C+steel/iron+frame+construction%2C+ethereal+trees%2C+literary+excavations&modelInputVersion=v2&aspectRatio=square&creativity=2&guideStrength=36&exif={""mode""%3A""manual""%2C""details""%3A{""aperture""%3A5.6%2C""focal_length""%3A228%2C""shutter_speed""%3A0.066}}"
r0d61db4ct,"the picture was taken from a hilltop, in the style of neue sachlichkeit, mountainous vistas, mountains beyond the view, trees with large foliage on them, emerald and azure",77:51,1,4.54742108,7.189756401,0.999,1,3,0,768,896,1152,42,EulerEDMSampler,VanillaCFG,3.577160606,FALSE,,,,,,9:16,,landscape,0,8,manual,5.6,0.008,92,"https://firefly.adobe.com/generate/images?style=photo&seed=42&seed=242&seed=4242&seed=2442&prompt=the+picture+was+taken+from+a+hilltop%2C+in+the+style+of+neue+sachlichkeit%2C+mountainous+vistas%2C+mountains+beyond+the+view%2C+trees+with+large+foliage+on+them%2C+emerald+and+azure&modelInputVersion=v2&aspectRatio=landscape&creativity=8&guideStrength=0&exif={""mode""%3A""manual""%2C""details""%3A{""aperture""%3A5.6%2C""focal_length""%3A92%2C""shutter_speed""%3A0.008}}"
r0d796d4ft,"a stone sculpture of angels standing by a door sculpture in a room, in the style of romantic depictions of historical events, grave of saints in italy, in the style of american barbizon school, queer academia, marble, thx sound, elaborate calligraphy, detailed architecture, art of the congo, marble carvings in a marble tomb, in the style of text-based installations, barroco, realistic attention to detail, heroic masculinity, confessional, decisive moment, spectacular backdrops",89:134,1,4.758699311,6.804429566,0.996,3,3,0,768,768,1280,44,EulerEDMSampler,VanillaCFG,6.767815,FALSE,,,,,,3:2,,widescreen,46,6,manual,1.4,1,77,"https://firefly.adobe.com/generate/images?style=photo&seed=42&seed=242&seed=4242&seed=2442&prompt=a+stone+sculpture+of+angels+standing+by+a+door+sculpture+in+a+room%2C+in+the+style+of+romantic+depictions+of+historical+events%2C+grave+of+saints+in+italy%2C+in+the+style+of+american+barbizon+school%2C+queer+academia%2C+marble%2C+thx+sound%2C+elaborate+calligraphy%2C+detailed+architecture%2C+art+of+the+congo%2C+marble+carvings+in+a+marble+tomb%2C+in+the+style+of+text-based+installations%2C+barroco%2C+realistic+attention+to+detail%2C+heroic+masculinity%2C+confessional%2C+decisive+moment%2C+spectacular+backdrops&modelInputVersion=v2&aspectRatio=widescreen&creativity=6&guideStrength=46&exif={""mode""%3A""manual""%2C""details""%3A{""aperture""%3A1.4%2C""focal_length""%3A77%2C""shutter_speed""%3A1}}"
r0d8d62edt,"close-up of white and yellow daisies blooming together in the green grass, in the style of selective focus bokeh, whirring contrivances, macro photography, matte photo, pictorial harmony, nature inspired, soft focal points, yellow and green",77:51,3,8.842778859,8.537498581,0.999,4,3,5,768,704,1408,45,EulerAncestralSampler,VanillaCFG,5.269986615,TRUE,36,EulerAncestralSampler,VanillaCFG,6.331016291,TRUE,1:1,underwater+misty+studio_light+surface_detail,portrait,50,10,auto,,,,"https://firefly.adobe.com/generate/images?style=photo&seed=42&seed=242&seed=4242&seed=2442&prompt=close-up+of+white+and+yellow+daisies+blooming+together+in+the+green+grass%2C+in+the+style+of+selective+focus+bokeh%2C+whirring+contrivances%2C+macro+photography%2C+matte+photo%2C+pictorial+harmony%2C+nature+inspired%2C+soft+focal+points%2C+yellow+and+green&modelInputVersion=v2&aspectRatio=portrait&creativity=10&guideStrength=50&exif={""mode""%3A""auto""}&style=underwater&style=misty&style=studio_light&style=surface_detail"
r0db011b4t,"pine trees growing in the valley, in the style of south american landscapes, imposing monumentality, naturecore, whistlerian, heidelberg school of photography, romanesque, expansive landscapes, monumental vistas, soft mist, grassy green, hills, hazy, sky is cloudy, romanticized country life, dark emerald and light brown, trees in foreground hiding the bottom part of the view in the photo",77:51,4,4.229558907,3.12723611,0.997,4,4,2,512,832,1152,39,LinearMultistepSampler,IdentityGuider,,TRUE,38,EulerEDMSampler,VanillaCFG,,TRUE,5:4,,widescreen,50,9,manual,22,0.0006,82,"https://firefly.adobe.com/generate/images?style=photo&seed=42&seed=242&seed=4242&seed=2442&prompt=pine+trees+growing+in+the+valley%2C+in+the+style+of+south+american+landscapes%2C+imposing+monumentality%2C+naturecore%2C+whistlerian%2C+heidelberg+school+of+photography%2C+romanesque%2C+expansive+landscapes%2C+monumental+vistas%2C+soft+mist%2C+grassy+green%2C+hills%2C+hazy%2C+sky+is+cloudy%2C+romanticized+country+life%2C+dark+emerald+and+light+brown%2C+trees+in+foreground+hiding+the+bottom+part+of+the+view+in+the+photo&modelInputVersion=v2&aspectRatio=widescreen&creativity=9&guideStrength=50&exif={""mode""%3A""manual""%2C""details""%3A{""aperture""%3A22%2C""focal_length""%3A82%2C""shutter_speed""%3A0.0006}}"
r0db31c3ft,"the lake with green water is in a dense lush forest, in the style of finnish landscape, voigtlander bessa r2m, finnish landscapes, light sky-blue and light gray, swiss style, zen buddhism influence, fujifilm gw690iii, spectacular backdrops, grandeur of scale, calm waters, hazy landscapes, naturalistica landscape background",77:51,2,5.302165544,7.32713172,0.998,2,3,4,768,1600,640,40,DPMPP2MSampler,VanillaCFG,6.755416177,TRUE,48,DPMPP2SAncestralSampler,IdentityGuider,7.575067813,TRUE,1:1,landscape_photography,portrait,0,6,manual,22,0.5,113,"https://firefly.adobe.com/generate/images?style=photo&seed=42&seed=242&seed=4242&seed=2442&prompt=the+lake+with+green+water+is+in+a+dense+lush+forest%2C+in+the+style+of+finnish+landscape%2C+voigtlander+bessa+r2m%2C+finnish+landscapes%2C+light+sky-blue+and+light+gray%2C+swiss+style%2C+zen+buddhism+influence%2C+fujifilm+gw690iii%2C+spectacular+backdrops%2C+grandeur+of+scale%2C+calm+waters%2C+hazy+landscapes%2C+naturalistica+landscape+background&modelInputVersion=v2&aspectRatio=portrait&creativity=6&guideStrength=0&exif={""mode""%3A""manual""%2C""details""%3A{""aperture""%3A22%2C""focal_length""%3A113%2C""shutter_speed""%3A0.5}}&style=landscape_photography"
r0db6cc31t,"people are walking in the piazza del duomo, in the style of street fashion, consumerisum critique, hall of mirrors, depictions of inclement weather, the floor is wet and reflective, photobash, public interventions, futuristic gothic, cold and detached atmosphere, camera tossing",77:51,1,4.926031346,2.853242325,0.996,3,1,4,768,960,1024,35,HeunEDMSampler,VanillaCFG,4.980222082,TRUE,39,DPMPP2MSampler,VanillaCFG,5.220662589,TRUE,16:9,otherworldly_depiction+low_lighting+photographed_through_window,portrait,100,3,auto,,,,"https://firefly.adobe.com/generate/images?style=photo&seed=42&seed=242&seed=4242&seed=2442&prompt=people+are+walking+in+the+piazza+del+duomo%2C+in+the+style+of+street+fashion%2C+consumerisum+critique%2C+hall+of+mirrors%2C+depictions+of+inclement+weather%2C+the+floor+is+wet+and+reflective%2C+photobash%2C+public+interventions%2C+futuristic+gothic%2C+cold+and+detached+atmosphere%2C+camera+tossing&modelInputVersion=v2&aspectRatio=portrait&creativity=3&guideStrength=100&exif={""mode""%3A""auto""}&style=otherworldly_depiction&style=low_lighting&style=photographed_through_window"
r0dd60980t,"photo of a map of the rome archeological site 'archeologici di roma' in the ancient roman city of rome, the large board says the location of ancient civilizations, in the style of focus stacking, light red and dark brown, sacricore, grandiose ruins, aerial view, 1960s, sign surrounded by map of the old town",134:89,3,3.952921429,8.488249103,0.998,2,0,9,768,1664,576,40,HeunEDMSampler,IdentityGuider,,TRUE,39,DPMPP2SAncestralSampler,VanillaCFG,,FALSE,3:4,studio_light+closeup,square,0,10,auto,,,,"https://firefly.adobe.com/generate/images?style=photo&seed=42&seed=242&seed=4242&seed=2442&prompt=photo+of+a+map+of+the+rome+archeological+site+'archeologici+di+roma'+in+the+ancient+roman+city+of+rome%2C+the+large+board+says+the+location+of+ancient+civilizations%2C+in+the+style+of+focus+stacking%2C+light+red+and+dark+brown%2C+sacricore%2C+grandiose+ruins%2C+aerial+view%2C+1960s%2C+sign+surrounded+by+map+of+the+old+town&modelInputVersion=v2&aspectRatio=square&creativity=10&guideStrength=0&exif={""mode""%3A""auto""}&style=studio_light&style=closeup"
r0dd6e8f4t,"the ancient city of perugia’s courtyard contains many arches and fountains, in the style of candid shots, venetian school, ceramicist storyteller, matte photo, telephoto lens, an archway around a fountain with people in the background, in the style of venetian school, quiet contemplation, ceramicist storyteller, use of traditional techniques, thermal camera, dark red and green",77:51,4,5.295551055,5.763598178,0.996,3,2,2,512,1280,768,33,DPMPP2MSampler,IdentityGuider,,TRUE,45,EulerAncestralSampler,VanillaCFG,,TRUE,2:1,minimalism+product_photo+simple+antique_photo+multiexposure+macrophotography,landscape,0,10,manual,2.8,1,22,"https://firefly.adobe.com/generate/images?style=photo&seed=42&seed=242&seed=4242&seed=2442&prompt=the+ancient+city+of+perugia’s+courtyard+contains+many+arches+and+fountains%2C+in+the+style+of+candid+shots%2C+venetian+school%2C+ceramicist+storyteller%2C+matte+photo%2C+telephoto+lens%2C+an+archway+around+a+fountain+with+people+in+the+background%2C+in+the+style+of+venetian+school%2C+quiet+contemplation%2C+ceramicist+storyteller%2C+use+of+traditional+techniques%2C+thermal+camera%2C+dark+red+and+green&modelInputVersion=v2&aspectRatio=landscape&creativity=10&guideStrength=0&exif={""mode""%3A""manual""%2C""details""%3A{""aperture""%3A2.8%2C""focal_length""%3A22%2C""shutter_speed""%3A1}}&style=minimalism&style=product_photo&style=simple&style=antique_photo&style=multiexposure&style=macrophotography"
r0dd7b354t,"the san marco bello museum, in venice, italy, in the style of highly detailed figures, dark beige and magenta, stone sculptures, dot-painted colors, optical blending, monochromatic white figures, high quality photo, delicate markings",89:134,2,4.844158774,3.0741936,0.995,2,0,2,768,1088,960,36,EulerAncestralSampler,VanillaCFG,3.250664579,TRUE,43,HeunEDMSampler,IdentityGuider,4.655768862,TRUE,3:4,bw+multiexposure,widescreen,82,9,auto,,,,"https://firefly.adobe.com/generate/images?style=photo&seed=42&seed=242&seed=4242&seed=2442&prompt=the+san+marco+bello+museum%2C+in+venice%2C+italy%2C+in+the+style+of+highly+detailed+figures%2C+dark+beige+and+magenta%2C+stone+sculptures%2C+dot-painted+colors%2C+optical+blending%2C+monochromatic+white+figures%2C+high+quality+photo%2C+delicate+markings&modelInputVersion=v2&aspectRatio=widescreen&creativity=9&guideStrength=82&exif={""mode""%3A""auto""}&style=bw&style=multiexposure"
r0de97473t,"the facade of the building is completely covered by ivy growing on it, windows are partly hidden by ivy, in the style of windows vista, urban environment, green academia, voigtlander brilliant, romanticized nature",77:51,3,6.783387888,7.370703101,0.996,4,9,9,768,960,1088,39,LinearMultistepSampler,VanillaCFG,6.055671969,FALSE,,,,,,2:1,bw,landscape,81,7,auto,,,,"https://firefly.adobe.com/generate/images?style=photo&seed=42&seed=242&seed=4242&seed=2442&prompt=the+facade+of+the+building+is+completely+covered+by+ivy+growing+on+it%2C+windows+are+partly+hidden+by+ivy%2C+in+the+style+of+windows+vista%2C+urban+environment%2C+green+academia%2C+voigtlander+brilliant%2C+romanticized+nature&modelInputVersion=v2&aspectRatio=landscape&creativity=7&guideStrength=81&exif={""mode""%3A""auto""}&style=bw"
r0deb6dadt,"the building has two windows and some balcony, in the style of italian landscapes, zeiss batis 18mm f/2.8, uhd image, fujifilm natura 1600, soft, romantic scenes, terracotta, frequent use of yellow",77:51,1,5.512964874,3.994516982,0.997,1,0,9,768,832,1216,40,LinearMultistepSampler,VanillaCFG,2.182973016,FALSE,,,,,,1:2,,square,50,6,manual,8,0.004,296,"https://firefly.adobe.com/generate/images?style=photo&seed=42&seed=242&seed=4242&seed=2442&prompt=the+building+has+two+windows+and+some+balcony%2C+in+the+style+of+italian+landscapes%2C+zeiss+batis+18mm+f/2.8%2C+uhd+image%2C+fujifilm+natura+1600%2C+soft%2C+romantic+scenes%2C+terracotta%2C+frequent+use+of+yellow&modelInputVersion=v2&aspectRatio=square&creativity=6&guideStrength=50&exif={""mode""%3A""manual""%2C""details""%3A{""aperture""%3A8%2C""focal_length""%3A296%2C""shutter_speed""%3A0.004}}"
r0dff226et,"wooden building is partially built, in the style of slovenian paintings, snow scenes, romanesque art, leica m6, enchanting watercolors, light gray and amber, whistlerian, driveway to a building beside a tree covered field, in the style of romanesque art, snow scenes, mountainous vistas, sgrafitto, religious building, festive atmosphere, villagecore, muralist, nature motifs",77:51,4,3.77495925,4.818921303,0.998,2,1,3,768,1600,640,43,LinearMultistepSampler,VanillaCFG,8.496998457,TRUE,43,HeunEDMSampler,VanillaCFG,4.492864655,TRUE,1:1,long-time_exposure+landscape_photography,portrait,50,5,auto,,,,"https://firefly.adobe.com/generate/images?style=photo&seed=42&seed=242&seed=4242&seed=2442&prompt=wooden+building+is+partially+built%2C+in+the+style+of+slovenian+paintings%2C+snow+scenes%2C+romanesque+art%2C+leica+m6%2C+enchanting+watercolors%2C+light+gray+and+amber%2C+whistlerian%2C+driveway+to+a+building+beside+a+tree+covered+field%2C+in+the+style+of+romanesque+art%2C+snow+scenes%2C+mountainous+vistas%2C+sgrafitto%2C+religious+building%2C+festive+atmosphere%2C+villagecore%2C+muralist%2C+nature+motifs&modelInputVersion=v2&aspectRatio=portrait&creativity=5&guideStrength=50&exif={""mode""%3A""auto""}&style=long-time_exposure&style=landscape_photography"
r0e1a6e2ft,"people on a street, in the style of vibrant airy scenes, brasilian street scene, use of bright colors, the bechers' typologies, restored and repurposed, caffenol developing, provia",134:89,2,6.981203095,8.654874703,0.998,3,0,4,512,1728,576,41,EulerAncestralSampler,VanillaCFG,2.074524711,FALSE,,,,,,3:2,monochromatic+low_lighting,landscape,0,7,manual,16,0.004,25,"https://firefly.adobe.com/generate/images?style=photo&seed=42&seed=242&seed=4242&seed=2442&prompt=people+on+a+street%2C+in+the+style+of+vibrant+airy+scenes%2C+brasilian+street+scene%2C+use+of+bright+colors%2C+the+bechers'+typologies%2C+restored+and+repurposed%2C+caffenol+developing%2C+provia&modelInputVersion=v2&aspectRatio=landscape&creativity=7&guideStrength=0&exif={""mode""%3A""manual""%2C""details""%3A{""aperture""%3A16%2C""focal_length""%3A25%2C""shutter_speed""%3A0.004}}&style=monochromatic&style=low_lighting"
r0e35d1fct,"a statue of a woman on a side street in paris, in the style of die brücke, sparse, science academia, elaborate borders, monumental vistas, concrete, raw, confrontational figures",77:51,4,5.594244765,3.71095309,0.996,4,4,2,768,768,1280,44,DPMPP2SAncestralSampler,VanillaCFG,6.285858749,TRUE,43,DPMPP2SAncestralSampler,VanillaCFG,3.475933764,TRUE,5:4,grainy_film+surreal_lighting,landscape,0,7,auto,,,,"https://firefly.adobe.com/generate/images?style=photo&seed=42&seed=242&seed=4242&seed=2442&prompt=a+statue+of+a+woman+on+a+side+street+in+paris%2C+in+the+style+of++sparse%2C+science+academia%2C+elaborate+borders%2C+monumental+vistas%2C+concrete%2C+raw%2C+confrontational+figures&modelInputVersion=v2&aspectRatio=landscape&creativity=7&guideStrength=0&exif={""mode""%3A""auto""}&style=grainy_film&style=surreal_lighting"
r0e593c46t,"a wall between a building and water below with a bird flying, in the style of animals and people, candid moments, panorama, fujifilm gw690iii, venetian scenes, isolated figures, pigeoncore, many birds are flying nearby, in the style of venetian scenes, urban intervention, naturalistic poses, panorama, seagulls, seagulls being fed, feeding the seagulls, emotive body language, exaggerated poses, seagullcore, animals and people",77:51,3,3.789304061,2.952624922,1,3,2,3,768,1472,704,44,HeunEDMSampler,VanillaCFG,5.842956253,TRUE,38,DPMPP2MSampler,VanillaCFG,5.68565723,TRUE,2:3,surreal_lighting+macrophotography,portrait,5,9,auto,,,,"https://firefly.adobe.com/generate/images?style=photo&seed=42&seed=242&seed=4242&seed=2442&prompt=a+wall+between+a+building+and+water+below+with+a+bird+flying%2C+in+the+style+of+animals+and+people%2C+candid+moments%2C+panorama%2C+fujifilm+gw690iii%2C+venetian+scenes%2C+isolated+figures%2C+pigeoncore%2C+many+birds+are+flying+nearby%2C+in+the+style+of+venetian+scenes%2C+urban+intervention%2C+naturalistic+poses%2C+panorama%2C+seagulls%2C+seagulls+being+fed%2C+feeding+the+seagulls%2C+emotive+body+language%2C+exaggerated+poses%2C+seagullcore%2C+animals+and+people&modelInputVersion=v2&aspectRatio=portrait&creativity=9&guideStrength=5&exif={""mode""%3A""auto""}&style=surreal_lighting&style=macrophotography"
r0e5b5159t,"these couples are dancing in traditional chinese costumes in a city square, in the style of pastel colors, people watching the dancers, folkloric ",77:51,3,5.847011144,8.245499751,0.996,4,3,3,768,960,1088,47,DPMPP2SAncestralSampler,VanillaCFG,3.032633922,TRUE,43,DPMPP2SAncestralSampler,VanillaCFG,7.255719765,FALSE,3:2,isometric+pastel_colors+wide_angle,widescreen,15,10,auto,,,,"https://firefly.adobe.com/generate/images?style=photo&seed=42&seed=242&seed=4242&seed=2442&prompt=these+couples+are+dancing+in+traditional+chinese+costumes+in+a+city+square%2C+in+the+style+of+pastel+colors%2C+people+watching+the+dancers%2C+folkloric+&modelInputVersion=v2&aspectRatio=widescreen&creativity=10&guideStrength=15&exif={""mode""%3A""auto""}&style=isometric&style=pastel_colors&style=wide_angle"
r0e63ca9ft,"a cup of dark colored liquid filled with coffee, in the style of lomo lc-a, desertwave, laborwave, understated elegance, wide angle lens, flamboyant, on a red vichy cloth",51:77,4,3.881278217,4.108163093,1,3,0,3,768,1536,640,45,DPMPP2SAncestralSampler,VanillaCFG,3.559424497,TRUE,37,LinearMultistepSampler,VanillaCFG,4.67876473,FALSE,2:1,shot_from_above,square,50,9,manual,22,0.008,34,"https://firefly.adobe.com/generate/images?style=photo&seed=42&seed=242&seed=4242&seed=2442&prompt=a+cup+of+dark+colored+liquid+filled+with+coffee%2C+in+the+style+of+lomo+lc-a%2C+desertwave%2C+laborwave%2C+understated+elegance%2C+wide+angle+lens%2C+flamboyant%2C+on+a+red+vichy+cloth&modelInputVersion=v2&aspectRatio=square&creativity=9&guideStrength=50&exif={""mode""%3A""manual""%2C""details""%3A{""aperture""%3A22%2C""focal_length""%3A34%2C""shutter_speed""%3A0.008}}&style=shot_from_above"
r0e63dd12t,"a green field has a hill, in the style of majestic ports, mountainous vistas, kodak vision3, white background, daguerreian, cold and detached atmosphere, romantic landscape vistas, daguerreian, topographical views",134:89,1,5.219547702,3.20046416,0.996,3,0,2,768,832,1152,44,EulerEDMSampler,VanillaCFG,3.293483302,TRUE,39,DPMPP2MSampler,VanillaCFG,4.26345184,TRUE,4:5,shallow_depth_of_field,landscape,58,4,auto,,,,"https://firefly.adobe.com/generate/images?style=photo&seed=42&seed=242&seed=4242&seed=2442&prompt=a+green+field+has+a+hill%2C+in+the+style+of+majestic+ports%2C+mountainous+vistas%2C+kodak+vision3%2C+white+background%2C+daguerreian%2C+cold+and+detached+atmosphere%2C+romantic+landscape+vistas%2C+daguerreian%2C+topographical+views&modelInputVersion=v2&aspectRatio=landscape&creativity=4&guideStrength=58&exif={""mode""%3A""auto""}&style=shallow_depth_of_field"
r0e661e0dt,"book ledge on the street, in the style of celebrity portraits, satirical tone, paris school, bibliopunk, iconic album covers, plein-air, figurative colorist",77:51,3,5.06513836,2.830024668,0.999,1,0,9,768,768,1344,46,DPMPP2MSampler,VanillaCFG,4.983193376,TRUE,38,HeunEDMSampler,VanillaCFG,7.091975261,TRUE,2:3,minimalism,landscape,0,10,auto,,,,"https://firefly.adobe.com/generate/images?style=photo&seed=42&seed=242&seed=4242&seed=2442&prompt=book+ledge+on+the+street%2C+in+the+style+of+celebrity+portraits%2C+satirical+tone%2C+paris+school%2C+bibliopunk%2C+iconic+album+covers%2C+plein-air%2C+figurative+colorist&modelInputVersion=v2&aspectRatio=landscape&creativity=10&guideStrength=0&exif={""mode""%3A""auto""}&style=minimalism"
r0e965ba7t,"a wicker basket inside a blue cloth with a lace pattern, in the style of jewelry by painters and sculptors, eclectic montage, reimagined by industrial light and magic, murals and wall drawings, violet and indigo, metalwork jewelry, gossamer fabrics, pen box with a variety of items on it, in the style of ethereal mixed media, tapestry and wall hanging, light violet and indigo, jewelry by painters and sculptors, environmental installation artist, blink-and-you-miss-it detail, airbrush art, antique box with papers and flower arrangement on a bed of flowers, in the style of wall sculpture and installation, light violet and indigo, intuitive art, metalwork jewelry, video installation, fluid watercolor washes, exquisite clothing detail",77:51,4,2.99501431,3.764989748,0.995,3,2,3,768,768,1280,43,EulerAncestralSampler,VanillaCFG,3.914729253,TRUE,35,LinearMultistepSampler,VanillaCFG,1.193651281,TRUE,2:3,muted+low_lighting,square,0,9,manual,16,0.008,21,"https://firefly.adobe.com/generate/images?style=photo&seed=42&seed=242&seed=4242&seed=2442&prompt=a+wicker+basket+inside+a+blue+cloth+with+a+lace+pattern%2C+in+the+style+of+jewelry+by+painters+and+sculptors%2C+eclectic+montage%2C+reimagined+by+industrial+light+and+magic%2C+murals+and+wall+drawings%2C+violet+and+indigo%2C+metalwork+jewelry%2C+gossamer+fabrics%2C+pen+box+with+a+variety+of+items+on+it%2C+in+the+style+of+ethereal+mixed+media%2C+tapestry+and+wall+hanging%2C+light+violet+and+indigo%2C+jewelry+by+painters+and+sculptors%2C+environmental+installation+artist%2C+blink-and-you-miss-it+detail%2C+airbrush+art%2C+antique+box+with+papers+and+flower+arrangement+on+a+bed+of+flowers%2C+in+the+style+of+wall+sculpture+and+installation%2C+light+violet+and+indigo%2C+intuitive+art%2C+metalwork+jewelry%2C+video+installation%2C+fluid+watercolor+washes%2C+exquisite+clothing+detail&modelInputVersion=v2&aspectRatio=square&creativity=9&guideStrength=0&exif={""mode""%3A""manual""%2C""details""%3A{""aperture""%3A16%2C""focal_length""%3A21%2C""shutter_speed""%3A0.008}}&style=muted&style=low_lighting"
r0e9b0485t,"snow covered trees in a wooded area, in the style of zeiss batis 18mm f/2.8, swiss style, expansive landscapes, neutral color palette, 32k uhd, rollei prego 90, matte photo",51:77,4,5.139617339,5.369244114,0.998,4,4,0,768,960,1088,48,DPMPP2SAncestralSampler,VanillaCFG,4.745453668,FALSE,,,,,,3:2,vibrant_colors+golden_hour,portrait,62,4,auto,,,,"https://firefly.adobe.com/generate/images?style=photo&seed=42&seed=242&seed=4242&seed=2442&prompt=snow+covered+trees+in+a+wooded+area%2C+in+the+style+of+zeiss+batis+18mm+f/2.8%2C+swiss+style%2C+expansive+landscapes%2C+neutral+color+palette%2C+32k+uhd%2C+rollei+prego+90%2C+matte+photo&modelInputVersion=v2&aspectRatio=portrait&creativity=4&guideStrength=62&exif={""mode""%3A""auto""}&style=vibrant_colors&style=golden_hour"
r0ea0825ft,"large bridge with lights, in the style of cinquecento, neoclassicist influences, cultural heritage, 500–1000 ce, manapunk, flickr, highly polished surfaces",134:89,2,3.915933756,5.851550544,0.998,3,0,4,512,832,1216,37,LinearMultistepSampler,VanillaCFG,10.33027155,TRUE,40,DPMPP2SAncestralSampler,VanillaCFG,3.349960821,TRUE,4:3,otherworldly_depiction+macrophotography,portrait,50,2,auto,,,,"https://firefly.adobe.com/generate/images?style=photo&seed=42&seed=242&seed=4242&seed=2442&prompt=large+bridge+with+lights%2C++neoclassicist+influences%2C+cultural+heritage%2C+500–1000+ce%2C+manapunk%2C+flickr%2C+highly+polished+surfaces&modelInputVersion=v2&aspectRatio=portrait&creativity=2&guideStrength=50&exif={""mode""%3A""auto""}&style=otherworldly_depiction&style=macrophotography"
r0eb7ee5ct,"the surface of the fjord is blue, in the style of mountainous vistas, dark beige and green, eastern photo, rugged coastline, hikecore, northern and southern dynasties, hikecore, soft-edged",77:51,3,4.177054279,8.395164882,0.998,3,0,3,768,1536,640,42,DPMPP2SAncestralSampler,IdentityGuider,,TRUE,38,DPMPP2MSampler,VanillaCFG,,TRUE,5:4,grainy_film+simple+grainy_film+underwater+backlighting+macrophotography,square,1,8,auto,,,,"https://firefly.adobe.com/generate/images?style=photo&seed=42&seed=242&seed=4242&seed=2442&prompt=the+surface+of+the+fjord+is+blue%2C+in+the+style+of+mountainous+vistas%2C+dark+beige+and+green%2C+eastern+photo%2C+rugged+coastline%2C+hikecore%2C+northern+and+southern+dynasties%2C+hikecore%2C+soft-edged&modelInputVersion=v2&aspectRatio=square&creativity=8&guideStrength=1&exif={""mode""%3A""auto""}&style=grainy_film&style=simple&style=grainy_film&style=underwater&style=backlighting&style=macrophotography"
r0eb8dfb5t,"a cathedral made of ornate wood structure surrounded by people in a square outside, in the style of simple, elegant compositions, organic stone carvings, caravaggesque, heavy metal embroidery, powerful symbolism, tondo, split toning, eye-catching detail, monumental architecture, caravaggesque, technological symmetry, stone sculptures",51:77,1,7.630838704,3.933499712,0.998,2,2,0,768,1344,768,34,DPMPP2MSampler,VanillaCFG,7.741259393,TRUE,34,HeunEDMSampler,VanillaCFG,5.240476274,TRUE,2:3,underwater+dark+simple+dark+pastel_colors+knolling,portrait,50,5,manual,22,1,39,"https://firefly.adobe.com/generate/images?style=photo&seed=42&seed=242&seed=4242&seed=2442&prompt=a+cathedral+made+of+ornate+wood+structure+surrounded+by+people+in+a+square+outside%2C+in+the+style+of+simple%2C+elegant+compositions%2C+organic+stone+carvings%2C+caravaggesque%2C+heavy+metal+embroidery%2C+powerful+symbolism%2C+tondo%2C+split+toning%2C+eye-catching+detail%2C+monumental+architecture%2C+caravaggesque%2C+technological+symmetry%2C+stone+sculptures&modelInputVersion=v2&aspectRatio=portrait&creativity=5&guideStrength=50&exif={""mode""%3A""manual""%2C""details""%3A{""aperture""%3A22%2C""focal_length""%3A39%2C""shutter_speed""%3A1}}&style=underwater&style=dark&style=simple&style=dark&style=pastel_colors&style=knolling"
r0eb9e900t,"large calm boating lake, in the style of reflections",77:51,4,7.793205716,4.952189039,0.995,1,2,2,512,704,1344,40,EulerEDMSampler,IdentityGuider,,TRUE,44,LinearMultistepSampler,VanillaCFG,,TRUE,2:1,backlighting+shot_from_below,square,50,3,auto,,,,"https://firefly.adobe.com/generate/images?style=photo&seed=42&seed=242&seed=4242&seed=2442&prompt=large+calm+boating+lake%2C+in+the+style+of+reflections&modelInputVersion=v2&aspectRatio=square&creativity=3&guideStrength=50&exif={""mode""%3A""auto""}&style=backlighting&style=shot_from_below"
r0eba1984t,"in the 'jardin du luxembourg' pond the water is greenish blue, in the style of baroque maritime, floating structures, calm waters, tourists walking by, small fountain in the centre of the pond, jardin du luxembourg, light gray and dark emerald, emerald emerald pond, vignettes of paris, tokina opera 50mm f/1.4 ff, tiny toy sailboats floating on the pond",77:51,1,4.768546658,4.195467304,0.996,4,0,0,512,1280,768,44,LinearMultistepSampler,VanillaCFG,0.9438236888,FALSE,,,,,,4:3,divine+pastel_colors+harsh_light+landscape_photography,landscape,3,3,auto,,,,"https://firefly.adobe.com/generate/images?style=photo&seed=42&seed=242&seed=4242&seed=2442&prompt=in+the+'jardin+du+luxembourg'+pond+the+water+is+greenish+blue%2C+in+the+style+of+baroque+maritime%2C+floating+structures%2C+calm+waters%2C+tourists+walking+by%2C+small+fountain+in+the+centre+of+the+pond%2C+jardin+du+luxembourg%2C+light+gray+and+dark+emerald%2C+emerald+emerald+pond%2C+vignettes+of+paris%2C+tokina+opera+50mm+f/1.4+ff%2C+tiny+toy+sailboats+floating+on+the+pond&modelInputVersion=v2&aspectRatio=landscape&creativity=3&guideStrength=3&exif={""mode""%3A""auto""}&style=divine&style=pastel_colors&style=harsh_light&style=landscape_photography"
r0ebb0bb4t,"a large encased skeleton clock with roman numerals, in the style of intricate penwork, kintsugi, goerz hypergon 6.5mm f/8, whistlerian, warm light with lamp reflections on the glass case, flower ornaments on the wood",77:51,2,8.003380779,4.142752566,0.996,3,2,0,768,1088,896,39,DPMPP2SAncestralSampler,VanillaCFG,3.736885564,TRUE,39,LinearMultistepSampler,VanillaCFG,0.5,FALSE,2:1,dramatic_light+shot_from_above,square,0,10,auto,,,,"https://firefly.adobe.com/generate/images?style=photo&seed=42&seed=242&seed=4242&seed=2442&prompt=a+large+encased+skeleton+clock+with+roman+numerals%2C+in+the+style+of+intricate+penwork%2C+kintsugi%2C+goerz+hypergon+6.5mm+f/8%2C+whistlerian%2C+warm+light+with+lamp+reflections+on+the+glass+case%2C+flower+ornaments+on+the+wood&modelInputVersion=v2&aspectRatio=square&creativity=10&guideStrength=0&exif={""mode""%3A""auto""}&style=dramatic_light&style=shot_from_above"
r0ebb5ca2t,"display in museum features an object in a container, in the style of drawing machines, made of wrought iron, puzzle-like pieces, argus c3, incisioni series, encaustic, imaginative prison scenes, in the style of mechanized forms, depictions of inclement weather, light bronze and dark aquamarine, thermal camera, historical documentation, contact printing, puzzle-like pieces, a black box with a wooden case on top, made of liquid metal, depictions of labor, light yellow and dark aquamarine, historical documentation, drawing machines, made of wrought iron, intaglio",77:51,1,6.149234793,7.43433525,0.997,1,0,0,768,1536,640,39,HeunEDMSampler,IdentityGuider,,FALSE,,,,,,5:4,pastel_colors,landscape,50,7,manual,1.2,0.0006,144,"https://firefly.adobe.com/generate/images?style=photo&seed=42&seed=242&seed=4242&seed=2442&prompt=display+in+museum+features+an+object+in+a+container%2C+in+the+style+of+drawing+machines%2C+made+of+wrought+iron%2C+puzzle-like+pieces%2C+argus+c3%2C+incisioni+series%2C+encaustic%2C+imaginative+prison+scenes%2C+in+the+style+of+mechanized+forms%2C+depictions+of+inclement+weather%2C+light+bronze+and+dark+aquamarine%2C+thermal+camera%2C+historical+documentation%2C+contact+printing%2C+puzzle-like+pieces%2C+a+black+box+with+a+wooden+case+on+top%2C+made+of+liquid+metal%2C+depictions+of+labor%2C+light+yellow+and+dark+aquamarine%2C+historical+documentation%2C+drawing+machines%2C+made+of+wrought+iron%2C+intaglio&modelInputVersion=v2&aspectRatio=landscape&creativity=7&guideStrength=50&exif={""mode""%3A""manual""%2C""details""%3A{""aperture""%3A1.2%2C""focal_length""%3A144%2C""shutter_speed""%3A0.0006}}&style=pastel_colors"
r0ed019a4t,"a group of two adults and five kids all in cow costumes parading the street, paraders in cow costume, cow costume, in the style of disguise, people watching the parade, confetti all around, confetti snow, arched doorway, snow scene, public intervention, birds and flowers, lively storytelling",77:51,1,8.506671175,5.835583981,0.998,2,1,3,768,1088,896,42,HeunEDMSampler,VanillaCFG,5.15915045,FALSE,,,,,,1:2,pastel_colors,landscape,100,9,auto,,,,"https://firefly.adobe.com/generate/images?style=photo&seed=42&seed=242&seed=4242&seed=2442&prompt=a+group+of+two+adults+and+five+kids+all+in+cow+costumes+parading+the+street%2C+paraders+in+cow+costume%2C+cow+costume%2C+in+the+style+of+disguise%2C+people+watching+the+parade%2C+confetti+all+around%2C+confetti+snow%2C+arched+doorway%2C+snow+scene%2C+public+intervention%2C+birds+and+flowers%2C+lively+storytelling&modelInputVersion=v2&aspectRatio=landscape&creativity=9&guideStrength=100&exif={""mode""%3A""auto""}&style=pastel_colors"
r0ed16e26t,"a close up of some red tulips, in the style of uhd image, orange and bronze, c-mount lens, close up, delicate markings, bloomcore, pretty",77:51,2,6.901403755,7.951844955,0.997,3,1,2,768,1088,960,45,DPMPP2MSampler,VanillaCFG,5.712315995,TRUE,36,EulerAncestralSampler,IdentityGuider,5.767170293,TRUE,2:1,low_lighting,portrait,100,7,auto,,,,"https://firefly.adobe.com/generate/images?style=photo&seed=42&seed=242&seed=4242&seed=2442&prompt=a+close+up+of+some+red+tulips%2C+in+the+style+of+uhd+image%2C+orange+and+bronze%2C+c-mount+lens%2C+close+up%2C+delicate+markings%2C+bloomcore%2C+pretty&modelInputVersion=v2&aspectRatio=portrait&creativity=7&guideStrength=100&exif={""mode""%3A""auto""}&style=low_lighting"
r0ed844b5t,"brick building with stairs, in the style of venetian scenes, festive atmosphere, authentic details, alla prima, urban signage, romantic riverscapes, pentax espio mini",51:77,1,5.201956914,4.056088933,0.998,3,2,2,512,768,1280,45,LinearMultistepSampler,IdentityGuider,,TRUE,43,DPMPP2SAncestralSampler,VanillaCFG,,TRUE,16:9,gomori_photography+fisheye+bw+surreal_lighting,landscape,50,8,auto,,,,"https://firefly.adobe.com/generate/images?style=photo&seed=42&seed=242&seed=4242&seed=2442&prompt=brick+building+with+stairs%2C+in+the+style+of+venetian+scenes%2C+festive+atmosphere%2C+authentic+details%2C+alla+prima%2C+urban+signage%2C+romantic+riverscapes%2C+pentax+espio+mini&modelInputVersion=v2&aspectRatio=landscape&creativity=8&guideStrength=50&exif={""mode""%3A""auto""}&style=gomori_photography&style=fisheye&style=bw&style=surreal_lighting"
r0edb165ft,"a large canadian lake with trees by it, in the style of dark emerald and light aquamarine, detailed and intricate, sublime wilderness, light brown and emerald, soft-edged, spectacular backdrops",51:77,4,8.476673415,7.169888314,0.998,4,3,3,768,1344,768,36,DPMPP2MSampler,VanillaCFG,4.258540092,TRUE,44,EulerAncestralSampler,IdentityGuider,2.408270353,TRUE,4:5,isometric,square,0,9,manual,5.6,0.125,167,"https://firefly.adobe.com/generate/images?style=photo&seed=42&seed=242&seed=4242&seed=2442&prompt=a+large+canadian+lake+with+trees+by+it%2C+in+the+style+of+dark+emerald+and+light+aquamarine%2C+detailed+and+intricate%2C+sublime+wilderness%2C+light+brown+and+emerald%2C+soft-edged%2C+spectacular+backdrops&modelInputVersion=v2&aspectRatio=square&creativity=9&guideStrength=0&exif={""mode""%3A""manual""%2C""details""%3A{""aperture""%3A5.6%2C""focal_length""%3A167%2C""shutter_speed""%3A0.125}}&style=isometric"
r0eedd456t,"a blue sky, in the style of swiss style, white and maroon, impressive panoramas, snow scenes, interlocking structures, rollei prego 90, crystalline and geological forms",134:89,3,6.804429566,7.565090841,0.996,3,1,3,768,960,1024,41,EulerAncestralSampler,VanillaCFG,5.016020648,FALSE,,,,,,4:3,simple+vibrant_colors,portrait,100,5,manual,2.8,0.016,183,"https://firefly.adobe.com/generate/images?style=photo&seed=42&seed=242&seed=4242&seed=2442&prompt=a+blue+sky%2C+in+the+style+of+swiss+style%2C+white+and+maroon%2C+impressive+panoramas%2C+snow+scenes%2C+interlocking+structures%2C+rollei+prego+90%2C+crystalline+and+geological+forms&modelInputVersion=v2&aspectRatio=portrait&creativity=5&guideStrength=100&exif={""mode""%3A""manual""%2C""details""%3A{""aperture""%3A2.8%2C""focal_length""%3A183%2C""shutter_speed""%3A0.016}}&style=simple&style=vibrant_colors"
r0f137652t,"a group of people are jumping from a building to the ground in chinese new year festivities, in the style of impressionistic festive chinese scenes, snow scenes, selective focus, foreground objects out of focus, chinese new year festivities, water drops, playful use of light and shadow, colorful costumes",51:77,2,8.537498581,3.323966203,0.995,2,0,4,768,704,1344,39,DPMPP2SAncestralSampler,VanillaCFG,5.817788098,TRUE,44,HeunEDMSampler,IdentityGuider,4.055300558,TRUE,2:3,,landscape,0,2,manual,16,10,280,"https://firefly.adobe.com/generate/images?style=photo&seed=42&seed=242&seed=4242&seed=2442&prompt=a+group+of+people+are+jumping+from+a+building+to+the+ground+in+chinese+new+year+festivities%2C+in+the+style+of+impressionistic+festive+chinese+scenes%2C+snow+scenes%2C+selective+focus%2C+foreground+objects+out+of+focus%2C+chinese+new+year+festivities%2C+water+drops%2C+playful+use+of+light+and+shadow%2C+colorful+costumes&modelInputVersion=v2&aspectRatio=landscape&creativity=2&guideStrength=0&exif={""mode""%3A""manual""%2C""details""%3A{""aperture""%3A16%2C""focal_length""%3A280%2C""shutter_speed""%3A10}}"
r0f1a3f00t,"a group of soccer players training, in the style of cinquecento, hurufiyya, yellow and pink, 20 megapixels, gray and black, deutscher werkbund, passage",134:89,1,3.12723611,7.73731516,0.998,4,0,0,768,1728,576,39,DPMPP2MSampler,VanillaCFG,5.955874123,FALSE,,,,,,16:9,monochromatic+wide_angle,widescreen,0,4,manual,1.4,0.0006,221,"https://firefly.adobe.com/generate/images?style=photo&seed=42&seed=242&seed=4242&seed=2442&prompt=a+group+of+soccer+players+training%2C++hurufiyya%2C+yellow+and+pink%2C+20+megapixels%2C+gray+and+black%2C+deutscher+werkbund%2C+passage&modelInputVersion=v2&aspectRatio=widescreen&creativity=4&guideStrength=0&exif={""mode""%3A""manual""%2C""details""%3A{""aperture""%3A1.4%2C""focal_length""%3A221%2C""shutter_speed""%3A0.0006}}&style=monochromatic&style=wide_angle"
r0f1aef1ft,"the mountains are covered with snow, in the style of christian art and architecture, sacricore, firecore, nikon d850, columns and totems, creative commons attribution, high quality photo",134:89,3,7.32713172,3.83597305,0.999,2,1,1,768,960,1088,46,EulerAncestralSampler,VanillaCFG,4.457886792,TRUE,39,DPMPP2SAncestralSampler,VanillaCFG,5.99361751,TRUE,5:4,pastel_colors+studio_light,widescreen,100,10,manual,1.4,0.5,206,"https://firefly.adobe.com/generate/images?style=photo&seed=42&seed=242&seed=4242&seed=2442&prompt=the+mountains+are+covered+with+snow%2C+in+the+style+of+christian+art+and+architecture%2C+sacricore%2C+firecore%2C+nikon+d850%2C+columns+and+totems%2C+creative+commons+attribution%2C+high+quality+photo&modelInputVersion=v2&aspectRatio=widescreen&creativity=10&guideStrength=100&exif={""mode""%3A""manual""%2C""details""%3A{""aperture""%3A1.4%2C""focal_length""%3A206%2C""shutter_speed""%3A0.5}}&style=pastel_colors&style=studio_light"
r0f22c43ct,"sunlight coming in through a tile with mountains, in the style of solarizing master, blown-off-roof perspective, french countryside, raw energy, matte photo",77:51,2,2.853242325,4.0776573,0.997,1,0,2,768,1472,704,48,DPMPP2MSampler,VanillaCFG,3.065235868,TRUE,36,LinearMultistepSampler,IdentityGuider,4.848576242,TRUE,3:2,multiexposure+shot_from_above,square,25,2,manual,8,0.008,49,"https://firefly.adobe.com/generate/images?style=photo&seed=42&seed=242&seed=4242&seed=2442&prompt=sunlight+coming+in+through+a+tile+with+mountains%2C+in+the+style+of+solarizing+master%2C+blown-off-roof+perspective%2C+french+countryside%2C+raw+energy%2C+matte+photo&modelInputVersion=v2&aspectRatio=square&creativity=2&guideStrength=25&exif={""mode""%3A""manual""%2C""details""%3A{""aperture""%3A8%2C""focal_length""%3A49%2C""shutter_speed""%3A0.008}}&style=multiexposure&style=shot_from_above"
r0f24ca4dt,"the paths are stone, in the style of impressive panoramas, alla prima, transportcore, adventurecore, cyclorama, lively movement, heatwave",51:77,4,8.488249103,8.985267245,0.995,4,2,2,768,1152,896,39,DPMPP2SAncestralSampler,VanillaCFG,7.230986892,FALSE,,,,,,4:3,warm_colors+knolling,square,100,4,manual,2.8,10,252,"https://firefly.adobe.com/generate/images?style=photo&seed=42&seed=242&seed=4242&seed=2442&prompt=the+paths+are+stone%2C+in+the+style+of+impressive+panoramas%2C+alla+prima%2C+transportcore%2C+adventurecore%2C+cyclorama%2C+lively+movement%2C+heatwave&modelInputVersion=v2&aspectRatio=square&creativity=4&guideStrength=100&exif={""mode""%3A""manual""%2C""details""%3A{""aperture""%3A2.8%2C""focal_length""%3A252%2C""shutter_speed""%3A10}}&style=warm_colors&style=knolling"
r0f25b326t,"a ski lift on the slope with snow on the top, in the style of crystalline and geological forms, cables of cable car, eroded surfaces, dusty piles,  saturated pigment pools, organic formations, light blue and light black",134:89,2,5.763598178,4.653692359,0.999,2,3,3,512,768,1344,42,DPMPP2MSampler,IdentityGuider,,FALSE,,,,,,3:2,,landscape,0,10,manual,2,1,208,"https://firefly.adobe.com/generate/images?style=photo&seed=42&seed=242&seed=4242&seed=2442&prompt=a+ski+lift+on+the+slope+with+snow+on+the+top%2C+in+the+style+of+crystalline+and+geological+forms%2C+cables+of+cable+car%2C+eroded+surfaces%2C+dusty+piles%2C++saturated+pigment+pools%2C+organic+formations%2C+light+blue+and+light+black&modelInputVersion=v2&aspectRatio=landscape&creativity=10&guideStrength=0&exif={""mode""%3A""manual""%2C""details""%3A{""aperture""%3A2%2C""focal_length""%3A208%2C""shutter_speed""%3A1}}"
r0f2c63d2t,"yellow trees next to an african jungle lake, in the style of mountainous vistas, rollei prego 90, high-key lighting, light emerald and orange, african landscapes, ricoh gr iii",77:51,3,3.0741936,3.72685457,0.997,1,5,3,768,1280,768,46,LinearMultistepSampler,VanillaCFG,2.334721159,TRUE,37,EulerEDMSampler,VanillaCFG,7.32363459,FALSE,1:2,otherworldly_depiction+vibrant_colors,square,24,3,manual,1.2,0.016,128,"https://firefly.adobe.com/generate/images?style=photo&seed=42&seed=242&seed=4242&seed=2442&prompt=yellow+trees+next+to+an+african+jungle+lake%2C+in+the+style+of+mountainous+vistas%2C+rollei+prego+90%2C+high-key+lighting%2C+light+emerald+and+orange%2C+african+landscapes%2C+ricoh+gr+iii&modelInputVersion=v2&aspectRatio=square&creativity=3&guideStrength=24&exif={""mode""%3A""manual""%2C""details""%3A{""aperture""%3A1.2%2C""focal_length""%3A128%2C""shutter_speed""%3A0.016}}&style=otherworldly_depiction&style=vibrant_colors"
r0f2e6baft,"a man working with an old guitar, in the style of venetian scenes, made of feathers, participatory art, ceramic street art, 500–1000 ce, letterboxing",134:89,2,7.370703101,4.820936402,0.998,3,0,4,512,832,1216,40,EulerAncestralSampler,VanillaCFG,3.294454899,FALSE,,,,,,4:3,chaotic+vibrant_colors,portrait,0,6,auto,,,,"https://firefly.adobe.com/generate/images?style=photo&seed=42&seed=242&seed=4242&seed=2442&prompt=a+man+working+with+an+old+guitar%2C+in+the+style+of+venetian+scenes%2C+made+of+feathers%2C+participatory+art%2C+ceramic+street+art%2C+500–1000+ce%2C+letterboxing&modelInputVersion=v2&aspectRatio=portrait&creativity=6&guideStrength=0&exif={""mode""%3A""auto""}&style=chaotic&style=vibrant_colors"
r0f3569c0t,"arched display of information, in the style of dark yellow and light crimson, roman art and architecture, political, social commentary, scientific accuracy, concise brushwork techniques, gritty reportage, letras y figuras",89:134,2,3.994516982,8.801453375,0.997,1,3,3,512,1344,768,38,EulerEDMSampler,VanillaCFG,6.200889352,TRUE,40,HeunEDMSampler,VanillaCFG,6.378877077,TRUE,4:5,simple+grainy_film+monochromatic+macrophotography,portrait,100,3,auto,,,,"https://firefly.adobe.com/generate/images?style=photo&seed=42&seed=242&seed=4242&seed=2442&prompt=arched+display+of+information%2C+in+the+style+of+dark+yellow+and+light+crimson%2C+roman+art+and+architecture%2C+political%2C+social+commentary%2C+scientific+accuracy%2C+concise+brushwork+techniques%2C+gritty+reportage%2C+letras+y+figuras&modelInputVersion=v2&aspectRatio=portrait&creativity=3&guideStrength=100&exif={""mode""%3A""auto""}&style=simple&style=grainy_film&style=monochromatic&style=macrophotography"
r0f36ba1bt,"the c52 helicopter on the grass of the wild meadow, in the style of swiss style, frequent use of yellow, environmental activism, uhd image, minolta riva mini, romantic scenery, made of rubber",77:51,1,4.818921303,8.2934489,0.995,2,0,3,512,1152,896,39,DPMPP2MSampler,VanillaCFG,5.374511933,TRUE,38,DPMPP2MSampler,VanillaCFG,4.234827689,TRUE,4:3,underwater+backlighting,landscape,61,2,manual,8,0.0006,288,"https://firefly.adobe.com/generate/images?style=photo&seed=42&seed=242&seed=4242&seed=2442&prompt=the+c52+helicopter+on+the+grass+of+the+wild+meadow%2C+in+the+style+of+swiss+style%2C+frequent+use+of+yellow%2C+environmental+activism%2C+uhd+image%2C+minolta+riva+mini%2C+romantic+scenery%2C+made+of+rubber&modelInputVersion=v2&aspectRatio=landscape&creativity=2&guideStrength=61&exif={""mode""%3A""manual""%2C""details""%3A{""aperture""%3A8%2C""focal_length""%3A288%2C""shutter_speed""%3A0.0006}}&style=underwater&style=backlighting"
r0f38373ct,"the sky above the dock and boat and house and the buildings, in the style of venetian scenes, canon 50mm f/0.95, candid shots of famous figures, die brücke, heatwave, candid, telephoto lens",77:51,1,8.654874703,3.037280795,0.999,4,9,2,768,1472,704,44,HeunEDMSampler,IdentityGuider,,FALSE,,,,,,4:3,,square,50,4,auto,,,,"https://firefly.adobe.com/generate/images?style=photo&seed=42&seed=242&seed=4242&seed=2442&prompt=the+sky+above+the+dock+and+boat+and+house+and+the+buildings%2C+in+the+style+of+venetian+scenes%2C+canon+50mm+f/0.95%2C+candid+shots+of+famous+figures%2C++heatwave%2C+candid%2C+telephoto+lens&modelInputVersion=v2&aspectRatio=square&creativity=4&guideStrength=50&exif={""mode""%3A""auto""}"
r0f3f14cbt,"the blooming sunflowers in the summer, in the style of sepia, nature-inspired camouflage, uhd image, luminous shadowing, emotive fields of color, monochromatic color schemes, complementary colors",77:51,4,3.71095309,8.88845109,0.997,1,2,2,768,1088,896,47,EulerEDMSampler,VanillaCFG,5.315149433,TRUE,41,EulerEDMSampler,IdentityGuider,3.207729965,FALSE,3:2,otherworldly_depiction,landscape,100,8,auto,,,,"https://firefly.adobe.com/generate/images?style=photo&seed=42&seed=242&seed=4242&seed=2442&prompt=the+blooming+sunflowers+in+the+summer%2C+in+the+style+of+sepia%2C+nature-inspired+camouflage%2C+uhd+image%2C+luminous+shadowing%2C+emotive+fields+of+color%2C+monochromatic+color+schemes%2C+complementary+colors&modelInputVersion=v2&aspectRatio=landscape&creativity=8&guideStrength=100&exif={""mode""%3A""auto""}&style=otherworldly_depiction"
r0f4ece9bt,"a mountain range behind the skiers, in the style of organic stone carvings, light brown and yellow, deteriorated, transavanguardia, close up, italian landscapes, structural composition",51:77,3,2.952624922,4.514744349,0.996,3,5,2,768,832,1216,36,EulerAncestralSampler,VanillaCFG,3.614555604,FALSE,,,,,,3:4,simple+vibrant_colors,landscape,100,3,manual,4,0.5,194,"https://firefly.adobe.com/generate/images?style=photo&seed=42&seed=242&seed=4242&seed=2442&prompt=a+mountain+range+behind+the+skiers%2C+in+the+style+of+organic+stone+carvings%2C+light+brown+and+yellow%2C+deteriorated%2C+transavanguardia%2C+close+up%2C+italian+landscapes%2C+structural+composition&modelInputVersion=v2&aspectRatio=landscape&creativity=3&guideStrength=100&exif={""mode""%3A""manual""%2C""details""%3A{""aperture""%3A4%2C""focal_length""%3A194%2C""shutter_speed""%3A0.5}}&style=simple&style=vibrant_colors"
r0f5475b5t,"a tree with branches, in the style of roman art and architecture, figura serpentinata, monumental figures, emancicore, romantic ruins, les nabis, transcendent",51:77,4,8.245499751,8.898264044,0.998,1,0,0,768,960,1024,41,DPMPP2MSampler,VanillaCFG,2.308981977,FALSE,,,,,,2:3,,landscape,7,4,auto,,,,"https://firefly.adobe.com/generate/images?style=photo&seed=42&seed=242&seed=4242&seed=2442&prompt=a+tree+with+branches%2C+in+the+style+of+roman+art+and+architecture%2C+figura+serpentinata%2C+monumental+figures%2C+emancicore%2C+romantic+ruins%2C+les+nabis%2C+transcendent&modelInputVersion=v2&aspectRatio=landscape&creativity=4&guideStrength=7&exif={""mode""%3A""auto""}"
r0f5beb66t,"tulips in a group with a sign indicating how many, in the style of flatness of surface, impressionist gardens",77:51,2,4.108163093,7.399022241,0.995,1,3,5,768,1664,576,34,LinearMultistepSampler,VanillaCFG,4.560700724,TRUE,39,EulerEDMSampler,IdentityGuider,6.709304835,TRUE,3:4,monochromatic+low_lighting+shot_from_above,portrait,80,4,manual,1.4,0.0006,189,"https://firefly.adobe.com/generate/images?style=photo&seed=42&seed=242&seed=4242&seed=2442&prompt=tulips+in+a+group+with+a+sign+indicating+how+many%2C+in+the+style+of+flatness+of+surface%2C+impressionist+gardens&modelInputVersion=v2&aspectRatio=portrait&creativity=4&guideStrength=80&exif={""mode""%3A""manual""%2C""details""%3A{""aperture""%3A1.4%2C""focal_length""%3A189%2C""shutter_speed""%3A0.0006}}&style=monochromatic&style=low_lighting&style=shot_from_above"
r0f6250d2t,"a fountain with a large statue of a man, in the style of dark gold and emerald, dark navy and dark gold, vignettes of paris, light bronze and sky-blue, wide angle lens, depictions of aristocracy, swirling vortexes",51:77,2,3.20046416,6.116138907,0.997,2,5,5,512,704,1344,40,LinearMultistepSampler,IdentityGuider,,FALSE,,,,,,5:4,grainy_film+simple+muted+dramatic_light,square,19,5,auto,,,,"https://firefly.adobe.com/generate/images?style=photo&seed=42&seed=242&seed=4242&seed=2442&prompt=a+fountain+with+a+large+statue+of+a+man%2C+in+the+style+of+dark+gold+and+emerald%2C+dark+navy+and+dark+gold%2C+vignettes+of+paris%2C+light+bronze+and+sky-blue%2C+wide+angle+lens%2C+depictions+of+aristocracy%2C+swirling+vortexes&modelInputVersion=v2&aspectRatio=square&creativity=5&guideStrength=19&exif={""mode""%3A""auto""}&style=grainy_film&style=simple&style=muted&style=dramatic_light"
r0f6d3b31t,"snowy peaks encircling the view, in the style of french landscape, azure",134:89,1,2.830024668,4.502020226,0.999,3,1,3,512,1088,896,38,EulerAncestralSampler,VanillaCFG,6.143378695,TRUE,42,EulerAncestralSampler,VanillaCFG,6.281567587,FALSE,9:16,beautiful+chaotic+cool_colors,widescreen,0,2,auto,,,,"https://firefly.adobe.com/generate/images?style=photo&seed=42&seed=242&seed=4242&seed=2442&prompt=snowy+peaks+encircling+the+view%2C+in+the+style+of+french+landscape%2C+azure&modelInputVersion=v2&aspectRatio=widescreen&creativity=2&guideStrength=0&exif={""mode""%3A""auto""}&style=beautiful&style=chaotic&style=cool_colors"
r0f71782et,"four seated blonde violinist girls in colorful dresses are performing in a street stage, in the style of nordic cityscape, dutch and flemish, en plein air, folkloric themes, street art figuratives, eco-kinetic, dutch landscapes, tangled nests, pont-aven school, east village art, vibrant stage backdrops, urban industrialism, humorous tableau, performance, recycled materials murals, light and shadow, sunny day, the stage is painted black on the top left and pale green and ochre in the bottom right, with pale green and ochre vertical stripes on the right and a small green ladder against the stage, the black part of the stage has sound equipment, the buildings in the background have beautiful windows",134:89,1,3.764989748,6.141114935,0.997,1,0,4,768,1088,960,51,EulerEDMSampler,VanillaCFG,7.146488828,TRUE,39,HeunEDMSampler,IdentityGuider,7.67680859,FALSE,3:4,underwater+otherworldly_depiction+pastel_colors+closeup,widescreen,0,7,manual,2,0.066,176,"https://firefly.adobe.com/generate/images?style=photo&seed=42&seed=242&seed=4242&seed=2442&prompt=four+seated+blonde+violinist+girls+in+colorful+dresses+are+performing+in+a+street+stage%2C+in+the+style+of+nordic+cityscape%2C+dutch+and+flemish%2C+en+plein+air%2C+folkloric+themes%2C+street+art+figuratives%2C+eco-kinetic%2C+dutch+landscapes%2C+tangled+nests%2C+pont-aven+school%2C+east+village+art%2C+vibrant+stage+backdrops%2C+urban+industrialism%2C+humorous+tableau%2C+performance%2C+recycled+materials+murals%2C+light+and+shadow%2C+sunny+day%2C+the+stage+is+painted+black+on+the+top+left+and+pale+green+and+ochre+in+the+bottom+right%2C+with+pale+green+and+ochre+vertical+stripes+on+the+right+and+a+small+green+ladder+against+the+stage%2C+the+black+part+of+the+stage+has+sound+equipment%2C+the+buildings+in+the+background+have+beautiful+windows&modelInputVersion=v2&aspectRatio=widescreen&creativity=7&guideStrength=0&exif={""mode""%3A""manual""%2C""details""%3A{""aperture""%3A2%2C""focal_length""%3A176%2C""shutter_speed""%3A0.066}}&style=underwater&style=otherworldly_depiction&style=pastel_colors&style=closeup"
r0f86049ct,"leaves of tree, in the style of italian landscapes, yellow and amber, imposing monumentality, streetscape, columns and totems, spot metering, photo taken with nikon d750, a pillar fountain, agfa clack, clear colors, streetscape",77:51,1,5.369244114,3.31373825,0.997,1,0,3,768,1280,768,35,DPMPP2SAncestralSampler,VanillaCFG,6.882257505,TRUE,45,DPMPP2MSampler,VanillaCFG,4.921326648,TRUE,2:3,backlighting+landscape_photography,square,100,8,manual,5.6,0.125,280,"https://firefly.adobe.com/generate/images?style=photo&seed=42&seed=242&seed=4242&seed=2442&prompt=leaves+of+tree%2C+in+the+style+of+italian+landscapes%2C+yellow+and+amber%2C+imposing+monumentality%2C+streetscape%2C+columns+and+totems%2C+spot+metering%2C+photo+taken+with+nikon+d750%2C+a+pillar+fountain%2C+agfa+clack%2C+clear+colors%2C+streetscape&modelInputVersion=v2&aspectRatio=square&creativity=8&guideStrength=100&exif={""mode""%3A""manual""%2C""details""%3A{""aperture""%3A5.6%2C""focal_length""%3A280%2C""shutter_speed""%3A0.125}}&style=backlighting&style=landscape_photography"
r0f8a1531t,"a small bathroom with clean flooring, a white porcelain basin, a shower cabin, a washing machine and a toilet seat, the flooring is clean brown tiles, the walls are clean white tiles, the basin is on the left below a mirror, the white and glass shower cabin on the top left, the white washing machine is on the top right below a small white wooden cupboard, the toilets on the right wall, warm lighting, in the style of webcam photography, warm light",51:77,1,5.851550544,7.389129736,0.999,2,0,3,768,1088,896,41,DPMPP2MSampler,VanillaCFG,5.824484377,TRUE,34,HeunEDMSampler,IdentityGuider,2.776151576,TRUE,3:4,bw,landscape,23,5,auto,,,,"https://firefly.adobe.com/generate/images?style=photo&seed=42&seed=242&seed=4242&seed=2442&prompt=a+small+bathroom+with+clean+flooring%2C+a+white+porcelain+basin%2C+a+shower+cabin%2C+a+washing+machine+and+a+toilet+seat%2C+the+flooring+is+clean+brown+tiles%2C+the+walls+are+clean+white+tiles%2C+the+basin+is+on+the+left+below+a+mirror%2C+the+white+and+glass+shower+cabin+on+the+top+left%2C+the+white+washing+machine+is+on+the+top+right+below+a+small+white+wooden+cupboard%2C+the+toilets+on+the+right+wall%2C+warm+lighting%2C+in+the+style+of+webcam+photography%2C+warm+light&modelInputVersion=v2&aspectRatio=landscape&creativity=5&guideStrength=23&exif={""mode""%3A""auto""}&style=bw"
r0f8e5907t,"a statue in an alcove, the statue is of a roman emperor in toga holding his right hand up, the alcove is arched with a sculpted head in the top centre and other ornaments, everything is in marble, below the alcove there is a line of large latin letters, in the style of dark gold and amber, everything is in light marble, viewed from an angle slightly below right of the alcove, exquisite clothing detail, warm lighting",89:134,2,8.395164882,7.307017251,0.999,3,3,4,512,1088,960,44,EulerAncestralSampler,IdentityGuider,,TRUE,38,HeunEDMSampler,VanillaCFG,,TRUE,1:2,,landscape,0,2,manual,22,0.004,237,"https://firefly.adobe.com/generate/images?style=photo&seed=42&seed=242&seed=4242&seed=2442&prompt=a+statue+in+an+alcove%2C+the+statue+is+of+a+roman+emperor+in+toga+holding+his+right+hand+up%2C+the+alcove+is+arched+with+a+sculpted+head+in+the+top+centre+and+other+ornaments%2C+everything+is+in+marble%2C+below+the+alcove+there+is+a+line+of+large+latin+letters%2C+in+the+style+of+dark+gold+and+amber%2C+everything+is+in+light+marble%2C+viewed+from+an+angle+slightly+below+right+of+the+alcove%2C+exquisite+clothing+detail%2C+warm+lighting&modelInputVersion=v2&aspectRatio=landscape&creativity=2&guideStrength=0&exif={""mode""%3A""manual""%2C""details""%3A{""aperture""%3A22%2C""focal_length""%3A237%2C""shutter_speed""%3A0.004}}"
r0f91360ct,"the room has wood panels on the walls with light fixtures for a presentation, the back of the room is dimly lit, in the style of interactive exhibits, dark yellow, science academia, webcam photography, contemporary archaeological, zeiss batis 18mm f/2.8, hallyu, pinhole cameras, wood, playful use of line, aligned rows of cubic fabric benches in a camaieu of beige to brown colors, warm lighting, detailed scientific subjects, atomic era, commentary plaques, quirky details, contemporary archeological",134:89,1,3.933499712,5.148003211,0.999,4,0,3,768,960,1088,39,HeunEDMSampler,IdentityGuider,,TRUE,38,LinearMultistepSampler,VanillaCFG,,TRUE,16:9,simple+warm_colors,portrait,6,4,manual,2.8,10,121,"https://firefly.adobe.com/generate/images?style=photo&seed=42&seed=242&seed=4242&seed=2442&prompt=the+room+has+wood+panels+on+the+walls+with+light+fixtures+for+a+presentation%2C+the+back+of+the+room+is+dimly+lit%2C+in+the+style+of+interactive+exhibits%2C+dark+yellow%2C+science+academia%2C+webcam+photography%2C+contemporary+archaeological%2C+zeiss+batis+18mm+f/2.8%2C+hallyu%2C+pinhole+cameras%2C+wood%2C+playful+use+of+line%2C+aligned+rows+of+cubic+fabric+benches+in+a+camaieu+of+beige+to+brown+colors%2C+warm+lighting%2C+detailed+scientific+subjects%2C+atomic+era%2C+commentary+plaques%2C+quirky+details%2C+contemporary+archeological&modelInputVersion=v2&aspectRatio=portrait&creativity=4&guideStrength=6&exif={""mode""%3A""manual""%2C""details""%3A{""aperture""%3A2.8%2C""focal_length""%3A121%2C""shutter_speed""%3A10}}&style=simple&style=warm_colors"
r0f91c753t,"an old stone statue on a pillar in the middle of the square, in the style of germanic art, urban energy, layered street scenes, danish golden age, pink and aquamarine, street scene, dark white and dark gray, biblical motifs, columns and totems, monumental sculptures, norwegian nature, luminosity of water, the sky has clouds, baroque-inspired sculptures, northern renaissance, marble, religious symbolism",51:77,2,4.952189039,7.521430434,0.999,1,1,3,768,960,1024,48,EulerAncestralSampler,VanillaCFG,8.042928265,TRUE,42,LinearMultistepSampler,VanillaCFG,4.703442315,TRUE,1:2,bw,portrait,0,8,manual,4,1,280,"https://firefly.adobe.com/generate/images?style=photo&seed=42&seed=242&seed=4242&seed=2442&prompt=an+old+stone+statue+on+a+pillar+in+the+middle+of+the+square%2C+in+the+style+of+germanic+art%2C+urban+energy%2C+layered+street+scenes%2C+danish+golden+age%2C+pink+and+aquamarine%2C+street+scene%2C+dark+white+and+dark+gray%2C+biblical+motifs%2C+columns+and+totems%2C+monumental+sculptures%2C+norwegian+nature%2C+luminosity+of+water%2C+the+sky+has+clouds%2C+baroque-inspired+sculptures%2C+northern+renaissance%2C+marble%2C+religious+symbolism&modelInputVersion=v2&aspectRatio=portrait&creativity=8&guideStrength=0&exif={""mode""%3A""manual""%2C""details""%3A{""aperture""%3A4%2C""focal_length""%3A280%2C""shutter_speed""%3A1}}&style=bw"
r0f979863t,"the rocks of the cliff are white, in the style of italian landscapes, cold and detached atmosphere, panorama, nikon d850, translucent color, snow scenes, naturalistic cityscapes, rollei prego 90, sacricore, naturalistic cityscapes",134:89,4,4.195467304,7.288961013,1,3,9,9,512,1344,768,40,LinearMultistepSampler,VanillaCFG,6.531179239,TRUE,36,EulerEDMSampler,IdentityGuider,3.221268717,TRUE,2:3,wide_angle,square,50,6,auto,,,,"https://firefly.adobe.com/generate/images?style=photo&seed=42&seed=242&seed=4242&seed=2442&prompt=the+rocks+of+the+cliff+are+white%2C+in+the+style+of+italian+landscapes%2C+cold+and+detached+atmosphere%2C+panorama%2C+nikon+d850%2C+translucent+color%2C+snow+scenes%2C+naturalistic+cityscapes%2C+rollei+prego+90%2C+sacricore%2C+naturalistic+cityscapes&modelInputVersion=v2&aspectRatio=square&creativity=6&guideStrength=50&exif={""mode""%3A""auto""}&style=wide_angle"
r0f98115dt,"spectators on steps watching contestants in a parade with their swords, in the style of dutch tradition, lively movement portrayal, use of traditional techniques, wimmelbilder, traditional street scenes, traditional, in the style of dutch tradition, camera tossing, traditional street scenes, lively action poses, medieval, les nabis, photo taken with provia, contrasting balance, dslr camera, lively action poses, medieval, lively street scenes, strong use of color, long lens, medieval",134:89,3,4.142752566,8.438228903,0.999,1,2,3,512,768,1344,36,LinearMultistepSampler,VanillaCFG,5.511911367,TRUE,32,EulerAncestralSampler,IdentityGuider,8.204410796,TRUE,5:4,,portrait,13,2,manual,4,0.0006,148,"https://firefly.adobe.com/generate/images?style=photo&seed=42&seed=242&seed=4242&seed=2442&prompt=spectators+on+steps+watching+contestants+in+a+parade+with+their+swords%2C+in+the+style+of+dutch+tradition%2C+lively+movement+portrayal%2C+use+of+traditional+techniques%2C+wimmelbilder%2C+traditional+street+scenes%2C+traditional%2C+in+the+style+of+dutch+tradition%2C+camera+tossing%2C+traditional+street+scenes%2C+lively+action+poses%2C+medieval%2C+les+nabis%2C+photo+taken+with+provia%2C+contrasting+balance%2C+dslr+camera%2C+lively+action+poses%2C+medieval%2C+lively+street+scenes%2C+strong+use+of+color%2C+long+lens%2C+medieval&modelInputVersion=v2&aspectRatio=portrait&creativity=2&guideStrength=13&exif={""mode""%3A""manual""%2C""details""%3A{""aperture""%3A4%2C""focal_length""%3A148%2C""shutter_speed""%3A0.0006}}"
r0fa077bet,"the sign stating'der Karersee\nIl lago di Carezza]n Lake Carezza' i llo carrezza lake carrezza, in the style of crimson and bronze, raw documentation, snow scenes, cultural heritage, cracked, logo, dansaekhwa, naturecore, light maroon and white, frozen lake, cartelcore, paparazzi-style, gestural markings, wilderness",134:89,4,7.43433525,5.619982801,0.998,3,0,2,768,1472,704,48,EulerAncestralSampler,VanillaCFG,4.609757828,TRUE,47,LinearMultistepSampler,VanillaCFG,1.02746116,FALSE,4:5,antique_photo+surreal_lighting+wide_angle,portrait,100,3,auto,,,,"https://firefly.adobe.com/generate/images?style=photo&seed=42&seed=242&seed=4242&seed=2442&prompt=the+sign+stating'der+Karersee\nIl+lago+di+Carezza]n+Lake+Carezza'+i+llo+carrezza+lake+carrezza%2C+in+the+style+of+crimson+and+bronze%2C+raw+documentation%2C+snow+scenes%2C+cultural+heritage%2C+cracked%2C+logo%2C+dansaekhwa%2C+naturecore%2C+light+maroon+and+white%2C+frozen+lake%2C+cartelcore%2C+paparazzi-style%2C+gestural+markings%2C+wilderness&modelInputVersion=v2&aspectRatio=portrait&creativity=3&guideStrength=100&exif={""mode""%3A""auto""}&style=antique_photo&style=surreal_lighting&style=wide_angle"
r0fa22d02t,"the place de la concorde in paris, people are walking in the square, in the style of imposing monumentality, emancicore, piles/stacks, sanctuary, the obelisque is in the centre of the square, monumental vistas, dark white and sky-blue, crisp and clean, old structure, in the style of roman art and architecture, clean-lined, canon f-1, light gray and dark azure, patience of a saint, silver and azure, streaked, velvia",77:51,3,5.835583981,6.674310235,1,4,0,1,768,1024,960,40,EulerAncestralSampler,IdentityGuider,,FALSE,,,,,,16:9,landscape_photography,square,50,7,auto,,,,"https://firefly.adobe.com/generate/images?style=photo&seed=42&seed=242&seed=4242&seed=2442&prompt=the+place+de+la+concorde+in+paris%2C+people+are+walking+in+the+square%2C+in+the+style+of+imposing+monumentality%2C+emancicore%2C+piles/stacks%2C+sanctuary%2C+the+obelisque+is+in+the+centre+of+the+square%2C+monumental+vistas%2C+dark+white+and+sky-blue%2C+crisp+and+clean%2C+old+structure%2C+in+the+style+of+roman+art+and+architecture%2C+clean-lined%2C+canon+f-1%2C+light+gray+and+dark+azure%2C+patience+of+a+saint%2C+silver+and+azure%2C+streaked%2C+velvia&modelInputVersion=v2&aspectRatio=square&creativity=7&guideStrength=50&exif={""mode""%3A""auto""}&style=landscape_photography"
r0fb0a690t,"the men and women in formal attire are performing an act, in the style of vibrant airy scenes, orange and brown, victorian era, photo taken with nikon d750, outdoor scenes, orange wig and costume, lively tableaus, traditional clothing, long skirts, historically accurate, victorian clothing, performance-oriented, folk art-inspired",77:51,3,7.169888314,6.670906773,0.996,3,0,2,768,768,1344,44,EulerEDMSampler,VanillaCFG,4.995772933,TRUE,31,DPMPP2MSampler,VanillaCFG,5.398245098,FALSE,4:5,simple,portrait,50,3,manual,8,0.0006,168,"https://firefly.adobe.com/generate/images?style=photo&seed=42&seed=242&seed=4242&seed=2442&prompt=the+men+and+women+in+formal+attire+are+performing+an+act%2C+in+the+style+of+vibrant+airy+scenes%2C+orange+and+brown%2C+victorian+era%2C+photo+taken+with+nikon+d750%2C+outdoor+scenes%2C+orange+wig+and+costume%2C+lively+tableaus%2C+traditional+clothing%2C+long+skirts%2C+historically+accurate%2C+victorian+clothing%2C+performance-oriented%2C+folk+art-inspired&modelInputVersion=v2&aspectRatio=portrait&creativity=3&guideStrength=50&exif={""mode""%3A""manual""%2C""details""%3A{""aperture""%3A8%2C""focal_length""%3A168%2C""shutter_speed""%3A0.0006}}&style=simple"
r0fbe1b0ft,"angkor wat ruins visit vietnam, in the style of dada-inspired constructions, agfa vista, romanesque, romantic ruins, villagecore, heidelberg school, panorama, wet after a rain, traditional vietnamese, villagecore, cyclorama, stenciled iconography, mountainous vistas",77:51,1,7.73731516,2.918790176,0.998,3,0,1,512,1216,832,44,DPMPP2MSampler,IdentityGuider,,FALSE,,,,,,4:3,landscape_photography,landscape,100,6,manual,2,0.004,251,"https://firefly.adobe.com/generate/images?style=photo&seed=42&seed=242&seed=4242&seed=2442&prompt=angkor+wat+ruins+visit+vietnam%2C+in+the+style+of+dada-inspired+constructions%2C+agfa+vista%2C+romanesque%2C+romantic+ruins%2C+villagecore%2C+heidelberg+school%2C+panorama%2C+wet+after+a+rain%2C+traditional+vietnamese%2C+villagecore%2C+cyclorama%2C+stenciled+iconography%2C+mountainous+vistas&modelInputVersion=v2&aspectRatio=landscape&creativity=6&guideStrength=100&exif={""mode""%3A""manual""%2C""details""%3A{""aperture""%3A2%2C""focal_length""%3A251%2C""shutter_speed""%3A0.004}}&style=landscape_photography"
r0fc39b66t,"people on a tour in front of a yellow car and a white docked tourism yacht with people on it, in the style of nikon af-s nikkor 70-200mm f/2.8e fl ed vr, traditional vietnamese, cargopunk, maritime scenes, yellow and black, konica auto s3, cityscape",134:89,3,4.0776573,5.997949865,0.996,1,0,2,768,960,1088,42,DPMPP2MSampler,IdentityGuider,,FALSE,,,,,,16:9,chaotic,square,0,7,auto,,,,"https://firefly.adobe.com/generate/images?style=photo&seed=42&seed=242&seed=4242&seed=2442&prompt=people+on+a+tour+in+front+of+a+yellow+car+and+a+white+docked+tourism+yacht+with+people+on+it%2C+in+the+style+of+nikon+af-s+nikkor+70-200mm+f/2.8e+fl+ed+vr%2C+traditional+vietnamese%2C+cargopunk%2C+maritime+scenes%2C+yellow+and+black%2C+konica+auto+s3%2C+cityscape&modelInputVersion=v2&aspectRatio=square&creativity=7&guideStrength=0&exif={""mode""%3A""auto""}&style=chaotic"
r1011a436t,"small white umbrella with a rounded top, in the style of urban environment, romanesque, dark yellow and emerald, elaborate facades, naturalistic settings, lively tableaus, caffenol developing",51:77,2,3.037280795,4.469601323,0.999,2,2,2,512,896,1152,34,LinearMultistepSampler,IdentityGuider,,FALSE,,,,,,2:1,long-time_exposure,portrait,50,6,manual,1.2,0.5,114,"https://firefly.adobe.com/generate/images?style=photo&seed=42&seed=242&seed=4242&seed=2442&prompt=small+white+umbrella+with+a+rounded+top%2C+in+the+style+of+urban+environment%2C+romanesque%2C+dark+yellow+and+emerald%2C+elaborate+facades%2C+naturalistic+settings%2C+lively+tableaus%2C+caffenol+developing&modelInputVersion=v2&aspectRatio=portrait&creativity=6&guideStrength=50&exif={""mode""%3A""manual""%2C""details""%3A{""aperture""%3A1.2%2C""focal_length""%3A114%2C""shutter_speed""%3A0.5}}&style=long-time_exposure"
r101e18b6t,"a store in a city to go shopping, in the style of 85 new wave, trompe-l'œil graffiti, logo, daguerreian, low-angle, polished craftsmanship",77:51,3,7.399022241,3.798693451,0.996,1,2,3,512,1024,1024,38,HeunEDMSampler,VanillaCFG,5.29365685,TRUE,41,LinearMultistepSampler,VanillaCFG,9.060405101,TRUE,1:2,muted+shallow_depth_of_field,square,50,9,auto,,,,"https://firefly.adobe.com/generate/images?style=photo&seed=42&seed=242&seed=4242&seed=2442&prompt=a+store+in+a+city+to+go+shopping%2C+in+the+style+of+85+new+wave%2C+trompe-l'œil+graffiti%2C+logo%2C+daguerreian%2C+low-angle%2C+polished+craftsmanship&modelInputVersion=v2&aspectRatio=square&creativity=9&guideStrength=50&exif={""mode""%3A""auto""}&style=muted&style=shallow_depth_of_field"
r1069cdabt,"a man with white hair is running around a white and pink brick building, in the style of italian landscapes, bronze sculptures, yellow and orange, street art figuratives, classicism, ",77:51,4,7.307017251,4.272387562,0.996,2,5,2,768,1152,832,34,DPMPP2SAncestralSampler,VanillaCFG,2.791992301,TRUE,47,LinearMultistepSampler,VanillaCFG,4.483269144,TRUE,1:1,grainy_film+backlighting,square,96,3,auto,,,,"https://firefly.adobe.com/generate/images?style=photo&seed=42&seed=242&seed=4242&seed=2442&prompt=a+man+with+white+hair+is+running+around+a+white+and+pink+brick+building%2C+in+the+style+of+italian+landscapes%2C+bronze+sculptures%2C+yellow+and+orange%2C+street+art+figuratives%2C+classicism%2C+&modelInputVersion=v2&aspectRatio=square&creativity=3&guideStrength=96&exif={""mode""%3A""auto""}&style=grainy_film&style=backlighting"
r1070b804t,"a display of rabbit- and chicken-shaped chocolates in a store, in the style of easter market",134:89,2,5.148003211,6.126812368,0.999,3,2,2,768,896,1152,38,DPMPP2SAncestralSampler,VanillaCFG,1.468983457,FALSE,,,,,,5:4,simple+shot_from_below,portrait,0,7,manual,2.8,1,167,"https://firefly.adobe.com/generate/images?style=photo&seed=42&seed=242&seed=4242&seed=2442&prompt=a+display+of+rabbit-+and+chicken-shaped+chocolates+in+a+store%2C+in+the+style+of+easter+market&modelInputVersion=v2&aspectRatio=portrait&creativity=7&guideStrength=0&exif={""mode""%3A""manual""%2C""details""%3A{""aperture""%3A2.8%2C""focal_length""%3A167%2C""shutter_speed""%3A1}}&style=simple&style=shot_from_below"
r107730b5t,"a soccer game is underway in a large stadium, orderly arrangements",134:89,4,7.521430434,8.631608584,1,2,0,3,768,768,1344,31,EulerEDMSampler,IdentityGuider,,TRUE,45,HeunEDMSampler,VanillaCFG,,TRUE,4:3,divine+bokeh+monochromatic+surreal_lighting,square,0,9,manual,5.6,0.066,38,"https://firefly.adobe.com/generate/images?style=photo&seed=42&seed=242&seed=4242&seed=2442&prompt=a+soccer+game+is+underway+in+a+large+stadium%2C+orderly+arrangements&modelInputVersion=v2&aspectRatio=square&creativity=9&guideStrength=0&exif={""mode""%3A""manual""%2C""details""%3A{""aperture""%3A5.6%2C""focal_length""%3A38%2C""shutter_speed""%3A0.066}}&style=divine&style=bokeh&style=monochromatic&style=surreal_lighting"
r1077d1f2t,Psyche Revived by Cupid's Kiss,77:51,4,7.288961013,6.279597912,0.999,4,0,3,768,960,1024,41,DPMPP2SAncestralSampler,VanillaCFG,8.473314546,TRUE,39,EulerEDMSampler,VanillaCFG,5.533805056,FALSE,3:4,beautiful+studio_light+wide_angle,square,81,7,manual,1.4,1,186,"https://firefly.adobe.com/generate/images?style=photo&seed=42&seed=242&seed=4242&seed=2442&prompt=Psyche+Revived+by+Cupid's+Kiss&modelInputVersion=v2&aspectRatio=square&creativity=7&guideStrength=81&exif={""mode""%3A""manual""%2C""details""%3A{""aperture""%3A1.4%2C""focal_length""%3A186%2C""shutter_speed""%3A1}}&style=beautiful&style=studio_light&style=wide_angle"
r108301e3t,"the view from the top of the st mark's dome, in the style of baroque compositions, national geographic photo, light gray and light bronze, gray and bronze, venetian school, site-specific installations",134:89,4,8.438228903,6.030103388,0.999,2,1,3,768,768,1344,45,HeunEDMSampler,VanillaCFG,6.74875192,TRUE,37,DPMPP2MSampler,IdentityGuider,5.884560168,FALSE,4:3,bw,square,71,7,auto,,,,"https://firefly.adobe.com/generate/images?style=photo&seed=42&seed=242&seed=4242&seed=2442&prompt=the+view+from+the+top+of+the+st+mark's+dome%2C+in+the+style+of+baroque+compositions%2C+national+geographic+photo%2C+light+gray+and+light+bronze%2C+gray+and+bronze%2C+venetian+school%2C+site-specific+installations&modelInputVersion=v2&aspectRatio=square&creativity=7&guideStrength=71&exif={""mode""%3A""auto""}&style=bw"
r10893508t,"people next to trees in a park, posing next to a statue, in the style of parks of paris",51:77,2,5.619982801,7.217945449,0.997,2,1,2,768,1408,704,42,LinearMultistepSampler,VanillaCFG,4.78946908,TRUE,40,EulerEDMSampler,IdentityGuider,6.808187342,TRUE,4:3,,landscape,50,5,manual,16,1,117,"https://firefly.adobe.com/generate/images?style=photo&seed=42&seed=242&seed=4242&seed=2442&prompt=people+next+to+trees+in+a+park%2C+posing+next+to+a+statue%2C+in+the+style+of+parks+of+paris&modelInputVersion=v2&aspectRatio=landscape&creativity=5&guideStrength=50&exif={""mode""%3A""manual""%2C""details""%3A{""aperture""%3A16%2C""focal_length""%3A117%2C""shutter_speed""%3A1}}"
r108ae9b6t,"close-up on cherry blossom twigs in the spring, detailed foliage, flowerpunk",51:77,1,6.674310235,6.823333666,0.999,1,9,9,768,832,1152,41,DPMPP2SAncestralSampler,IdentityGuider,,FALSE,,,,,,3:4,,widescreen,62,7,auto,,,,"https://firefly.adobe.com/generate/images?style=photo&seed=42&seed=242&seed=4242&seed=2442&prompt=close-up+on+cherry+blossom+twigs+in+the+spring%2C+detailed+foliage%2C+flowerpunk&modelInputVersion=v2&aspectRatio=widescreen&creativity=7&guideStrength=62&exif={""mode""%3A""auto""}"
r108ba35et,"an old building in a field under a tree, concrete, tang dynasty",77:51,4,6.670906773,4.73677391,0.997,1,0,3,768,1408,704,37,DPMPP2SAncestralSampler,VanillaCFG,3.296331362,TRUE,48,DPMPP2SAncestralSampler,VanillaCFG,3.425655197,TRUE,1:1,monochromatic+multiexposure,landscape,0,9,manual,1.4,10,74,"https://firefly.adobe.com/generate/images?style=photo&seed=42&seed=242&seed=4242&seed=2442&prompt=an+old+building+in+a+field+under+a+tree%2C+concrete%2C+tang+dynasty&modelInputVersion=v2&aspectRatio=landscape&creativity=9&guideStrength=0&exif={""mode""%3A""manual""%2C""details""%3A{""aperture""%3A1.4%2C""focal_length""%3A74%2C""shutter_speed""%3A10}}&style=monochromatic&style=multiexposure"
r10944b31t,"a wooden bridge atop a mountain, in the style of viennese actionism, melting pots, sensory experience, mountainous vistas, fauna and flora accuracy",77:51,4,5.997949865,3.4471185,0.996,4,4,3,768,832,1216,41,DPMPP2MSampler,VanillaCFG,5.271079561,FALSE,,,,,,3:4,golden_hour,landscape,0,3,auto,,,,"https://firefly.adobe.com/generate/images?style=photo&seed=42&seed=242&seed=4242&seed=2442&prompt=a+wooden+bridge+atop+a+mountain%2C+in+the+style+of+viennese+actionism%2C+melting+pots%2C+sensory+experience%2C+mountainous+vistas%2C+fauna+and+flora+accuracy&modelInputVersion=v2&aspectRatio=landscape&creativity=3&guideStrength=0&exif={""mode""%3A""auto""}&style=golden_hour"
r10a207det,"a rocky mountainside, in the style of light white and light brown, the new fauves, adventurecore, passage, dau-al-set, strong contrast between light and dark, grandeur of scale",51:77,1,4.469601323,5.579246204,0.997,1,1,9,768,704,1344,31,EulerEDMSampler,VanillaCFG,4.326841775,FALSE,,,,,,9:16,monochromatic+dramatic_light,square,85,5,auto,,,,"https://firefly.adobe.com/generate/images?style=photo&seed=42&seed=242&seed=4242&seed=2442&prompt=a+rocky+mountainside%2C+in+the+style+of+light+white+and+light+brown%2C+the+new+fauves%2C+adventurecore%2C+passage%2C+dau-al-set%2C+strong+contrast+between+light+and+dark%2C+grandeur+of+scale&modelInputVersion=v2&aspectRatio=square&creativity=5&guideStrength=85&exif={""mode""%3A""auto""}&style=monochromatic&style=dramatic_light"
r10ab8058t,"people are standing outside a mounumental building, straight lines, brutalist architecture, large arched passage in the middle, in the style of florentine renaissance, urban life, vieille ville",77:51,1,4.272387562,5.710977264,1,3,2,3,768,1408,704,36,HeunEDMSampler,VanillaCFG,5.650522786,TRUE,38,HeunEDMSampler,VanillaCFG,0.5,TRUE,2:1,pastel_colors,landscape,19,10,manual,1.2,0.004,196,"https://firefly.adobe.com/generate/images?style=photo&seed=42&seed=242&seed=4242&seed=2442&prompt=people+are+standing+outside+a+mounumental+building%2C+straight+lines%2C+brutalist+architecture%2C+large+arched+passage+in+the+middle%2C+in+the+style+of+florentine+renaissance%2C+urban+life%2C+vieille+ville&modelInputVersion=v2&aspectRatio=landscape&creativity=10&guideStrength=19&exif={""mode""%3A""manual""%2C""details""%3A{""aperture""%3A1.2%2C""focal_length""%3A196%2C""shutter_speed""%3A0.004}}&style=pastel_colors"
r10f2ac48t,"marble artefact on top of table, archaeological object, tesseract, abrasive authenticity, light beige, serial repetition, flickering light, romanesque, manacore, smilecore",134:89,1,6.030103388,2.927620756,0.998,4,2,3,512,704,1408,35,DPMPP2MSampler,VanillaCFG,5.836499929,TRUE,46,EulerAncestralSampler,VanillaCFG,6.260181982,TRUE,1:1,maximalism,portrait,50,6,manual,1.2,0.5,230,"https://firefly.adobe.com/generate/images?style=photo&seed=42&seed=242&seed=4242&seed=2442&prompt=marble+artefact+on+top+of+table%2C+archaeological+object%2C+tesseract%2C+abrasive+authenticity%2C+light+beige%2C+serial+repetition%2C+flickering+light%2C+romanesque%2C+manacore%2C+smilecore&modelInputVersion=v2&aspectRatio=portrait&creativity=6&guideStrength=50&exif={""mode""%3A""manual""%2C""details""%3A{""aperture""%3A1.2%2C""focal_length""%3A230%2C""shutter_speed""%3A0.5}}&style=maximalism"
r1104e9e6t,"a group of buildings forms an island isolated from the land by water, view from the coastline, in the style of venetian scenes, high-angle",134:89,2,6.823333666,7.925319071,0.996,3,3,2,768,832,1216,34,EulerAncestralSampler,VanillaCFG,6.43436466,TRUE,39,DPMPP2MSampler,IdentityGuider,4.992777471,TRUE,3:2,gomori_photography+bokeh+cool_colors+landscape_photography,portrait,0,6,manual,2.8,0.125,184,"https://firefly.adobe.com/generate/images?style=photo&seed=42&seed=242&seed=4242&seed=2442&prompt=a+group+of+buildings+forms+an+island+isolated+from+the+land+by+water%2C+view+from+the+coastline%2C+in+the+style+of+venetian+scenes%2C+high-angle&modelInputVersion=v2&aspectRatio=portrait&creativity=6&guideStrength=0&exif={""mode""%3A""manual""%2C""details""%3A{""aperture""%3A2.8%2C""focal_length""%3A184%2C""shutter_speed""%3A0.125}}&style=gomori_photography&style=bokeh&style=cool_colors&style=landscape_photography"
r1126b615t,"people in colorful costumes running, in the style of afro-colombian themes, aerial view, traditional chinese, photo taken with provia, street scene, patriotic, northern renaissance",89:134,1,5.710977264,8.580637451,0.997,1,9,2,768,1344,768,43,EulerEDMSampler,VanillaCFG,4.435651444,TRUE,40,DPMPP2MSampler,VanillaCFG,7.372511145,TRUE,4:3,pastel_colors+golden_hour,portrait,100,9,manual,8,0.008,251,"https://firefly.adobe.com/generate/images?style=photo&seed=42&seed=242&seed=4242&seed=2442&prompt=people+in+colorful+costumes+running%2C+in+the+style+of+afro-colombian+themes%2C+aerial+view%2C+traditional+chinese%2C+photo+taken+with+provia%2C+street+scene%2C+patriotic%2C+northern+renaissance&modelInputVersion=v2&aspectRatio=portrait&creativity=9&guideStrength=100&exif={""mode""%3A""manual""%2C""details""%3A{""aperture""%3A8%2C""focal_length""%3A251%2C""shutter_speed""%3A0.008}}&style=pastel_colors&style=golden_hour"
r113b7fb4t,"a man sitting in a horse drawn cart, in the style of villagecore, precarious balance, cambodian art, suburban ennui capturer, iso 200, working-class empathy",77:51,1,8.580637451,8.500864561,1,2,9,9,768,1152,896,38,DPMPP2MSampler,VanillaCFG,5.431841753,FALSE,,,,,,2:3,multiexposure,square,50,4,manual,22,0.016,83,"https://firefly.adobe.com/generate/images?style=photo&seed=42&seed=242&seed=4242&seed=2442&prompt=a+man+sitting+in+a+horse+drawn+cart%2C+in+the+style+of+villagecore%2C+precarious+balance%2C+cambodian+art%2C+suburban+ennui+capturer%2C+iso+200%2C+working-class+empathy&modelInputVersion=v2&aspectRatio=square&creativity=4&guideStrength=50&exif={""mode""%3A""manual""%2C""details""%3A{""aperture""%3A22%2C""focal_length""%3A83%2C""shutter_speed""%3A0.016}}&style=multiexposure"
r113ee9edt,"a large stone building, in the style of paris school, light black and beige, streetscape, absinthe culture, islamic art and architecture, grandiose cityscape views, utilitarian",77:51,4,8.500864561,6.867110354,0.997,2,1,0,768,704,1408,41,EulerEDMSampler,IdentityGuider,,FALSE,,,,,,4:3,studio_light,landscape,88,5,manual,22,0.5,117,"https://firefly.adobe.com/generate/images?style=photo&seed=42&seed=242&seed=4242&seed=2442&prompt=a+large+stone+building%2C+in+the+style+of+paris+school%2C+light+black+and+beige%2C+streetscape%2C+absinthe+culture%2C+islamic+art+and+architecture%2C+grandiose+cityscape+views%2C+utilitarian&modelInputVersion=v2&aspectRatio=landscape&creativity=5&guideStrength=88&exif={""mode""%3A""manual""%2C""details""%3A{""aperture""%3A22%2C""focal_length""%3A117%2C""shutter_speed""%3A0.5}}&style=studio_light"
r1148801et,wrought iron bridge lamps in paris,77:51,4,6.867110354,3.148109336,0.995,1,2,3,768,1536,640,48,DPMPP2MSampler,VanillaCFG,2.631416889,TRUE,40,LinearMultistepSampler,IdentityGuider,4.368507025,FALSE,1:1,shot_from_below,landscape,50,10,manual,2.8,0.016,262,"https://firefly.adobe.com/generate/images?style=photo&seed=42&seed=242&seed=4242&seed=2442&prompt=wrought+iron+bridge+lamps+in+paris&modelInputVersion=v2&aspectRatio=landscape&creativity=10&guideStrength=50&exif={""mode""%3A""manual""%2C""details""%3A{""aperture""%3A2.8%2C""focal_length""%3A262%2C""shutter_speed""%3A0.016}}&style=shot_from_below"
r115e2464t,"there is a road that is covered in snow and has trees on both sides, sunny landscape, schnapps, taken with canon 8 0 d, mountainous setting, real image, villeneuve",77:51,2,5.149531345,5.149531345,1,3,2,2,512,896,1088,31,DPMPP2SAncestralSampler,VanillaCFG,9.246912632,FALSE,,,,,,4:3,bokeh+chaotic+maximalism,portrait,57,6,manual,8,1,116,"https://firefly.adobe.com/generate/images?style=photo&seed=42&seed=242&seed=4242&seed=2442&prompt=there+is+a+road+that+is+covered+in+snow+and+has+trees+on+both+sides%2C+sunny+landscape%2C+schnapps%2C+taken+with+canon+8+0+d%2C+mountainous+setting%2C+real+image%2C+villeneuve&modelInputVersion=v2&aspectRatio=portrait&creativity=6&guideStrength=57&exif={""mode""%3A""manual""%2C""details""%3A{""aperture""%3A8%2C""focal_length""%3A116%2C""shutter_speed""%3A1}}&style=bokeh&style=chaotic&style=maximalism"
r116825e2t,"there are people walking up a path in the mountains, dolomites in background, no flash, standing on rocky ground, editorial, on display, family friendly, skary, a wooden, during the day, rituals, opera, traps",77:51,3,7.317641547,7.317641547,0.997,2,5,2,512,704,1408,33,DPMPP2SAncestralSampler,VanillaCFG,8.78228722,FALSE,,,,,,4:5,otherworldly_depiction+pastel_colors+dramatic_light+photographed_through_window,square,100,10,manual,2.8,0.016,29,"https://firefly.adobe.com/generate/images?style=photo&seed=42&seed=242&seed=4242&seed=2442&prompt=there+are+people+walking+up+a+path+in+the+mountains%2C+dolomites+in+background%2C+no+flash%2C+standing+on+rocky+ground%2C+editorial%2C+on+display%2C+family+friendly%2C+skary%2C+a+wooden%2C+during+the+day%2C+rituals%2C+opera%2C+traps&modelInputVersion=v2&aspectRatio=square&creativity=10&guideStrength=100&exif={""mode""%3A""manual""%2C""details""%3A{""aperture""%3A2.8%2C""focal_length""%3A29%2C""shutter_speed""%3A0.016}}&style=otherworldly_depiction&style=pastel_colors&style=dramatic_light&style=photographed_through_window"
r116ce066t,"yellow building with a balcony and a balcony with plants on it, grapes, taken with a canon eos 5 d, rose garden, canopies, dolman, florence, living flora, better homes and gardens, european japanese buildings, nice colour scheme",77:51,3,6.943208707,6.943208707,0.996,3,3,2,768,1536,640,37,HeunEDMSampler,IdentityGuider,,TRUE,37,HeunEDMSampler,VanillaCFG,,TRUE,2:1,simple+divine,portrait,100,6,manual,22,10,60,"https://firefly.adobe.com/generate/images?style=photo&seed=42&seed=242&seed=4242&seed=2442&prompt=yellow+building+with+a+balcony+and+a+balcony+with+plants+on+it%2C+grapes%2C+taken+with+a+canon+eos+5+d%2C+rose+garden%2C+canopies%2C+dolman%2C+florence%2C+living+flora%2C+better+homes+and+gardens%2C+european+japanese+buildings%2C+nice+colour+scheme&modelInputVersion=v2&aspectRatio=portrait&creativity=6&guideStrength=100&exif={""mode""%3A""manual""%2C""details""%3A{""aperture""%3A22%2C""focal_length""%3A60%2C""shutter_speed""%3A10}}&style=simple&style=divine"
r116fa8b7t,"arafed ceiling with a painting of angels and cherensils, background of a golden ballroom, paris 2010, photo taken with nikon d750, theater stage, broadway, venus, above side view, beautiful!!!! museum photo",77:51,4,3.647111939,3.647111939,0.998,2,0,5,768,704,1408,38,EulerEDMSampler,VanillaCFG,4.156426415,FALSE,,,,,,9:16,simple,square,100,5,auto,,,,"https://firefly.adobe.com/generate/images?style=photo&seed=42&seed=242&seed=4242&seed=2442&prompt=arafed+ceiling+with+a+painting+of+angels+and+cherensils%2C+background+of+a+golden+ballroom%2C+paris+2010%2C+photo+taken+with+nikon+d750%2C+theater+stage%2C+broadway%2C+venus%2C+above+side+view%2C+beautiful!!!!+museum+photo&modelInputVersion=v2&aspectRatio=square&creativity=5&guideStrength=100&exif={""mode""%3A""auto""}&style=simple"
r11850456t,"there is a view of a lake and mountains from a cliff, ancient caves, half - length photo, view from side, stern like athena, portlet photo",77:51,4,8.245546271,8.245546271,0.999,1,0,5,768,1152,832,37,HeunEDMSampler,VanillaCFG,5.396065277,TRUE,35,EulerEDMSampler,VanillaCFG,5.940251937,TRUE,4:5,muted+dramatic_light+shot_from_above,portrait,0,2,auto,,,,"https://firefly.adobe.com/generate/images?style=photo&seed=42&seed=242&seed=4242&seed=2442&prompt=there+is+a+view+of+a+lake+and+mountains+from+a+cliff%2C+ancient+caves%2C+half+-+length+photo%2C+view+from+side%2C+stern+like+athena%2C+portlet+photo&modelInputVersion=v2&aspectRatio=portrait&creativity=2&guideStrength=0&exif={""mode""%3A""auto""}&style=muted&style=dramatic_light&style=shot_from_above"
r11865f77t,"arafed view of a city with a river and a bridge, the vatican, photo, a photo, cannon photo, ziggurat, lots of smoke, obelisk, white marble buildings, royal palace, editorial",77:51,1,4.795039042,4.795039042,0.996,1,1,5,768,1536,640,43,LinearMultistepSampler,VanillaCFG,6.099511252,TRUE,45,EulerEDMSampler,VanillaCFG,3.839357399,TRUE,2:1,studio_light,landscape,37,8,auto,,,,"https://firefly.adobe.com/generate/images?style=photo&seed=42&seed=242&seed=4242&seed=2442&prompt=arafed+view+of+a+city+with+a+river+and+a+bridge%2C+the+vatican%2C+photo%2C+a+photo%2C+cannon+photo%2C+ziggurat%2C+lots+of+smoke%2C+obelisk%2C+white+marble+buildings%2C+royal+palace%2C+editorial&modelInputVersion=v2&aspectRatio=landscape&creativity=8&guideStrength=37&exif={""mode""%3A""auto""}&style=studio_light"
r11a4e1cbt,"there are three pieces of paper on display in a museum, stone relief, backlite, description, technical detail, illuminated, louvre, poorly lit, consectetur adipiscing elit, prairie, museum item, dos",134:89,4,6.517875951,6.517875951,0.996,2,0,4,768,1152,896,49,HeunEDMSampler,VanillaCFG,4.536471819,FALSE,,,,,,9:16,backlighting,portrait,100,2,manual,1.2,0.016,249,"https://firefly.adobe.com/generate/images?style=photo&seed=42&seed=242&seed=4242&seed=2442&prompt=there+are+three+pieces+of+paper+on+display+in+a+museum%2C+stone+relief%2C+backlite%2C+description%2C+technical+detail%2C+illuminated%2C+louvre%2C+poorly+lit%2C+consectetur+adipiscing+elit%2C+prairie%2C+museum+item%2C+dos&modelInputVersion=v2&aspectRatio=portrait&creativity=2&guideStrength=100&exif={""mode""%3A""manual""%2C""details""%3A{""aperture""%3A1.2%2C""focal_length""%3A249%2C""shutter_speed""%3A0.016}}&style=backlighting"
r11a5b93dt,"there is a lion and a lion cub on the side of a building, the nine circles of hell, ribbed man face portrait, telephoto vacation picture, rotunda, inspired by Altichiero, sausage, alabaster gothic cathedral, angry bear, no details, exhibant",134:89,2,3.436940037,3.436940037,0.997,3,0,4,512,768,1344,39,LinearMultistepSampler,IdentityGuider,,TRUE,40,HeunEDMSampler,VanillaCFG,,TRUE,2:3,surreal_lighting,portrait,100,8,auto,,,,"https://firefly.adobe.com/generate/images?style=photo&seed=42&seed=242&seed=4242&seed=2442&prompt=there+is+a+lion+and+a+lion+cub+on+the+side+of+a+building%2C+the+nine+circles+of+hell%2C+ribbed+man+face+portrait%2C+telephoto+vacation+picture%2C+rotunda%2C+inspired+by+Altichiero%2C+sausage%2C+alabaster+gothic+cathedral%2C+angry+bear%2C+no+details%2C+exhibant&modelInputVersion=v2&aspectRatio=portrait&creativity=8&guideStrength=100&exif={""mode""%3A""auto""}&style=surreal_lighting"
r11a7deb7t,"skiers are waiting at the entrance to a ski lodge, wide view of a farm, spring winter nature melted snow, snowy apennines, photo 50mm, snow on trees and ground, inspired by Orovida Camille Pissarro, pale as the first snow of winter, back yard, bussiere, white",77:51,4,5.746684022,5.746684022,1,4,1,4,768,1408,704,50,DPMPP2MSampler,IdentityGuider,,FALSE,,,,,,4:5,golden_hour+shot_from_above,portrait,35,7,manual,5.6,1,226,"https://firefly.adobe.com/generate/images?style=photo&seed=42&seed=242&seed=4242&seed=2442&prompt=skiers+are+waiting+at+the+entrance+to+a+ski+lodge%2C+wide+view+of+a+farm%2C+spring+winter+nature+melted+snow%2C+snowy+apennines%2C+photo+50mm%2C+snow+on+trees+and+ground%2C+inspired+by+Orovida+Camille+Pissarro%2C+pale+as+the+first+snow+of+winter%2C+back+yard%2C+bussiere%2C+white&modelInputVersion=v2&aspectRatio=portrait&creativity=7&guideStrength=35&exif={""mode""%3A""manual""%2C""details""%3A{""aperture""%3A5.6%2C""focal_length""%3A226%2C""shutter_speed""%3A1}}&style=golden_hour&style=shot_from_above"
r11aa1ee3t,"there is a cat that is walking down the street in front of a building, snowy italian road, wooden structures, back light, inside a barn, view from the side, parce sepulto, gang house, unrea 5, two stories, slightly overexposed, vertical, of a old 17th century, bright day, upsidedown, secret entrance",51:77,2,7.706057861,7.706057861,0.999,3,4,4,512,704,1408,45,HeunEDMSampler,VanillaCFG,3.000442415,FALSE,,,,,,4:3,cool_colors,landscape,50,4,auto,,,,"https://firefly.adobe.com/generate/images?style=photo&seed=42&seed=242&seed=4242&seed=2442&prompt=skiers+are+waiting+at+the+entrance+to+a+ski+lodge%2C+wide+view+of+a+farm%2C+spring+winter+nature+melted+snow%2C+snowy+apennines%2C+photo+50mm%2C+snow+on+trees+and+ground%2C+inspired+by+Orovida+Camille+Pissarro%2C+pale+as+the+first+snow+of+winter%2C+back+yard%2C+bussiere%2C+white&modelInputVersion=v2&aspectRatio=portrait&creativity=7&guideStrength=35&exif={""mode""%3A""manual""%2C""details""%3A{""aperture""%3A5.6%2C""focal_length""%3A226%2C""shutter_speed""%3A1}}&style=golden_hour&style=shot_from_above"
r11b292cbt,"there are many boats that are floating in the water, phuoc quan, large, big blue sky, sparsely populated, blue velvet, flooding, full picture, half - length photo",77:51,4,6.091603301,6.091603301,1,3,2,3,768,1216,832,46,HeunEDMSampler,VanillaCFG,0.5,FALSE,,,,,,2:3,long-time_exposure,landscape,100,8,auto,,,,"https://firefly.adobe.com/generate/images?style=photo&seed=42&seed=242&seed=4242&seed=2442&prompt=there+are+many+boats+that+are+floating+in+the+water%2C+phuoc+quan%2C+large%2C+big+blue+sky%2C+sparsely+populated%2C+blue+velvet%2C+flooding%2C+full+picture%2C+half+-+length+photo&modelInputVersion=v2&aspectRatio=landscape&creativity=8&guideStrength=100&exif={""mode""%3A""auto""}&style=long-time_exposure"
r11bf0779t,"mountains in the background with a lake and a bench in the foreground, anamorphic lens flare, monserrat gudiol, garden, 128k, from the roof, the brilliant dawn on the meadow, spain, 200mm wide shot, cerpuscular rays, rocky foreground",77:51,1,2.973854279,2.973854279,0.998,4,0,3,768,1152,832,47,DPMPP2MSampler,IdentityGuider,,TRUE,41,EulerEDMSampler,VanillaCFG,,FALSE,1:1,underwater+antique_photo+low_lighting,portrait,50,4,auto,,,,"https://firefly.adobe.com/generate/images?style=photo&seed=42&seed=242&seed=4242&seed=2442&prompt=mountains+in+the+background+with+a+lake+and+a+bench+in+the+foreground%2C+anamorphic+lens+flare%2C+monserrat+gudiol%2C+garden%2C+128k%2C+from+the+roof%2C+the+brilliant+dawn+on+the+meadow%2C+spain%2C+200mm+wide+shot%2C+cerpuscular+rays%2C+rocky+foreground&modelInputVersion=v2&aspectRatio=portrait&creativity=4&guideStrength=50&exif={""mode""%3A""auto""}&style=underwater&style=antique_photo&style=low_lighting"
r11c4de0et,"there are two buses that are driving down the street, rubedo, bus station, editorial, italy, no flash, full length photo",134:89,3,7.490206862,7.490206862,0.999,4,3,3,512,768,1280,36,HeunEDMSampler,IdentityGuider,,FALSE,,,,,,3:2,bw+low_lighting+knolling,square,0,6,manual,2,0.125,178,"https://firefly.adobe.com/generate/images?style=photo&seed=42&seed=242&seed=4242&seed=2442&prompt=there+are+two+buses+that+are+driving+down+the+street%2C+rubedo%2C+bus+station%2C+editorial%2C+italy%2C+no+flash%2C+full+length+photo&modelInputVersion=v2&aspectRatio=square&creativity=6&guideStrength=0&exif={""mode""%3A""manual""%2C""details""%3A{""aperture""%3A2%2C""focal_length""%3A178%2C""shutter_speed""%3A0.125}}&style=bw&style=low_lighting&style=knolling"
r11d981d2t,"there is a bee that is sitting on a flower in the grass, whitebangs, meadows on hills, yellow and green scheme, midlands, valerian, close photo, crisp photo, white lace, 35mm f2.8, very sharp photo, the shrike, swiss, portlet photo",77:51,3,3.868128281,3.868128281,1,3,2,2,512,704,1408,39,DPMPP2MSampler,VanillaCFG,5.171433165,FALSE,,,,,,9:16,knolling,widescreen,0,2,manual,5.6,0.0006,157,"https://firefly.adobe.com/generate/images?style=photo&seed=42&seed=242&seed=4242&seed=2442&prompt=there+is+a+bee+that+is+sitting+on+a+flower+in+the+grass%2C+whitebangs%2C+meadows+on+hills%2C+yellow+and+green+scheme%2C+midlands%2C+valerian%2C+close+photo%2C+crisp+photo%2C+white+lace%2C+35mm+f2.8%2C+very+sharp+photo%2C+the+shrike%2C+swiss%2C+portlet+photo&modelInputVersion=v2&aspectRatio=widescreen&creativity=2&guideStrength=0&exif={""mode""%3A""manual""%2C""details""%3A{""aperture""%3A5.6%2C""focal_length""%3A157%2C""shutter_speed""%3A0.0006}}&style=knolling"
r11e134c7t,"there is a boat that is going down the river with rocks in the water, underwater soft colours, algae feet, hot day, datapipeline or river, glistening seafoam, the stone is round, kanamemo, slight yellow hue, alchemic, high sharpness, onsens, sunny morning, mint",51:77,2,5.272040096,5.272040096,0.998,4,1,2,768,1472,704,44,DPMPP2MSampler,VanillaCFG,4.221937652,FALSE,,,,,,4:3,,landscape,100,2,auto,,,,"https://firefly.adobe.com/generate/images?style=photo&seed=42&seed=242&seed=4242&seed=2442&prompt=there+is+a+boat+that+is+going+down+the+river+with+rocks+in+the+water%2C+underwater+soft+colours%2C+algae+feet%2C+hot+day%2C+datapipeline+or+river%2C+glistening+seafoam%2C+the+stone+is+round%2C+kanamemo%2C+slight+yellow+hue%2C+alchemic%2C+high+sharpness%2C+onsens%2C+sunny+morning%2C+mint&modelInputVersion=v2&aspectRatio=landscape&creativity=2&guideStrength=100&exif={""mode""%3A""auto""}"
r11e26097t,"there is a man sitting on a bench in a park, autumn mountains, playground, burdisio, view from the streets, album, voge photo, skary, architectural and tom leaves, portlet photo, lone female, landscape architecture photo, scene from supplizia, playing, sneaking",77:51,2,8.016873983,8.016873983,0.995,2,2,1,768,704,1344,44,DPMPP2SAncestralSampler,VanillaCFG,2.81386963,TRUE,41,LinearMultistepSampler,VanillaCFG,2.377614009,TRUE,9:16,,portrait,16,8,manual,8,0.0006,188,"https://firefly.adobe.com/generate/images?style=photo&seed=42&seed=242&seed=4242&seed=2442&prompt=there+is+a+man+sitting+on+a+bench+in+a+park%2C+autumn+mountains%2C+playground%2C+burdisio%2C+view+from+the+streets%2C+album%2C+voge+photo%2C+skary%2C+architectural+and+tom+leaves%2C+portlet+photo%2C+lone+female%2C+landscape+architecture+photo%2C+scene+from+supplizia%2C+playing%2C+sneaking&modelInputVersion=v2&aspectRatio=portrait&creativity=8&guideStrength=16&exif={""mode""%3A""manual""%2C""details""%3A{""aperture""%3A8%2C""focal_length""%3A188%2C""shutter_speed""%3A0.0006}}"
r12133015t,"there is a man that is skiing down a hill in the snow, old tree, swiss architecture, suburbs, sharp photo, 7 0 mm photo, looking down at the valley, hi-res photo, inspired by Stanislav Zhukovsky, a beautiful tree, 28mm dramatic photo, with a garden as foreground, shelter, mild, leave",51:77,4,7.850613685,7.850613685,0.996,2,5,1,512,1664,576,40,DPMPP2MSampler,VanillaCFG,3.705921083,TRUE,37,DPMPP2MSampler,VanillaCFG,5.865596201,TRUE,4:5,surreal_lighting+knolling,landscape,0,4,auto,,,,"https://firefly.adobe.com/generate/images?style=photo&seed=42&seed=242&seed=4242&seed=2442&prompt=there+is+a+man+that+is+skiing+down+a+hill+in+the+snow%2C+old+tree%2C+swiss+architecture%2C+suburbs%2C+sharp+photo%2C+7+0+mm+photo%2C+looking+down+at+the+valley%2C+hi-res+photo%2C+inspired+by+Stanislav+Zhukovsky%2C+a+beautiful+tree%2C+28mm+dramatic+photo%2C+with+a+garden+as+foreground%2C+shelter%2C+mild%2C+leave&modelInputVersion=v2&aspectRatio=landscape&creativity=4&guideStrength=0&exif={""mode""%3A""auto""}&style=surreal_lighting&style=knolling"
r1218b33at,"there is a man that is walking up a hill with a backpack, in the dolomites, visible from afar!!, bleached, sparse vegetation, view from the ground, area 3, that we would see in the essoldo, with a gullet at the end, 50mp, picture, botany",77:51,2,5.420609807,5.420609807,0.997,2,1,0,768,768,1344,29,LinearMultistepSampler,VanillaCFG,6.289749441,FALSE,,,,,,2:3,gomori_photography+shot_from_above,square,0,5,auto,,,,"https://firefly.adobe.com/generate/images?style=photo&seed=42&seed=242&seed=4242&seed=2442&prompt=there+is+a+man+that+is+walking+up+a+hill+with+a+backpack%2C+in+the+dolomites%2C+visible+from+afar!!%2C+bleached%2C+sparse+vegetation%2C+view+from+the+ground%2C+area+3%2C+that+we+would+see+in+the+essoldo%2C+with+a+gullet+at+the+end%2C+50mp%2C+picture%2C+botany&modelInputVersion=v2&aspectRatio=square&creativity=5&guideStrength=0&exif={""mode""%3A""auto""}&style=gomori_photography&style=shot_from_above"
r121f7893t,"there is a person riding a bike on a path in the grass, bosnian, located in hajibektash complex, distant mountain range, botanic garden, blossoming path to heaven, hd photo, agfa photo, evergreen, road, photo photo, biological photo, walk",51:77,1,2.527990391,2.527990391,1,2,2,0,768,768,1280,32,DPMPP2MSampler,VanillaCFG,2.905041154,TRUE,43,EulerAncestralSampler,VanillaCFG,7.803503075,TRUE,5:4,chaotic+chaotic+dramatic_light+photographed_through_window,widescreen,0,4,manual,2.8,0.004,284,"https://firefly.adobe.com/generate/images?style=photo&seed=42&seed=242&seed=4242&seed=2442&prompt=there+is+a+person+riding+a+bike+on+a+path+in+the+grass%2C+bosnian%2C+located+in+hajibektash+complex%2C+distant+mountain+range%2C+botanic+garden%2C+blossoming+path+to+heaven%2C+hd+photo%2C+agfa+photo%2C+evergreen%2C+road%2C+photo+photo%2C+biological+photo%2C+walk&modelInputVersion=v2&aspectRatio=widescreen&creativity=4&guideStrength=0&exif={""mode""%3A""manual""%2C""details""%3A{""aperture""%3A2.8%2C""focal_length""%3A284%2C""shutter_speed""%3A0.004}}&style=chaotic&style=chaotic&style=dramatic_light&style=photographed_through_window"
r1234de87t,"people are standing in a crowd with a rainbow wand in their hands, maid costume, rutkowski and caravaggio, editorial, folk art, beware the ides of march, view from the streets, action still, typical, beaker, editorial model",77:51,2,8.995786067,8.995786067,0.996,3,5,5,768,768,1344,42,HeunEDMSampler,VanillaCFG,7.724715213,TRUE,42,EulerEDMSampler,IdentityGuider,3.536717189,TRUE,2:1,,widescreen,86,5,auto,,,,"https://firefly.adobe.com/generate/images?style=photo&seed=42&seed=242&seed=4242&seed=2442&prompt=people+are+standing+in+a+crowd+with+a+rainbow+wand+in+their+hands%2C+maid+costume%2C+rutkowski+and+caravaggio%2C+editorial%2C+folk+art%2C+beware+the+ides+of+march%2C+view+from+the+streets%2C+action+still%2C+typical%2C+beaker%2C+editorial+model&modelInputVersion=v2&aspectRatio=widescreen&creativity=5&guideStrength=86&exif={""mode""%3A""auto""}"
r123c6433t,"There is a large log laying on the ground next to a lake, dolomites, trees and cliffs, area 3, rainy scene, overgrown with trees, litter, scene view",77:51,3,5.704404004,5.704404004,0.996,1,0,4,512,960,1024,37,HeunEDMSampler,IdentityGuider,,TRUE,38,EulerAncestralSampler,IdentityGuider,,FALSE,5:4,dramatic_light,portrait,67,9,auto,,,,"https://firefly.adobe.com/generate/images?style=photo&seed=42&seed=242&seed=4242&seed=2442&prompt=There+is+a+large+log+laying+on+the+ground+next+to+a+lake%2C+dolomites%2C+trees+and+cliffs%2C+area+3%2C+rainy+scene%2C+overgrown+with+trees%2C+litter%2C+scene+view&modelInputVersion=v2&aspectRatio=portrait&creativity=9&guideStrength=67&exif={""mode""%3A""auto""}&style=dramatic_light"
r123ca9b3t,"There is a statue of a man on a horse on a balcony, the pope is in his bed, vatican, distant photo, barracks, oversized pauldrons, family crest, rectangular, standing, wash, justice, bara, two, samadhi.",134:89,4,4.886936891,4.886936891,0.999,2,2,0,768,704,1344,45,DPMPP2MSampler,VanillaCFG,4.046846776,TRUE,33,LinearMultistepSampler,VanillaCFG,5.540723588,FALSE,9:16,,portrait,50,4,manual,2.8,0.008,169,"https://firefly.adobe.com/generate/images?style=photo&seed=42&seed=242&seed=4242&seed=2442&prompt=There+is+a+statue+of+a+man+on+a+horse+on+a+balcony%2C+the+pope+is+in+his+bed%2C+vatican%2C+distant+photo%2C+barracks%2C+oversized+pauldrons%2C+family+crest%2C+rectangular%2C+standing%2C+wash%2C+justice%2C+bara%2C+two%2C+samadhi.&modelInputVersion=v2&aspectRatio=portrait&creativity=4&guideStrength=50&exif={""mode""%3A""manual""%2C""details""%3A{""aperture""%3A2.8%2C""focal_length""%3A169%2C""shutter_speed""%3A0.008}}"
r125034a9t,"People standing in line at a carnival with a carousel in the background, complex outfit, hugging her knees, crossing road, munich, in front of the house.",134:89,4,6.028902177,6.028902177,0.996,3,3,3,512,832,1152,35,EulerAncestralSampler,VanillaCFG,3.597307713,TRUE,37,DPMPP2MSampler,VanillaCFG,5.127936913,TRUE,4:5,vibrant_colors,widescreen,0,6,manual,8,0.5,124,"https://firefly.adobe.com/generate/images?style=photo&seed=42&seed=242&seed=4242&seed=2442&prompt=People+standing+in+line+at+a+carnival+with+a+carousel+in+the+background%2C+complex+outfit%2C+hugging+her+knees%2C+crossing+road%2C+munich%2C+in+front+of+the+house.&modelInputVersion=v2&aspectRatio=widescreen&creativity=6&guideStrength=0&exif={""mode""%3A""manual""%2C""details""%3A{""aperture""%3A8%2C""focal_length""%3A124%2C""shutter_speed""%3A0.5}}&style=vibrant_colors"
r125442fat,"Giraffes in front of a large building with a clock tower, a gigantic wall, florentine school, floor, looking from side, the place is just really small, cathedral background, back pose, july, photo taken of an epic intricate, two-tone, closup, puffy, geo.",77:51,2,6.219505146,6.219505146,0.996,3,3,3,768,1344,768,47,DPMPP2SAncestralSampler,VanillaCFG,5.010779551,FALSE,,,,,,1:1,,widescreen,50,4,manual,2,0.004,69,"https://firefly.adobe.com/generate/images?style=photo&seed=42&seed=242&seed=4242&seed=2442&prompt=Giraffes+in+front+of+a+large+building+with+a+clock+tower%2C+a+gigantic+wall%2C+florentine+school%2C+floor%2C+looking+from+side%2C+the+place+is+just+really+small%2C+cathedral+background%2C+back+pose%2C+july%2C+photo+taken+of+an+epic+intricate%2C+two-tone%2C+closup%2C+puffy%2C+geo.&modelInputVersion=v2&aspectRatio=widescreen&creativity=4&guideStrength=50&exif={""mode""%3A""manual""%2C""details""%3A{""aperture""%3A2%2C""focal_length""%3A69%2C""shutter_speed""%3A0.004}}"
r125f6e84t,"There is a woman sitting on a bench in the woods, pure blue sky, early spring, huge ancient trees, vertical symmetry, many leaves, canvas, taken with canon 8 0 d, by Pamphilus, overgrown spamp, at midday, cuts.",51:77,1,8.426722049,8.426722049,0.999,2,2,4,512,1728,576,39,EulerAncestralSampler,IdentityGuider,,TRUE,38,EulerEDMSampler,IdentityGuider,,TRUE,3:2,muted+studio_light,landscape,0,7,manual,22,0.008,75,"https://firefly.adobe.com/generate/images?style=photo&seed=42&seed=242&seed=4242&seed=2442&prompt=There+is+a+woman+sitting+on+a+bench+in+the+woods%2C+pure+blue+sky%2C+early+spring%2C+huge+ancient+trees%2C+vertical+symmetry%2C+many+leaves%2C+canvas%2C+taken+with+canon+8+0+d%2C+by+Pamphilus%2C+overgrown+spamp%2C+at+midday%2C+cuts.&modelInputVersion=v2&aspectRatio=landscape&creativity=7&guideStrength=0&exif={""mode""%3A""manual""%2C""details""%3A{""aperture""%3A22%2C""focal_length""%3A75%2C""shutter_speed""%3A0.008}}&style=muted&style=studio_light"
r12638c95t,"People are looking at paintings on a wall in a city, roma, crafts and souvenirs, perfect photo, in the style of an oil painting, blonde girl, classical antiquities on display, very fine detail, january, marketsquare, may, a photo.",134:89,3,3.201787995,3.201787995,0.998,3,5,2,768,1216,832,46,LinearMultistepSampler,VanillaCFG,3.114870979,TRUE,36,LinearMultistepSampler,IdentityGuider,5.481596159,TRUE,4:5,harsh_light,landscape,100,5,manual,2,0.066,298,"https://firefly.adobe.com/generate/images?style=photo&seed=42&seed=242&seed=4242&seed=2442&prompt=People+are+looking+at+paintings+on+a+wall+in+a+city%2C+roma%2C+crafts+and+souvenirs%2C+perfect+photo%2C+in+the+style+of+an+oil+painting%2C+blonde+girl%2C+classical+antiquities+on+display%2C+very+fine+detail%2C+january%2C+marketsquare%2C+may%2C+a+photo.&modelInputVersion=v2&aspectRatio=landscape&creativity=5&guideStrength=100&exif={""mode""%3A""manual""%2C""details""%3A{""aperture""%3A2%2C""focal_length""%3A298%2C""shutter_speed""%3A0.066}}&style=harsh_light"
r1267fa5bt,"People are walking down a narrow street with tables and chairs, slovenian, city street view background, mall, picturesque, brightly colored buildings, crowds of people, the.",51:77,1,3.266947848,3.266947848,0.999,2,1,1,512,1152,896,33,EulerEDMSampler,VanillaCFG,5.710698185,TRUE,45,EulerAncestralSampler,VanillaCFG,5.529540835,TRUE,4:3,surface_detail,square,94,2,auto,,,,"https://firefly.adobe.com/generate/images?style=photo&seed=42&seed=242&seed=4242&seed=2442&prompt=People+are+walking+down+a+narrow+street+with+tables+and+chairs%2C+slovenian%2C+city+street+view+background%2C+mall%2C+picturesque%2C+brightly+colored+buildings%2C+crowds+of+people%2C+the.&modelInputVersion=v2&aspectRatio=square&creativity=2&guideStrength=94&exif={""mode""%3A""auto""}&style=surface_detail"
r126a22b8t,"There is a view of a field with a house in the distance, agrigento, an estate agent listing photo, 33mm photo, full-length photo, auction photo, photo photo.",77:51,3,8.190361652,8.190361652,0.999,2,1,2,512,1280,768,31,LinearMultistepSampler,VanillaCFG,3.143702595,FALSE,,,,,,3:2,,square,100,3,auto,,,,"https://firefly.adobe.com/generate/images?style=photo&seed=42&seed=242&seed=4242&seed=2442&prompt=There+is+a+view+of+a+field+with+a+house+in+the+distance%2C+agrigento%2C+an+estate+agent+listing+photo%2C+33mm+photo%2C+full-length+photo%2C+auction+photo%2C+photo+photo.&modelInputVersion=v2&aspectRatio=square&creativity=3&guideStrength=100&exif={""mode""%3A""auto""}"
r127608abt,"There are people sitting at a table in a fancy room, masterpiece intricate elegant, street of paris photography, no flash, exquisite decoration, golden ornaments, crystal, spoon, great textures and lighting, italian, holiday.",77:51,3,6.188514335,6.188514335,0.996,3,0,2,768,1472,704,43,DPMPP2SAncestralSampler,IdentityGuider,,TRUE,36,DPMPP2MSampler,VanillaCFG,,FALSE,1:2,chaotic,widescreen,25,3,auto,,,,"https://firefly.adobe.com/generate/images?style=photo&seed=42&seed=242&seed=4242&seed=2442&prompt=There+are+people+sitting+at+a+table+in+a+fancy+room%2C+masterpiece+intricate+elegant%2C+street+of+paris+photography%2C+no+flash%2C+exquisite+decoration%2C+golden+ornaments%2C+crystal%2C+spoon%2C+great+textures+and+lighting%2C+italian%2C+holiday.&modelInputVersion=v2&aspectRatio=widescreen&creativity=3&guideStrength=25&exif={""mode""%3A""auto""}&style=chaotic"
r127d47e0t,"There are many vases with flowers on a table with a cloth, sculpture made of wood, madrid, carnivorous plants, exhibant, flax, amazing craftsmanship, in an urban setting, well shaded, wood and paper, outside, leafs, ochre, burlap, their irises are red, magnolia stems, good shading, carravaggio, displayed.",89:134,1,6.604840347,6.604840347,0.996,4,1,2,768,1344,768,39,DPMPP2SAncestralSampler,VanillaCFG,10.41933686,FALSE,,,,,,16:9,simple+surreal_lighting,landscape,42,5,manual,4,1,74,"https://firefly.adobe.com/generate/images?style=photo&seed=42&seed=242&seed=4242&seed=2442&prompt=There+are+many+vases+with+flowers+on+a+table+with+a+cloth%2C+sculpture+made+of+wood%2C+madrid%2C+carnivorous+plants%2C+exhibant%2C+flax%2C+amazing+craftsmanship%2C+in+an+urban+setting%2C+well+shaded%2C+wood+and+paper%2C+outside%2C+leafs%2C+ochre%2C+burlap%2C+their+irises+are+red%2C+magnolia+stems%2C+good+shading%2C+carravaggio%2C+displayed.&modelInputVersion=v2&aspectRatio=landscape&creativity=5&guideStrength=42&exif={""mode""%3A""manual""%2C""details""%3A{""aperture""%3A4%2C""focal_length""%3A74%2C""shutter_speed""%3A1}}&style=simple&style=surreal_lighting"
r128cc6fbt,"Mountains and valleys with a few clouds in the sky, dandelion, mount olympus, viewed from very far away, boka, full-body view, afshar, ehime.",77:51,1,4.133892429,4.133892429,0.995,2,0,2,768,1280,768,34,LinearMultistepSampler,VanillaCFG,1.926694597,TRUE,44,DPMPP2MSampler,VanillaCFG,10.21227651,TRUE,5:4,divine,portrait,35,9,manual,16,0.066,133,"https://firefly.adobe.com/generate/images?style=photo&seed=42&seed=242&seed=4242&seed=2442&prompt=Mountains+and+valleys+with+a+few+clouds+in+the+sky%2C+dandelion%2C+mount+olympus%2C+viewed+from+very+far+away%2C+boka%2C+full-body+view%2C+afshar%2C+ehime.&modelInputVersion=v2&aspectRatio=portrait&creativity=9&guideStrength=35&exif={""mode""%3A""manual""%2C""details""%3A{""aperture""%3A16%2C""focal_length""%3A133%2C""shutter_speed""%3A0.066}}&style=divine"
r128dfb38t,"Boats are floating in the water near a city with a steeple, swiss architecture, theme park, with radiating hill, october, tall buildings on the sides, sweltering heat, tourist photo.",77:51,2,6.925151758,6.925151758,0.998,3,1,3,768,1664,576,39,DPMPP2MSampler,IdentityGuider,,TRUE,35,EulerEDMSampler,VanillaCFG,,FALSE,3:2,underwater+photographed_through_window,portrait,100,7,auto,,,,"https://firefly.adobe.com/generate/images?style=photo&seed=42&seed=242&seed=4242&seed=2442&prompt=Boats+are+floating+in+the+water+near+a+city+with+a+steeple%2C+swiss+architecture%2C+theme+park%2C+with+radiating+hill%2C+october%2C+tall+buildings+on+the+sides%2C+sweltering+heat%2C+tourist+photo.&modelInputVersion=v2&aspectRatio=portrait&creativity=7&guideStrength=100&exif={""mode""%3A""auto""}&style=underwater&style=photographed_through_window"
r1293f8ect,"There is a man riding a horse on a snowy trail, dolomites, yellow and green, october, on deep forest peak, view from the side, jagged metal landscape, sharp photo, tall tree, karst landscape, wide shot, lavs flowing through the land, standing in a grotto, mid-fall.",51:77,1,3.274492195,3.274492195,0.997,4,0,3,768,704,1408,42,HeunEDMSampler,IdentityGuider,,FALSE,,,,,,4:3,monochromatic+backlighting+shallow_depth_of_field,portrait,0,5,manual,16,0.125,214,"https://firefly.adobe.com/generate/images?style=photo&seed=42&seed=242&seed=4242&seed=2442&prompt=There+is+a+man+riding+a+horse+on+a+snowy+trail%2C+dolomites%2C+yellow+and+green%2C+october%2C+on+deep+forest+peak%2C+view+from+the+side%2C+jagged+metal+landscape%2C+sharp+photo%2C+tall+tree%2C+karst+landscape%2C+wide+shot%2C+lavs+flowing+through+the+land%2C+standing+in+a+grotto%2C+mid-fall.&modelInputVersion=v2&aspectRatio=portrait&creativity=5&guideStrength=0&exif={""mode""%3A""manual""%2C""details""%3A{""aperture""%3A16%2C""focal_length""%3A214%2C""shutter_speed""%3A0.125}}&style=monochromatic&style=backlighting&style=shallow_depth_of_field"
r12946364t,"There is a statue of a man riding a horse on top of a building, roma, birds on sky, opera, composer, charioscuro, theatrical scenery, november.",134:89,2,7.476994975,7.476994975,0.999,2,0,3,768,896,1152,46,LinearMultistepSampler,VanillaCFG,0.9538979336,TRUE,43,DPMPP2SAncestralSampler,VanillaCFG,2.58626383,TRUE,1:2,chaotic+cool_colors,landscape,5,8,manual,8,0.5,41,"https://firefly.adobe.com/generate/images?style=photo&seed=42&seed=242&seed=4242&seed=2442&prompt=There+is+a+statue+of+a+man+riding+a+horse+on+top+of+a+building%2C+roma%2C+birds+on+sky%2C+opera%2C+composer%2C+charioscuro%2C+theatrical+scenery%2C+november.&modelInputVersion=v2&aspectRatio=landscape&creativity=8&guideStrength=5&exif={""mode""%3A""manual""%2C""details""%3A{""aperture""%3A8%2C""focal_length""%3A41%2C""shutter_speed""%3A0.5}}&style=chaotic&style=cool_colors"
r1297fd0bt,"There is a bird sitting on a branch of a tree, pink petals, lisbon, fluffy full of light, ruffles, in an urban setting, golden light, large opaque blossoms, traditional Japanese colors, flowers with very long petals, warm weather, pink background, upwards.",134:89,1,8.678166284,8.678166284,0.997,3,1,3,768,832,1152,43,EulerAncestralSampler,VanillaCFG,4.990835838,FALSE,,,,,,2:3,harsh_light,portrait,0,4,manual,1.2,0.5,237,"https://firefly.adobe.com/generate/images?style=photo&seed=42&seed=242&seed=4242&seed=2442&prompt=There+is+a+bird+sitting+on+a+branch+of+a+tree%2C+pink+petals%2C+lisbon%2C+fluffy+full+of+light%2C+ruffles%2C+in+an+urban+setting%2C+golden+light%2C+large+opaque+blossoms%2C+traditional+Japanese+colors%2C+flowers+with+very+long+petals%2C+warm+weather%2C+pink+background%2C+upwards.&modelInputVersion=v2&aspectRatio=portrait&creativity=4&guideStrength=0&exif={""mode""%3A""manual""%2C""details""%3A{""aperture""%3A1.2%2C""focal_length""%3A237%2C""shutter_speed""%3A0.5}}&style=harsh_light"
r129f09b4t,"There is a house with a lot of windows and a lot of people, in the dolomites, evening ambiance, restaurant!, front photo, camping, normal place with weird feeling, cocktail bar, dojo on a mountain, white building, near pond, :: morning.",77:51,1,4.522162713,4.522162713,0.996,2,0,3,512,768,1344,39,EulerEDMSampler,VanillaCFG,5.211001424,TRUE,43,EulerAncestralSampler,VanillaCFG,3.024286162,FALSE,4:3,monochromatic+studio_light+closeup,square,50,4,auto,,,,"https://firefly.adobe.com/generate/images?style=photo&seed=42&seed=242&seed=4242&seed=2442&prompt=There+is+a+house+with+a+lot+of+windows+and+a+lot+of+people%2C+in+the+dolomites%2C+evening+ambiance%2C+restaurant!%2C+front+photo%2C+camping%2C+normal+place+with+weird+feeling%2C+cocktail+bar%2C+dojo+on+a+mountain%2C+white+building%2C+near+pond%2C+::+morning.&modelInputVersion=v2&aspectRatio=square&creativity=4&guideStrength=50&exif={""mode""%3A""auto""}&style=monochromatic&style=studio_light&style=closeup"
r129f24bet,"There is a train track that is next to a building, valle dei templi, overcast flat midday sunlight, outdoor scene, dial, post-war scenery, station, roof with vegetation, lampposts, view from the back, calico, area 3.",77:51,2,2.921971924,2.921971924,0.999,1,0,3,768,1408,704,36,DPMPP2SAncestralSampler,IdentityGuider,,FALSE,,,,,,2:3,simple+simple+bw+low_lighting,landscape,50,2,manual,16,1,105,"https://firefly.adobe.com/generate/images?style=photo&seed=42&seed=242&seed=4242&seed=2442&prompt=There+is+a+train+track+that+is+next+to+a+building%2C+valle+dei+templi%2C+overcast+flat+midday+sunlight%2C+outdoor+scene%2C+dial%2C+post-war+scenery%2C+station%2C+roof+with+vegetation%2C+lampposts%2C+view+from+the+back%2C+calico%2C+area+3.&modelInputVersion=v2&aspectRatio=landscape&creativity=2&guideStrength=50&exif={""mode""%3A""manual""%2C""details""%3A{""aperture""%3A16%2C""focal_length""%3A105%2C""shutter_speed""%3A1}}&style=simple&style=simple&style=bw&style=low_lighting"
r12a7e9b5t,"Mountains with a few trees and a person on a horse, big towers, in the dolomites, closeup at the faces, white lava, slightly overexposed, stones falling from the sky, trio, fault, nimbus, over a chalk cliff, viewed from the ground, gondola, vastness, wide shot photo, linen, very closeup, malt, opera.",77:51,3,7.822393368,7.822393368,0.998,1,3,3,768,1728,576,37,LinearMultistepSampler,VanillaCFG,4.603603344,TRUE,42,EulerEDMSampler,VanillaCFG,3.659058495,TRUE,4:3,underwater+chaotic+grainy_film+cool_colors,portrait,100,9,auto,,,,"https://firefly.adobe.com/generate/images?style=photo&seed=42&seed=242&seed=4242&seed=2442&prompt=Mountains+with+a+few+trees+and+a+person+on+a+horse%2C+big+towers%2C+in+the+dolomites%2C+closeup+at+the+faces%2C+white+lava%2C+slightly+overexposed%2C+stones+falling+from+the+sky%2C+trio%2C+fault%2C+nimbus%2C+over+a+chalk+cliff%2C+viewed+from+the+ground%2C+gondola%2C+vastness%2C+wide+shot+photo%2C+linen%2C+very+closeup%2C+malt%2C+opera.&modelInputVersion=v2&aspectRatio=portrait&creativity=9&guideStrength=100&exif={""mode""%3A""auto""}&style=underwater&style=chaotic&style=grainy_film&style=cool_colors"
r12a97b08t,"There is a small house in the middle of a field, jamaican, powerlines, so many plants, on the side of the road, bamboo, rail tracks lead from the mine, landscape from a car window, tall plants, high saturation, and blue, sri lanka, in avila pinewood, bog, larapi, cacti everywhere.",77:51,3,5.898907337,5.898907337,0.996,3,2,3,512,1472,704,43,LinearMultistepSampler,IdentityGuider,,FALSE,,,,,,1:1,landscape_photography,landscape,100,2,auto,,,,"https://firefly.adobe.com/generate/images?style=photo&seed=42&seed=242&seed=4242&seed=2442&prompt=There+is+a+small+house+in+the+middle+of+a+field%2C+jamaican%2C+powerlines%2C+so+many+plants%2C+on+the+side+of+the+road%2C+bamboo%2C+rail+tracks+lead+from+the+mine%2C+landscape+from+a+car+window%2C+tall+plants%2C+high+saturation%2C+and+blue%2C+sri+lanka%2C+in+avila+pinewood%2C+bog%2C+larapi%2C+cacti+everywhere.&modelInputVersion=v2&aspectRatio=landscape&creativity=2&guideStrength=100&exif={""mode""%3A""auto""}&style=landscape_photography"
r12c1798bt,"There is a wooden dock that is next to a lake, beautiful Swedish forest view, swimming pool, sunny day, viewed from the side, empty stage, placid, high detailed, steps 50, exterior photo.",77:51,1,8.254886351,8.254886351,0.997,1,1,4,512,1216,832,42,DPMPP2SAncestralSampler,IdentityGuider,,TRUE,44,EulerAncestralSampler,VanillaCFG,,TRUE,3:2,,landscape,100,4,auto,,,,"https://firefly.adobe.com/generate/images?style=photo&seed=42&seed=242&seed=4242&seed=2442&prompt=There+is+a+wooden+dock+that+is+next+to+a+lake%2C+beautiful+Swedish+forest+view%2C+swimming+pool%2C+sunny+day%2C+viewed+from+the+side%2C+empty+stage%2C+placid%2C+high+detailed%2C+steps+50%2C+exterior+photo.&modelInputVersion=v2&aspectRatio=landscape&creativity=4&guideStrength=100&exif={""mode""%3A""auto""}"
r12c5f70bt,"There is a skateboarder riding down a ramp in a park, maple tree, colors orange, vancouver school, real image, magical tree, pink and orange colors, school courtyard, large tall, but very good looking.",77:51,2,4.788584656,4.788584656,0.996,2,5,4,768,1472,704,39,EulerEDMSampler,IdentityGuider,,FALSE,,,,,,2:1,studio_light,widescreen,50,2,manual,1.2,10,199,"https://firefly.adobe.com/generate/images?style=photo&seed=42&seed=242&seed=4242&seed=2442&prompt=There+is+a+skateboarder+riding+down+a+ramp+in+a+park%2C+maple+tree%2C+colors+orange%2C+vancouver+school%2C+real+image%2C+magical+tree%2C+pink+and+orange+colors%2C+school+courtyard%2C+large+tall%2C+but+very+good+looking.&modelInputVersion=v2&aspectRatio=widescreen&creativity=2&guideStrength=50&exif={""mode""%3A""manual""%2C""details""%3A{""aperture""%3A1.2%2C""focal_length""%3A199%2C""shutter_speed""%3A10}}&style=studio_light"
r12c64de9t,"There is a large body of water with a mountain in the background, soft diffuse autumn lights, artificial fog, simonetti, iso 1600, cumulus, water reservoir, s baraldi, autumn colors, sunlight breaking through clouds, 7 0 mm photo.",51:77,2,2.680116821,2.680116821,0.998,1,2,4,768,1472,704,42,EulerAncestralSampler,IdentityGuider,,FALSE,,,,,,2:3,gomori_photography+monochromatic+studio_light,square,100,6,manual,1.4,0.066,130,"https://firefly.adobe.com/generate/images?style=photo&seed=42&seed=242&seed=4242&seed=2442&prompt=There+is+a+large+body+of+water+with+a+mountain+in+the+background%2C+soft+diffuse+autumn+lights%2C+artificial+fog%2C+simonetti%2C+iso+1600%2C+cumulus%2C+water+reservoir%2C+s+baraldi%2C+autumn+colors%2C+sunlight+breaking+through+clouds%2C+7+0+mm+photo.&modelInputVersion=v2&aspectRatio=square&creativity=6&guideStrength=100&exif={""mode""%3A""manual""%2C""details""%3A{""aperture""%3A1.4%2C""focal_length""%3A130%2C""shutter_speed""%3A0.066}}&style=gomori_photography&style=monochromatic&style=studio_light"
r12cbfb1et,"There is a train going down the tracks next to a mountain, overlooking river aufidius italy, limestone, half-length photo, endless lake, rock columns, unobstructed road, by Altichiero, a gigantic wall, green waters, striations, of an old 13th century, alpaca, pine, bosnian.",77:51,4,6.143214003,6.143214003,0.996,1,1,4,512,1344,704,33,EulerEDMSampler,VanillaCFG,6.602701735,TRUE,34,DPMPP2MSampler,IdentityGuider,5.264030968,FALSE,1:2,otherworldly_depiction+long-time_exposure,square,0,10,auto,,,,"https://firefly.adobe.com/generate/images?style=photo&seed=42&seed=242&seed=4242&seed=2442&prompt=There+is+a+train+going+down+the+tracks+next+to+a+mountain%2C+overlooking+river+aufidius+italy%2C+limestone%2C+half-length+photo%2C+endless+lake%2C+rock+columns%2C+unobstructed+road%2C+by+Altichiero%2C+a+gigantic+wall%2C+green+waters%2C+striations%2C+of+an+old+13th+century%2C+alpaca%2C+pine%2C+bosnian.&modelInputVersion=v2&aspectRatio=square&creativity=10&guideStrength=0&exif={""mode""%3A""auto""}&style=otherworldly_depiction&style=long-time_exposure"
r12cebbd2t,"There is a box of soap and a box of soap on a table, in classic diner, sepia sunshine, with a wooden stuff, stroopwaffel, hot hot hot, good at cards, :: morning.",51:77,3,8.217769055,8.217769055,1,2,3,4,768,704,1344,54,HeunEDMSampler,VanillaCFG,4.932868292,FALSE,,,,,,4:5,golden_hour+wide_angle,square,50,6,auto,,,,"https://firefly.adobe.com/generate/images?style=photo&seed=42&seed=242&seed=4242&seed=2442&prompt=There+is+a+box+of+soap+and+a+box+of+soap+on+a+table%2C+in+classic+diner%2C+sepia+sunshine%2C+with+a+wooden+stuff%2C+stroopwaffel%2C+hot+hot+hot%2C+good+at+cards%2C+::+morning.&modelInputVersion=v2&aspectRatio=square&creativity=6&guideStrength=50&exif={""mode""%3A""auto""}&style=golden_hour&style=wide_angle"
r12cf98bet,"There is a boat that is going down the river in the city, venice, the photo was taken from a boat, very wide view, southern European scenery, dome, water particulate, noon, asset.",89:134,1,4.592872316,4.592872316,0.999,4,1,1,512,1088,960,36,DPMPP2MSampler,VanillaCFG,6.843571141,TRUE,37,LinearMultistepSampler,VanillaCFG,7.134012059,FALSE,3:4,golden_hour,landscape,0,4,manual,4,0.5,177,"https://firefly.adobe.com/generate/images?style=photo&seed=42&seed=242&seed=4242&seed=2442&prompt=There+is+a+boat+that+is+going+down+the+river+in+the+city%2C+venice%2C+the+photo+was+taken+from+a+boat%2C+very+wide+view%2C+southern+European+scenery%2C+dome%2C+water+particulate%2C+noon%2C+asset.&modelInputVersion=v2&aspectRatio=landscape&creativity=4&guideStrength=0&exif={""mode""%3A""manual""%2C""details""%3A{""aperture""%3A4%2C""focal_length""%3A177%2C""shutter_speed""%3A0.5}}&style=golden_hour"
r12d4cabat,"There are many trees that are blooming along the side of the road, running through Italian town, many people walking about, pear.",89:134,1,8.283148959,8.283148959,0.996,2,4,2,768,960,1088,37,EulerAncestralSampler,IdentityGuider,,TRUE,39,EulerEDMSampler,IdentityGuider,,TRUE,16:9,bokeh+misty+misty+grainy_film,square,100,3,manual,8,0.016,185,"https://firefly.adobe.com/generate/images?style=photo&seed=42&seed=242&seed=4242&seed=2442&prompt=There+are+many+trees+that+are+blooming+along+the+side+of+the+road%2C+running+through+Italian+town%2C+many+people+walking+about%2C+pear.&modelInputVersion=v2&aspectRatio=square&creativity=3&guideStrength=100&exif={""mode""%3A""manual""%2C""details""%3A{""aperture""%3A8%2C""focal_length""%3A185%2C""shutter_speed""%3A0.016}}&style=bokeh&style=misty&style=misty&style=grainy_film"
r12daa983t,"There is a view of a city from a hill with a clock tower, scutari, landscape from a car window, of course, in summer, lots of buildings, sage, rose, wideshot, limestone, in the morning, very well detailed, indigo, train, bubble, clear day.",125:188,1,4.460442339,4.460442339,0.999,3,2,2,768,1408,704,35,EulerEDMSampler,VanillaCFG,4.732035166,TRUE,42,EulerAncestralSampler,VanillaCFG,8.606886862,FALSE,4:3,shallow_depth_of_field,portrait,0,3,manual,1.4,1,274,"https://firefly.adobe.com/generate/images?style=photo&seed=42&seed=242&seed=4242&seed=2442&prompt=There+is+a+view+of+a+city+from+a+hill+with+a+clock+tower%2C+scutari%2C+landscape+from+a+car+window%2C+of+course%2C+in+summer%2C+lots+of+buildings%2C+sage%2C+rose%2C+wideshot%2C+limestone%2C+in+the+morning%2C+very+well+detailed%2C+indigo%2C+train%2C+bubble%2C+clear+day.&modelInputVersion=v2&aspectRatio=portrait&creativity=3&guideStrength=0&exif={""mode""%3A""manual""%2C""details""%3A{""aperture""%3A1.4%2C""focal_length""%3A274%2C""shutter_speed""%3A1}}&style=shallow_depth_of_field"
r12e170d4t,"There is a stone bridge that leads to a stone wall, lourmarin, sparse bare trees, florentine school, vulcano, back-shot, photography.",51:77,2,2.99709416,2.99709416,0.998,3,5,2,512,1600,640,47,EulerEDMSampler,VanillaCFG,2.498004217,TRUE,42,LinearMultistepSampler,VanillaCFG,1.804532068,FALSE,9:16,minimalism,landscape,50,7,auto,,,,"https://firefly.adobe.com/generate/images?style=photo&seed=42&seed=242&seed=4242&seed=2442&prompt=There+is+a+stone+bridge+that+leads+to+a+stone+wall%2C+lourmarin%2C+sparse+bare+trees%2C+florentine+school%2C+vulcano%2C+back-shot%2C+photography.&modelInputVersion=v2&aspectRatio=landscape&creativity=7&guideStrength=50&exif={""mode""%3A""auto""}&style=minimalism"
r12ed2816t,"Mountains in the distance behind a city street with a river running through it, chalet, armani.",77:51,4,8.735954325,8.735954325,0.996,3,1,3,768,1088,960,45,DPMPP2SAncestralSampler,IdentityGuider,,FALSE,,,,,,1:2,monochromatic+shot_from_above,portrait,100,2,manual,16,10,104,"https://firefly.adobe.com/generate/images?style=photo&seed=42&seed=242&seed=4242&seed=2442&prompt=Mountains+in+the+distance+behind+a+city+street+with+a+river+running+through+it%2C+chalet%2C+armani.&modelInputVersion=v2&aspectRatio=portrait&creativity=2&guideStrength=100&exif={""mode""%3A""manual""%2C""details""%3A{""aperture""%3A16%2C""focal_length""%3A104%2C""shutter_speed""%3A10}}&style=monochromatic&style=shot_from_above"
r12f02af5t,"There is a small cafe with tables and chairs in front of a building, history drama, traveling in France, war theatre, creamy, canopy, very appealing, charles, cheery, theater, day light.",134:89,2,7.268999712,7.268999712,0.997,2,4,3,512,1280,768,42,LinearMultistepSampler,VanillaCFG,3.624512965,TRUE,41,EulerEDMSampler,VanillaCFG,5.104512623,TRUE,4:5,dramatic_light,square,100,2,manual,8,0.016,283,"https://firefly.adobe.com/generate/images?style=photo&seed=42&seed=242&seed=4242&seed=2442&prompt=There+is+a+small+cafe+with+tables+and+chairs+in+front+of+a+building%2C+history+drama%2C+traveling+in+France%2C+war+theatre%2C+creamy%2C+canopy%2C+very+appealing%2C+charles%2C+cheery%2C+theater%2C+day+light.&modelInputVersion=v2&aspectRatio=square&creativity=2&guideStrength=100&exif={""mode""%3A""manual""%2C""details""%3A{""aperture""%3A8%2C""focal_length""%3A283%2C""shutter_speed""%3A0.016}}&style=dramatic_light"
r12f3bbfat,"There is a large body of water with a lot of water in it, algae, alpine scenery, full-length photo, forest floor, hay, acid pooling inside, malt.",77:51,1,3.633106756,3.633106756,0.995,1,1,3,768,768,1344,49,DPMPP2MSampler,VanillaCFG,6.390249152,TRUE,39,LinearMultistepSampler,VanillaCFG,7.857717797,TRUE,4:5,dark+warm_colors+shot_from_above,portrait,0,4,auto,,,,"https://firefly.adobe.com/generate/images?style=photo&seed=42&seed=242&seed=4242&seed=2442&prompt=There+is+a+large+body+of+water+with+a+lot+of+water+in+it%2C+algae%2C+alpine+scenery%2C+full-length+photo%2C+forest+floor%2C+hay%2C+acid+pooling+inside%2C+malt.&modelInputVersion=v2&aspectRatio=portrait&creativity=4&guideStrength=0&exif={""mode""%3A""auto""}&style=dark&style=warm_colors&style=shot_from_above"
r1301676dt,"There are many white flowers with green leaves and a bee, in the morning light, topaz, 3 pm, extremely contrast, full sun.",77:51,4,8.490976498,8.490976498,0.999,4,0,3,768,832,1216,40,DPMPP2MSampler,IdentityGuider,,FALSE,,,,,,3:2,bw+wide_angle,square,100,8,manual,22,0.066,226,"https://firefly.adobe.com/generate/images?style=photo&seed=42&seed=242&seed=4242&seed=2442&prompt=There+are+many+white+flowers+with+green+leaves+and+a+bee%2C+in+the+morning+light%2C+topaz%2C+3+pm%2C+extremely+contrast%2C+full+sun.&modelInputVersion=v2&aspectRatio=square&creativity=8&guideStrength=100&exif={""mode""%3A""manual""%2C""details""%3A{""aperture""%3A22%2C""focal_length""%3A226%2C""shutter_speed""%3A0.066}}&style=bw&style=wide_angle"
r13073518t,"There is a bridge over a river in front of a building, fancy medieval architecture, beautiful weather, flowing mucus, belle epoque, travel guide, museum of art, full picture, medieval period.",134:89,2,4.304732044,4.304732044,0.999,2,0,3,512,1344,768,32,HeunEDMSampler,VanillaCFG,2.957323351,TRUE,39,DPMPP2MSampler,VanillaCFG,7.567480968,FALSE,9:16,otherworldly_depiction,portrait,0,3,auto,,,,"https://firefly.adobe.com/generate/images?style=photo&seed=42&seed=242&seed=4242&seed=2442&prompt=There+is+a+bridge+over+a+river+in+front+of+a+building%2C+fancy+medieval+architecture%2C+beautiful+weather%2C+flowing+mucus%2C+belle+epoque%2C+travel+guide%2C+museum+of+art%2C+full+picture%2C+medieval+period.&modelInputVersion=v2&aspectRatio=portrait&creativity=3&guideStrength=0&exif={""mode""%3A""auto""}&style=otherworldly_depiction"
r131a8f7et,"People walking in front of a large white building with a clock tower, alpine architecture, yellow awning, villa, peaks, high quality image, entrance, musical, food photo.",51:77,1,7.186329009,7.186329009,0.996,2,1,3,512,1344,768,46,EulerAncestralSampler,IdentityGuider,,TRUE,39,EulerEDMSampler,VanillaCFG,,TRUE,9:16,otherworldly_depiction+macrophotography,landscape,100,3,auto,,,,"https://firefly.adobe.com/generate/images?style=photo&seed=42&seed=242&seed=4242&seed=2442&prompt=People+walking+in+front+of+a+large+white+building+with+a+clock+tower%2C+alpine+architecture%2C+yellow+awning%2C+villa%2C+peaks%2C+high+quality+image%2C+entrance%2C+musical%2C+food+photo.&modelInputVersion=v2&aspectRatio=landscape&creativity=3&guideStrength=100&exif={""mode""%3A""auto""}&style=otherworldly_depiction&style=macrophotography"
r1322c4d6t,"People walking around a plaza with a dog on a leash, january 20th, architecture in the background, museum picture, black domes and spires, far away and close camera shots, lovely woman.",77:51,1,7.047791473,7.047791473,0.999,3,2,3,768,1024,1024,48,EulerEDMSampler,VanillaCFG,4.328466558,TRUE,38,LinearMultistepSampler,VanillaCFG,1.562193651,TRUE,1:1,harsh_light,widescreen,69,7,manual,16,0.016,273,"https://firefly.adobe.com/generate/images?style=photo&seed=42&seed=242&seed=4242&seed=2442&prompt=People+walking+around+a+plaza+with+a+dog+on+a+leash%2C+january+20th%2C+architecture+in+the+background%2C+museum+picture%2C+black+domes+and+spires%2C+far+away+and+close+camera+shots%2C+lovely+woman.&modelInputVersion=v2&aspectRatio=widescreen&creativity=7&guideStrength=69&exif={""mode""%3A""manual""%2C""details""%3A{""aperture""%3A16%2C""focal_length""%3A273%2C""shutter_speed""%3A0.016}}&style=harsh_light"
r1328ee94t,"There is a river running through a town with mountains in the background, reportage photo, hotel, july.",77:51,3,4.356449229,4.356449229,0.999,2,2,3,768,1408,704,48,HeunEDMSampler,VanillaCFG,7.338440055,TRUE,42,EulerEDMSampler,VanillaCFG,9.669727348,TRUE,4:3,multiexposure+shot_from_above,portrait,99,4,auto,,,,"https://firefly.adobe.com/generate/images?style=photo&seed=42&seed=242&seed=4242&seed=2442&prompt=There+is+a+river+running+through+a+town+with+mountains+in+the+background%2C+reportage+photo%2C+hotel%2C+july.&modelInputVersion=v2&aspectRatio=portrait&creativity=4&guideStrength=99&exif={""mode""%3A""auto""}&style=multiexposure&style=shot_from_above"
r132d538et,"There are many people walking around in the city on a cloudy day, wide grand staircase, budapest street background, at the park, grotto, documentary photo, some trees in the corner, french village exterior, but not pretty, contrast, stand.",77:51,4,7.777505141,7.777505141,0.998,2,2,3,768,896,1088,43,HeunEDMSampler,VanillaCFG,6.018010644,FALSE,,,,,,9:16,fisheye,widescreen,0,7,manual,22,0.0006,149,"https://firefly.adobe.com/generate/images?style=photo&seed=42&seed=242&seed=4242&seed=2442&prompt=There+are+many+people+walking+around+in+the+city+on+a+cloudy+day%2C+wide+grand+staircase%2C+budapest+street+background%2C+at+the+park%2C+grotto%2C+documentary+photo%2C+some+trees+in+the+corner%2C+french+village+exterior%2C+but+not+pretty%2C+contrast%2C+stand.&modelInputVersion=v2&aspectRatio=widescreen&creativity=7&guideStrength=0&exif={""mode""%3A""manual""%2C""details""%3A{""aperture""%3A22%2C""focal_length""%3A149%2C""shutter_speed""%3A0.0006}}&style=fisheye"
r133bb357t,"Arafed man working on a machine in a shoe shop, dutch style, wooden, well preserved, stamp, viewed from the side, about to step on you, in the style of Greg Rutkowski, seurat, buds, swiss, blending, solemn, welcoming, haunting.",77:51,1,7.934975427,7.934975427,0.999,3,9,9,768,1728,576,36,DPMPP2SAncestralSampler,VanillaCFG,6.722905668,TRUE,36,EulerEDMSampler,VanillaCFG,3.402427489,FALSE,2:3,antique_photo+cool_colors+photographed_through_window,square,44,3,auto,,,,"https://firefly.adobe.com/generate/images?style=photo&seed=42&seed=242&seed=4242&seed=2442&prompt=Arafed+man+working+on+a+machine+in+a+shoe+shop%2C+dutch+style%2C+wooden%2C+well+preserved%2C+stamp%2C+viewed+from+the+side%2C+about+to+step+on+you%2C+in+the+style+of+Greg+Rutkowski%2C+seurat%2C+buds%2C+swiss%2C+blending%2C+solemn%2C+welcoming%2C+haunting.&modelInputVersion=v2&aspectRatio=square&creativity=3&guideStrength=44&exif={""mode""%3A""auto""}&style=antique_photo&style=cool_colors&style=photographed_through_window"
r133c5a52t,"There is a stone staircase leading up to a building with a clock tower, red bricks, theater stage, at an archaeological dig site, view from the side, salt flats with scattered ruins, the great door of hell, real life photo, front photo.",77:51,3,3.091450749,3.091450749,0.996,2,5,2,768,960,1024,36,EulerEDMSampler,IdentityGuider,,TRUE,45,HeunEDMSampler,VanillaCFG,,TRUE,4:3,,widescreen,100,9,manual,1.4,0.008,190,"https://firefly.adobe.com/generate/images?style=photo&seed=42&seed=242&seed=4242&seed=2442&prompt=There+is+a+stone+staircase+leading+up+to+a+building+with+a+clock+tower%2C+red+bricks%2C+theater+stage%2C+at+an+archaeological+dig+site%2C+view+from+the+side%2C+salt+flats+with+scattered+ruins%2C+the+great+door+of+hell%2C+real+life+photo%2C+front+photo.&modelInputVersion=v2&aspectRatio=widescreen&creativity=9&guideStrength=100&exif={""mode""%3A""manual""%2C""details""%3A{""aperture""%3A1.4%2C""focal_length""%3A190%2C""shutter_speed""%3A0.008}}"
r1344c943t,"There is a white swan that is standing in the water, italian renaissance architecture, mud and brick houses, fortress gateway, bricks flying outwards, mantegna, taken on a Nikon, editorial photo.",77:51,2,6.61875396,6.61875396,0.999,3,2,3,768,1088,960,37,DPMPP2MSampler,VanillaCFG,2.056211548,TRUE,42,DPMPP2SAncestralSampler,VanillaCFG,3.289424624,TRUE,4:3,surreal_lighting,landscape,50,9,auto,,,,"https://firefly.adobe.com/generate/images?style=photo&seed=42&seed=242&seed=4242&seed=2442&prompt=There+is+a+white+swan+that+is+standing+in+the+water%2C+italian+renaissance+architecture%2C+mud+and+brick+houses%2C+fortress+gateway%2C+bricks+flying+outwards%2C+mantegna%2C+taken+on+a+Nikon%2C+editorial+photo.&modelInputVersion=v2&aspectRatio=landscape&creativity=9&guideStrength=50&exif={""mode""%3A""auto""}&style=surreal_lighting"
r13493fa3t,"There is a bird that is sitting on a rock near the water, dolomites in the background, lianas, a photo, roman nose, flattering photo, icarus falling from the sky, gimli, seen from a long distance, citadel, full shot photo, sail, close-up photo.",51:77,3,6.501417266,6.501417266,0.998,4,0,3,768,1600,640,46,HeunEDMSampler,VanillaCFG,3.501561382,TRUE,42,DPMPP2SAncestralSampler,VanillaCFG,4.366605921,TRUE,3:4,dramatic_light,portrait,50,4,manual,1.4,0.5,186,"https://firefly.adobe.com/generate/images?style=photo&seed=42&seed=242&seed=4242&seed=2442&prompt=There+is+a+bird+that+is+sitting+on+a+rock+near+the+water%2C+dolomites+in+the+background%2C+lianas%2C+a+photo%2C+roman+nose%2C+flattering+photo%2C+icarus+falling+from+the+sky%2C+gimli%2C+seen+from+a+long+distance%2C+citadel%2C+full+shot+photo%2C+sail%2C+close-up+photo.&modelInputVersion=v2&aspectRatio=portrait&creativity=4&guideStrength=50&exif={""mode""%3A""manual""%2C""details""%3A{""aperture""%3A1.4%2C""focal_length""%3A186%2C""shutter_speed""%3A0.5}}&style=dramatic_light"
r134ba6abt,"There is a man walking in a field with a horse, angkor, mangrove swamp, the photo was taken from afar, perfect crisp sunlight, locusts and flies, somalia, lawns, editorial.",77:51,4,4.622988225,4.622988225,0.998,4,1,3,512,768,1280,48,DPMPP2MSampler,VanillaCFG,4.999149581,TRUE,35,DPMPP2SAncestralSampler,VanillaCFG,7.113523147,FALSE,2:3,cool_colors+multiexposure,portrait,100,6,manual,5.6,0.125,117,"https://firefly.adobe.com/generate/images?style=photo&seed=42&seed=242&seed=4242&seed=2442&prompt=There+is+a+man+walking+in+a+field+with+a+horse%2C+angkor%2C+mangrove+swamp%2C+the+photo+was+taken+from+afar%2C+perfect+crisp+sunlight%2C+locusts+and+flies%2C+somalia%2C+lawns%2C+editorial.&modelInputVersion=v2&aspectRatio=portrait&creativity=6&guideStrength=100&exif={""mode""%3A""manual""%2C""details""%3A{""aperture""%3A5.6%2C""focal_length""%3A117%2C""shutter_speed""%3A0.125}}&style=cool_colors&style=multiexposure"
r135df877t,"There are many graves with flowers on them in a cemetery, pyrenees, editorial, prison, bright scene, april, residential, overview, caravaggio, featured.",89:134,1,7.8585756,7.8585756,0.997,4,4,3,768,896,1152,47,EulerAncestralSampler,VanillaCFG,3.898780298,TRUE,40,HeunEDMSampler,VanillaCFG,7.406596603,FALSE,9:16,pastel_colors,portrait,0,8,manual,1.2,0.004,99,"https://firefly.adobe.com/generate/images?style=photo&seed=42&seed=242&seed=4242&seed=2442&prompt=There+are+many+graves+with+flowers+on+them+in+a+cemetery%2C+pyrenees%2C+editorial%2C+prison%2C+bright+scene%2C+april%2C+residential%2C+overview%2C+caravaggio%2C+featured.&modelInputVersion=v2&aspectRatio=portrait&creativity=8&guideStrength=0&exif={""mode""%3A""manual""%2C""details""%3A{""aperture""%3A1.2%2C""focal_length""%3A99%2C""shutter_speed""%3A0.004}}&style=pastel_colors"
r1372056ct,"There is a large body of water with a mountain in the background, inspired by Domenico Induno, mini lake, viewed from below, editorial, tourism, mountain forest in the background, far-mid shot, skary, no detail, lightweight, very deep.",77:51,4,6.738199189,6.738199189,1,2,2,3,768,896,1152,34,HeunEDMSampler,VanillaCFG,3.857564483,TRUE,43,DPMPP2SAncestralSampler,IdentityGuider,6.95191791,TRUE,1:1,muted+multiexposure+wide_angle,portrait,50,5,auto,,,,"https://firefly.adobe.com/generate/images?style=photo&seed=42&seed=242&seed=4242&seed=2442&prompt=There+is+a+large+body+of+water+with+a+mountain+in+the+background%2C+inspired+by+Domenico+Induno%2C+mini+lake%2C+viewed+from+below%2C+editorial%2C+tourism%2C+mountain+forest+in+the+background%2C+far-mid+shot%2C+skary%2C+no+detail%2C+lightweight%2C+very+deep.&modelInputVersion=v2&aspectRatio=portrait&creativity=5&guideStrength=50&exif={""mode""%3A""auto""}&style=muted&style=multiexposure&style=wide_angle"
r1378de81t,"There is a large building with a steeple and a steeple on the top, helsinki, who was born in Tokyo in 1964, exorcist, in red gardens, USA-Sep 20, cinnamon, orthodox, foto, midday sun, canon, file photo, philip k d, canon photo.",77:51,2,8.087797432,8.087797432,0.997,1,2,3,512,832,1152,38,EulerEDMSampler,IdentityGuider,,TRUE,38,EulerAncestralSampler,VanillaCFG,,TRUE,3:4,dark+harsh_light+shot_from_above,square,90,3,manual,1.4,1,121,"https://firefly.adobe.com/generate/images?style=photo&seed=42&seed=242&seed=4242&seed=2442&prompt=There+is+a+large+building+with+a+steeple+and+a+steeple+on+the+top%2C+helsinki%2C+who+was+born+in+Tokyo+in+1964%2C+exorcist%2C+in+red+gardens%2C+USA-Sep+20%2C+cinnamon%2C+orthodox%2C+foto%2C+midday+sun%2C+canon%2C+file+photo%2C+philip+k+d%2C+canon+photo.&modelInputVersion=v2&aspectRatio=square&creativity=3&guideStrength=90&exif={""mode""%3A""manual""%2C""details""%3A{""aperture""%3A1.4%2C""focal_length""%3A121%2C""shutter_speed""%3A1}}&style=dark&style=harsh_light&style=shot_from_above"
r137bcd7at,"Arafed ceiling with a stained glass window in a dome, gold dappled light, gold gilded circle halo, university, simple ceiling, neoclassical, rosette, boston, artistic lighting.",77:51,1,5.623573374,5.623573374,0.996,2,1,3,512,960,1088,49,EulerEDMSampler,VanillaCFG,6.44148787,FALSE,,,,,,1:2,landscape_photography,square,79,2,manual,2,0.004,27,"https://firefly.adobe.com/generate/images?style=photo&seed=42&seed=242&seed=4242&seed=2442&prompt=Arafed+ceiling+with+a+stained+glass+window+in+a+dome%2C+gold+dappled+light%2C+gold+gilded+circle+halo%2C+university%2C+simple+ceiling%2C+neoclassical%2C+rosette%2C+boston%2C+artistic+lighting.&modelInputVersion=v2&aspectRatio=square&creativity=2&guideStrength=79&exif={""mode""%3A""manual""%2C""details""%3A{""aperture""%3A2%2C""focal_length""%3A27%2C""shutter_speed""%3A0.004}}&style=landscape_photography"
r137f062ft,"There is a red and white barricade on the side of the road, colorful autumn trees, running through Italian town, black and yellow colors, cars parked, editorial, but very good looking, parks and public space, people outside walk, some yellow green and blue, hospital, exclusive, covered in fallen leaves, typical.",51:77,1,3.632924184,3.632924184,0.998,3,2,3,768,1280,768,42,DPMPP2MSampler,IdentityGuider,,TRUE,35,DPMPP2MSampler,VanillaCFG,,TRUE,3:4,chaotic+grainy_film+surface_detail,landscape,74,10,auto,,,,"https://firefly.adobe.com/generate/images?style=photo&seed=42&seed=242&seed=4242&seed=2442&prompt=There+is+a+red+and+white+barricade+on+the+side+of+the+road%2C+colorful+autumn+trees%2C+running+through+Italian+town%2C+black+and+yellow+colors%2C+cars+parked%2C+editorial%2C+but+very+good+looking%2C+parks+and+public+space%2C+people+outside+walk%2C+some+yellow+green+and+blue%2C+hospital%2C+exclusive%2C+covered+in+fallen+leaves%2C+typical.&modelInputVersion=v2&aspectRatio=landscape&creativity=10&guideStrength=74&exif={""mode""%3A""auto""}&style=chaotic&style=grainy_film&style=surface_detail"
r13837601t,"There is a large building that is in the middle of a field, inside the Roman Colosseum, the imperial palace, february, brutalistic environment, the sky, city park, barracks, october, severe-looking, grey, circuit, fascinating and imposing, mesa, pelisse, rifle.",134:89,2,5.393328943,5.393328943,0.998,2,3,4,768,768,1344,32,EulerAncestralSampler,VanillaCFG,8.593324375,FALSE,,,,,,2:1,golden_hour+shot_from_above,landscape,50,4,manual,1.4,0.066,47,"https://firefly.adobe.com/generate/images?style=photo&seed=42&seed=242&seed=4242&seed=2442&prompt=There+is+a+large+building+that+is+in+the+middle+of+a+field%2C+inside+the+Roman+Colosseum%2C+the+imperial+palace%2C+february%2C+brutalistic+environment%2C+the+sky%2C+city+park%2C+barracks%2C+october%2C+severe-looking%2C+grey%2C+circuit%2C+fascinating+and+imposing%2C+mesa%2C+pelisse%2C+rifle.&modelInputVersion=v2&aspectRatio=landscape&creativity=4&guideStrength=50&exif={""mode""%3A""manual""%2C""details""%3A{""aperture""%3A1.4%2C""focal_length""%3A47%2C""shutter_speed""%3A0.066}}&style=golden_hour&style=shot_from_above"
r138ad247t,"Arafed ceiling with a clock and a dome with paintings on it, worship of the pope, fantastic lighting and shading, brown and gold, straight on portrait, gods eye view, round-cropped, craftsmanship, side view of a gaunt, belle, leading to a beautiful, tom.",77:51,2,3.276259318,3.276259318,1,3,1,4,768,1472,704,35,HeunEDMSampler,VanillaCFG,3.862852538,TRUE,29,HeunEDMSampler,VanillaCFG,5.914219702,TRUE,9:16,underwater+bw,landscape,100,8,manual,2.8,0.066,200,"https://firefly.adobe.com/generate/images?style=photo&seed=42&seed=242&seed=4242&seed=2442&prompt=Arafed+ceiling+with+a+clock+and+a+dome+with+paintings+on+it%2C+worship+of+the+pope%2C+fantastic+lighting+and+shading%2C+brown+and+gold%2C+straight+on+portrait%2C+gods+eye+view%2C+round-cropped%2C+craftsmanship%2C+side+view+of+a+gaunt%2C+belle%2C+leading+to+a+beautiful%2C+tom.&modelInputVersion=v2&aspectRatio=landscape&creativity=8&guideStrength=100&exif={""mode""%3A""manual""%2C""details""%3A{""aperture""%3A2.8%2C""focal_length""%3A200%2C""shutter_speed""%3A0.066}}&style=underwater&style=bw"
r138ceafbt,"There is a stream running through a forest with yellow trees, dolomites, editorial image, beautiful ancient trees, in the Swiss Alps, tengri, streaming, sulfur, landscape, untitled.",51:77,1,6.367310505,6.367310505,1,2,1,4,512,1024,960,38,EulerAncestralSampler,VanillaCFG,7.767729619,FALSE,,,,,,2:3,dramatic_light,widescreen,100,9,manual,16,10,263,"https://firefly.adobe.com/generate/images?style=photo&seed=42&seed=242&seed=4242&seed=2442&prompt=There+is+a+stream+running+through+a+forest+with+yellow+trees%2C+dolomites%2C+editorial+image%2C+beautiful+ancient+trees%2C+in+the+Swiss+Alps%2C+tengri%2C+streaming%2C+sulfur%2C+landscape%2C+untitled.&modelInputVersion=v2&aspectRatio=widescreen&creativity=9&guideStrength=100&exif={""mode""%3A""manual""%2C""details""%3A{""aperture""%3A16%2C""focal_length""%3A263%2C""shutter_speed""%3A10}}&style=dramatic_light"
r13907965t,"People walking on a bridge with statues of angels and a statue of a man, roman centurion, all roads lead to rome, digital photo, kings row in the background, bernini, stone bridge, regale, horror, wide shot, 1400s, cemetery, simba.",77:51,3,3.863867059,3.863867059,0.998,1,2,5,768,1216,832,36,HeunEDMSampler,VanillaCFG,4.943046299,FALSE,,,,,,9:16,vibrant_colors+multiexposure+surface_detail,widescreen,0,3,auto,,,,"https://firefly.adobe.com/generate/images?style=photo&seed=42&seed=242&seed=4242&seed=2442&prompt=People+walking+on+a+bridge+with+statues+of+angels+and+a+statue+of+a+man%2C+roman+centurion%2C+all+roads+lead+to+rome%2C+digital+photo%2C+kings+row+in+the+background%2C+bernini%2C+stone+bridge%2C+regale%2C+horror%2C+wide+shot%2C+1400s%2C+cemetery%2C+simba.&modelInputVersion=v2&aspectRatio=widescreen&creativity=3&guideStrength=0&exif={""mode""%3A""auto""}&style=vibrant_colors&style=multiexposure&style=surface_detail"
r13928401t,"There is a large black and white kite hanging from the ceiling, airport, repeating fabric pattern, cat design, scandinavia, aboriginal engraving, laser cut, color corrected, angular shapes, spoiler, pony, intricate, bog.",77:51,1,5.905650145,5.905650145,0.995,1,9,9,768,896,1088,33,DPMPP2MSampler,VanillaCFG,11.42461292,TRUE,50,EulerEDMSampler,VanillaCFG,4.351291688,TRUE,3:2,antique_photo+chaotic+minimalism+landscape_photography,widescreen,50,5,auto,,,,"https://firefly.adobe.com/generate/images?style=photo&seed=42&seed=242&seed=4242&seed=2442&prompt=There+is+a+large+black+and+white+kite+hanging+from+the+ceiling%2C+airport%2C+repeating+fabric+pattern%2C+cat+design%2C+scandinavia%2C+aboriginal+engraving%2C+laser+cut%2C+color+corrected%2C+angular+shapes%2C+spoiler%2C+pony%2C+intricate%2C+bog.&modelInputVersion=v2&aspectRatio=widescreen&creativity=5&guideStrength=50&exif={""mode""%3A""auto""}&style=antique_photo&style=chaotic&style=minimalism&style=landscape_photography"
r13934dc7t,"There is a small stream running through a grassy field with trees, dolomites, madrid, illuminated for rays of light, golf course, in the midst of high mountains, professional image, pine trees in the background, wide shot photo, rocky environment, morning, 24 mp, lianna, maternal, 70 mm photo.",77:51,1,7.051324415,7.051324415,0.999,2,1,5,512,896,1088,28,DPMPP2MSampler,VanillaCFG,7.751362306,FALSE,,,,,,5:4,golden_hour,widescreen,56,5,manual,4,1,182,"https://firefly.adobe.com/generate/images?style=photo&seed=42&seed=242&seed=4242&seed=2442&prompt=There+is+a+small+stream+running+through+a+grassy+field+with+trees%2C+dolomites%2C+madrid%2C+illuminated+for+rays+of+light%2C+golf+course%2C+in+the+midst+of+high+mountains%2C+professional+image%2C+pine+trees+in+the+background%2C+wide+shot+photo%2C+rocky+environment%2C+morning%2C+24+mp%2C+lianna%2C+maternal%2C+70+mm+photo.&modelInputVersion=v2&aspectRatio=widescreen&creativity=5&guideStrength=56&exif={""mode""%3A""manual""%2C""details""%3A{""aperture""%3A4%2C""focal_length""%3A182%2C""shutter_speed""%3A1}}&style=golden_hour"
r13a16a0at,"There is a red door in the alley of a building, cinq terre, geometric lines in the sky, cinestill 800t 50 mm, kites, streets of calcutta, view from ground, hanging gardens, salvador, view from the back, cinestill 500, at noon, dark street, full width, town.",51:77,1,5.610560989,5.610560989,0.997,2,2,1,512,1472,704,46,EulerEDMSampler,VanillaCFG,3.285780233,FALSE,,,,,,3:4,pastel_colors,square,50,8,manual,16,1,277,"https://firefly.adobe.com/generate/images?style=photo&seed=42&seed=242&seed=4242&seed=2442&prompt=There+is+a+red+door+in+the+alley+of+a+building%2C+cinq+terre%2C+geometric+lines+in+the+sky%2C+cinestill+800t+50+mm%2C+kites%2C+streets+of+calcutta%2C+view+from+ground%2C+hanging+gardens%2C+salvador%2C+view+from+the+back%2C+cinestill+500%2C+at+noon%2C+dark+street%2C+full+width%2C+town.&modelInputVersion=v2&aspectRatio=square&creativity=8&guideStrength=50&exif={""mode""%3A""manual""%2C""details""%3A{""aperture""%3A16%2C""focal_length""%3A277%2C""shutter_speed""%3A1}}&style=pastel_colors"
r13a5bb6bt,"There is a statue of two angels on a pedestal in a building, with names, inspired by Paul Jacob Naftel, tomb, elevator,  wwi, detailed scene, sacrilegious rite, prop, heroic history, john paul ii, front side, harem, babel.",89:134,2,2.691861269,2.691861269,0.998,2,2,1,512,832,1152,42,DPMPP2SAncestralSampler,VanillaCFG,4.558224871,FALSE,,,,,,16:9,golden_hour,portrait,51,4,manual,22,10,57,"https://firefly.adobe.com/generate/images?style=photo&seed=42&seed=242&seed=4242&seed=2442&prompt=There+is+a+statue+of+two+angels+on+a+pedestal+in+a+building%2C+with+names%2C+inspired+by+Paul+Jacob+Naftel%2C+tomb%2C+elevator%2C++wwi%2C+detailed+scene%2C+sacrilegious+rite%2C+prop%2C+heroic+history%2C+john+paul+ii%2C+front+side%2C+harem%2C+babel.&modelInputVersion=v2&aspectRatio=portrait&creativity=4&guideStrength=51&exif={""mode""%3A""manual""%2C""details""%3A{""aperture""%3A22%2C""focal_length""%3A57%2C""shutter_speed""%3A10}}&style=golden_hour"
r13a9002bt,"Cars are parked on the side of the road in a city, paris city, giant archways, cobblestones on the ground, road between tall trees, midday photograph, mall, 4, empty streetscapes, view from front, breakdown, stores, mid closeup.",77:51,1,8.600793957,8.600793957,0.999,2,4,0,512,1600,640,44,DPMPP2MSampler,IdentityGuider,,TRUE,37,DPMPP2MSampler,IdentityGuider,,TRUE,1:1,product_photo+warm_colors+studio_light+shot_from_above,square,50,7,auto,,,,"https://firefly.adobe.com/generate/images?style=photo&seed=42&seed=242&seed=4242&seed=2442&prompt=Cars+are+parked+on+the+side+of+the+road+in+a+city%2C+paris+city%2C+giant+archways%2C+cobblestones+on+the+ground%2C+road+between+tall+trees%2C+midday+photograph%2C+mall%2C+4%2C+empty+streetscapes%2C+view+from+front%2C+breakdown%2C+stores%2C+mid+closeup.&modelInputVersion=v2&aspectRatio=square&creativity=7&guideStrength=50&exif={""mode""%3A""auto""}&style=product_photo&style=warm_colors&style=studio_light&style=shot_from_above"
r13ae7d1et,"there is a clock on the side of a building with statues on it, the pope wakes up is his bed, tessgarman, from back, windy weather, singing, candid photo, mezzanine, crimson peek, img _ 9 7 5. raw, 872637744, academism",89:134,4,8.356370612,8.356370612,0.997,3,3,0,768,1024,960,41,EulerEDMSampler,IdentityGuider,,TRUE,40,LinearMultistepSampler,VanillaCFG,,FALSE,4:3,chaotic+long-time_exposure,landscape,0,3,manual,1.2,0.016,206,"https://firefly.adobe.com/generate/images?style=photo&seed=42&seed=242&seed=4242&seed=2442&prompt=there+is+a+clock+on+the+side+of+a+building+with+statues+on+it%2C+the+pope+wakes+up+is+his+bed%2C+tessgarman%2C+from+back%2C+windy+weather%2C+singing%2C+candid+photo%2C+mezzanine%2C+crimson+peek%2C+img+_+9+7+5.+raw%2C+872637744%2C+academism&modelInputVersion=v2&aspectRatio=landscape&creativity=3&guideStrength=0&exif={""mode""%3A""manual""%2C""details""%3A{""aperture""%3A1.2%2C""focal_length""%3A206%2C""shutter_speed""%3A0.016}}&style=chaotic&style=long-time_exposure"
r13b45303t,"there is a table with a red table cloth and a red table cloth, old scientific documents, metal scales, st cirq lapopie, topaz and other jewellaries, market, surgical impliments, balance, photo”, traps, bald, f / 1, a wooden, gauges, debilitation",134:89,2,8.07967881,8.07967881,0.999,4,3,2,768,1344,768,41,LinearMultistepSampler,VanillaCFG,7.404988073,TRUE,40,EulerAncestralSampler,VanillaCFG,1.32277889,FALSE,4:5,grainy_film+warm_colors+low_lighting,square,77,3,manual,5.6,1,216,"https://firefly.adobe.com/generate/images?style=photo&seed=42&seed=242&seed=4242&seed=2442&prompt=there+is+a+table+with+a+red+table+cloth+and+a+red+table+cloth%2C+old+scientific+documents%2C+metal+scales%2C+st+cirq+lapopie%2C+topaz+and+other+jewellaries%2C+market%2C+surgical+impliments%2C+balance%2C+photo”%2C+traps%2C+bald%2C+f+/+1%2C+a+wooden%2C+gauges%2C+debilitation&modelInputVersion=v2&aspectRatio=square&creativity=3&guideStrength=77&exif={""mode""%3A""manual""%2C""details""%3A{""aperture""%3A5.6%2C""focal_length""%3A216%2C""shutter_speed""%3A1}}&style=grainy_film&style=warm_colors&style=low_lighting"
r13b5b161t,"there is a street with a sign and a sign post on it, paris school, green alley, lush plants and bonsai trees, people walking in street, high quality image”, mscow, center, courtyard, “wide shot, tactile, eating, brightly lit, khakis",77:51,2,2.9901763,2.9901763,0.996,3,3,4,512,1216,832,50,DPMPP2SAncestralSampler,IdentityGuider,,TRUE,40,EulerAncestralSampler,IdentityGuider,,TRUE,1:1,muted,widescreen,0,8,auto,,,,"https://firefly.adobe.com/generate/images?style=photo&seed=42&seed=242&seed=4242&seed=2442&prompt=there+is+a+street+with+a+sign+and+a+sign+post+on+it%2C+paris+school%2C+green+alley%2C+lush+plants+and+bonsai+trees%2C+people+walking+in+street%2C+high+quality+image”%2C+mscow%2C+center%2C+courtyard%2C+“wide+shot%2C+tactile%2C+eating%2C+brightly+lit%2C+khakis&modelInputVersion=v2&aspectRatio=widescreen&creativity=8&guideStrength=0&exif={""mode""%3A""auto""}&style=muted"
r13bb381ct,"people on a boat on a river with a lot of water, elevator, queen of the sea mu yanling, low pressure system, large)}], crossing the line, over the shoulder view, full of greenish liquid, seafloor, twister, memphis, full picture, bucklebury ferry, monsoon, nice view, bag, yah",89:134,1,2.973741322,2.973741322,0.999,2,3,3,512,960,1024,38,DPMPP2SAncestralSampler,IdentityGuider,,TRUE,34,DPMPP2MSampler,VanillaCFG,,TRUE,1:2,muted+long-time_exposure,landscape,7,10,manual,2,0.0006,265,"https://firefly.adobe.com/generate/images?style=photo&seed=42&seed=242&seed=4242&seed=2442&prompt=people+on+a+boat+on+a+river+with+a+lot+of+water%2C+elevator%2C+queen+of+the+sea+mu+yanling%2C+low+pressure+system%2C+large)}]%2C+crossing+the+line%2C+over+the+shoulder+view%2C+full+of+greenish+liquid%2C+seafloor%2C+twister%2C+memphis%2C+full+picture%2C+bucklebury+ferry%2C+monsoon%2C+nice+view%2C+bag%2C+yah&modelInputVersion=v2&aspectRatio=landscape&creativity=10&guideStrength=7&exif={""mode""%3A""manual""%2C""details""%3A{""aperture""%3A2%2C""focal_length""%3A265%2C""shutter_speed""%3A0.0006}}&style=muted&style=long-time_exposure"
r13c19caft,"there is a stone archway with a stone wall and a stone bench, people walking into the horizon, giant snake castle, italy, february), walking at the park, canon photo",77:51,2,8.638872405,8.638872405,1,4,2,5,768,960,1024,41,EulerEDMSampler,VanillaCFG,5.364639888,TRUE,35,EulerEDMSampler,VanillaCFG,3.27056188,TRUE,3:2,shot_from_below,square,50,7,manual,2,0.125,227,"https://firefly.adobe.com/generate/images?style=photo&seed=42&seed=242&seed=4242&seed=2442&prompt=there+is+a+stone+archway+with+a+stone+wall+and+a+stone+bench%2C+people+walking+into+the+horizon%2C+giant+snake+castle%2C+italy%2C+february)%2C+walking+at+the+park%2C+canon+photo&modelInputVersion=v2&aspectRatio=square&creativity=7&guideStrength=50&exif={""mode""%3A""manual""%2C""details""%3A{""aperture""%3A2%2C""focal_length""%3A227%2C""shutter_speed""%3A0.125}}&style=shot_from_below"
r13c7e92dt,"Dirt path winding through the woods, mountains in fog background, Dolomites, October, sulfur, the futility of overexertion, 33mm photo. Enigmatic forest trail, mystical ambiance, atmospheric fog, majestic mountain vista, autumnal hues, introspective journey, haunting beauty, metaphorical interpretation.",51:77,2,6.502454243,6.502454243,1,3,0,1,512,1152,896,50,EulerEDMSampler,VanillaCFG,4.536324665,TRUE,40,LinearMultistepSampler,VanillaCFG,3.465892994,FALSE,2:3,warm_colors+photographed_through_window,portrait,76,6,manual,22,0.0006,128,"https://firefly.adobe.com/generate/images?style=photo&seed=42&seed=242&seed=4242&seed=2442&prompt=Dirt+path+winding+through+the+woods%2C+mountains+in+fog+background%2C+Dolomites%2C+October%2C+sulfur%2C+the+futility+of+overexertion%2C+33mm+photo.+Enigmatic+forest+trail%2C+mystical+ambiance%2C+atmospheric+fog%2C+majestic+mountain+vista%2C+autumnal+hues%2C+introspective+journey%2C+haunting+beauty%2C+metaphorical+interpretation.&modelInputVersion=v2&aspectRatio=portrait&creativity=6&guideStrength=76&exif={""mode""%3A""manual""%2C""details""%3A{""aperture""%3A22%2C""focal_length""%3A128%2C""shutter_speed""%3A0.0006}}&style=warm_colors&style=photographed_through_window"
r13c85634t,"Street light next to a sycamore tree, sunny winter day, glowing blue veins, natural grizzled skin, twins, view from the side. Serene winter scene, warm sunlight filtering through the branches, intricate patterns of the tree's bark, harmonious contrast between the vibrant light and the tree's textured surface, a picturesque moment capturing the beauty of nature.",77:51,3,3.880707126,3.880707126,0.999,2,4,1,512,1088,896,41,DPMPP2SAncestralSampler,IdentityGuider,,TRUE,38,HeunEDMSampler,IdentityGuider,,TRUE,1:1,divine+monochromatic,landscape,100,2,manual,8,0.066,50,"https://firefly.adobe.com/generate/images?style=photo&seed=42&seed=242&seed=4242&seed=2442&prompt=Street+light+next+to+a+sycamore+tree%2C+sunny+winter+day%2C+glowing+blue+veins%2C+natural+grizzled+skin%2C+twins%2C+view+from+the+side.+Serene+winter+scene%2C+warm+sunlight+filtering+through+the+branches%2C+intricate+patterns+of+the+tree's+bark%2C+harmonious+contrast+between+the+vibrant+light+and+the+tree's+textured+surface%2C+a+picturesque+moment+capturing+the+beauty+of+nature.&modelInputVersion=v2&aspectRatio=landscape&creativity=2&guideStrength=100&exif={""mode""%3A""manual""%2C""details""%3A{""aperture""%3A8%2C""focal_length""%3A50%2C""shutter_speed""%3A0.066}}&style=divine&style=monochromatic"
r13dab3c7t,"There is a room with a wooden floor and a door, antiques, captured in low light, detail on scene, child's bedroom, old wooden ship, greaves, abdomen, sidelit, séance, scene view.",51:77,1,7.801622267,7.801622267,0.995,3,0,3,768,768,1280,32,DPMPP2SAncestralSampler,IdentityGuider,,TRUE,40,DPMPP2SAncestralSampler,IdentityGuider,,FALSE,1:2,closeup,square,68,9,manual,8,10,81,"https://firefly.adobe.com/generate/images?style=photo&seed=42&seed=242&seed=4242&seed=2442&prompt=There+is+a+room+with+a+wooden+floor+and+a+door%2C+antiques%2C+captured+in+low+light%2C+detail+on+scene%2C+child's+bedroom%2C+old+wooden+ship%2C+greaves%2C+abdomen%2C+sidelit%2C+séance%2C+scene+view.&modelInputVersion=v2&aspectRatio=square&creativity=9&guideStrength=68&exif={""mode""%3A""manual""%2C""details""%3A{""aperture""%3A8%2C""focal_length""%3A81%2C""shutter_speed""%3A10}}&style=closeup"
r13de1e12t,"People in costumes walking down a street with a horse-drawn carriage, neanderthal people, ocher details, carnival on the background, long dreadlocks, warm and joyful atmosphere, identical, dressed in shako, full-body view, saint man, backdrop, amazed.",77:51,1,5.178177753,5.178177753,0.998,4,2,2,768,1280,768,34,LinearMultistepSampler,VanillaCFG,5.411391699,FALSE,,,,,,5:4,otherworldly_depiction+underwater+dramatic_light,landscape,0,10,manual,4,10,136,"https://firefly.adobe.com/generate/images?style=photo&seed=42&seed=242&seed=4242&seed=2442&prompt=People+in+costumes+walking+down+a+street+with+a+horse-drawn+carriage%2C+neanderthal+people%2C+ocher+details%2C+carnival+on+the+background%2C+long+dreadlocks%2C+warm+and+joyful+atmosphere%2C+identical%2C+dressed+in+shako%2C+full-body+view%2C+saint+man%2C+backdrop%2C+amazed.&modelInputVersion=v2&aspectRatio=landscape&creativity=10&guideStrength=0&exif={""mode""%3A""manual""%2C""details""%3A{""aperture""%3A4%2C""focal_length""%3A136%2C""shutter_speed""%3A10}}&style=otherworldly_depiction&style=underwater&style=dramatic_light"
r13e56300t,"There is a white flower on a tree branch with green leaves, apple blossoms, bees flying, soft white glow, crisp photo, warm illumination, gleaming silver and rich colors, in red gardens, very well detailed, no bloom, abundance.",77:51,2,8.103160094,8.103160094,0.999,2,4,4,768,1024,960,35,DPMPP2SAncestralSampler,IdentityGuider,,TRUE,43,DPMPP2MSampler,VanillaCFG,,TRUE,16:9,monochromatic+dramatic_light+photographed_through_window,portrait,100,6,manual,5.6,1,89,"https://firefly.adobe.com/generate/images?style=photo&seed=42&seed=242&seed=4242&seed=2442&prompt=There+is+a+white+flower+on+a+tree+branch+with+green+leaves%2C+apple+blossoms%2C+bees+flying%2C+soft+white+glow%2C+crisp+photo%2C+warm+illumination%2C+gleaming+silver+and+rich+colors%2C+in+red+gardens%2C+very+well+detailed%2C+no+bloom%2C+abundance.&modelInputVersion=v2&aspectRatio=portrait&creativity=6&guideStrength=100&exif={""mode""%3A""manual""%2C""details""%3A{""aperture""%3A5.6%2C""focal_length""%3A89%2C""shutter_speed""%3A1}}&style=monochromatic&style=dramatic_light&style=photographed_through_window"
r13f26c35t,"Arafed floor with a mosaic design and a bird on it, thick squares and large arrows, super detail of each object, everyone having fun, in a museum room, harvest, closeup at the food, roman, lynx, in rows, stunning, village.",134:89,1,8.25056532,8.25056532,0.995,2,9,4,512,1600,640,33,HeunEDMSampler,VanillaCFG,4.645204291,FALSE,,,,,,1:1,long-time_exposure,landscape,50,10,manual,2,0.125,300,"https://firefly.adobe.com/generate/images?style=photo&seed=42&seed=242&seed=4242&seed=2442&prompt=Arafed+floor+with+a+mosaic+design+and+a+bird+on+it%2C+thick+squares+and+large+arrows%2C+super+detail+of+each+object%2C+everyone+having+fun%2C+in+a+museum+room%2C+harvest%2C+closeup+at+the+food%2C+roman%2C+lynx%2C+in+rows%2C+stunning%2C+village.&modelInputVersion=v2&aspectRatio=landscape&creativity=10&guideStrength=50&exif={""mode""%3A""manual""%2C""details""%3A{""aperture""%3A2%2C""focal_length""%3A300%2C""shutter_speed""%3A0.125}}&style=long-time_exposure"
r13fccd2ft,"There is a bridge that is over a river with a clock on it, roma, descriptive, made of stone and concrete, from the distance, market in ancient rome, professional photo, autum, an old.",89:134,1,2.826600275,2.826600275,0.997,3,9,3,768,1600,640,38,EulerEDMSampler,VanillaCFG,4.670646692,FALSE,,,,,,2:1,grainy_film+bokeh+warm_colors,landscape,97,6,auto,,,,"https://firefly.adobe.com/generate/images?style=photo&seed=42&seed=242&seed=4242&seed=2442&prompt=There+is+a+bridge+that+is+over+a+river+with+a+clock+on+it%2C+roma%2C+descriptive%2C+made+of+stone+and+concrete%2C+from+the+distance%2C+market+in+ancient+rome%2C+professional+photo%2C+autum%2C+an+old.&modelInputVersion=v2&aspectRatio=landscape&creativity=6&guideStrength=97&exif={""mode""%3A""auto""}&style=grainy_film&style=bokeh&style=warm_colors"
r140f3432t,"There is a truck that is parked in front of a building, interior of a mountain hut, viewed through the car's window, cold sunny weather, townscape, portrait mode photo, high altitude, restaurant, crisp photo.",134:89,1,5.192481473,5.192481473,0.999,4,0,0,768,896,1088,30,EulerAncestralSampler,IdentityGuider,,TRUE,47,EulerAncestralSampler,VanillaCFG,,FALSE,16:9,simple+beautiful+misty+antique_photo+landscape_photography,square,100,2,manual,8,0.004,164,"https://firefly.adobe.com/generate/images?style=photo&seed=42&seed=242&seed=4242&seed=2442&prompt=There+is+a+truck+that+is+parked+in+front+of+a+building%2C+interior+of+a+mountain+hut%2C+viewed+through+the+car's+window%2C+cold+sunny+weather%2C+townscape%2C+portrait+mode+photo%2C+high+altitude%2C+restaurant%2C+crisp+photo.&modelInputVersion=v2&aspectRatio=square&creativity=2&guideStrength=100&exif={""mode""%3A""manual""%2C""details""%3A{""aperture""%3A8%2C""focal_length""%3A164%2C""shutter_speed""%3A0.004}}&style=simple&style=beautiful&style=misty&style=antique_photo&style=landscape_photography"
r141665bdt,"Arafed crowd of people walking in front of a large building, sunny winter day, chrome cathedrals, sacred ancient architecture, stone facade, catholic punk, outside view, plaza.",89:134,1,5.65563656,5.65563656,0.995,3,1,2,768,1344,704,32,EulerAncestralSampler,VanillaCFG,6.680002271,TRUE,35,HeunEDMSampler,VanillaCFG,1.42432454,TRUE,3:2,bokeh,landscape,0,6,auto,,,,"https://firefly.adobe.com/generate/images?style=photo&seed=42&seed=242&seed=4242&seed=2442&prompt=Arafed+crowd+of+people+walking+in+front+of+a+large+building%2C+sunny+winter+day%2C+chrome+cathedrals%2C+sacred+ancient+architecture%2C+stone+facade%2C+catholic+punk%2C+outside+view%2C+plaza.&modelInputVersion=v2&aspectRatio=landscape&creativity=6&guideStrength=0&exif={""mode""%3A""auto""}&style=bokeh"
r141669e5t,"People are gathered around a stage with a large screen in the background, gothic church background, skiing, contrast light, italy, fireball, sidelit, frosty, advertising lighting, monumental, voidless of the festival!, saint man.",77:51,3,2.943106722,2.943106722,1,1,2,3,512,1344,704,44,DPMPP2MSampler,VanillaCFG,4.304828499,TRUE,47,DPMPP2MSampler,VanillaCFG,7.369244135,TRUE,3:4,multiexposure,portrait,26,2,auto,,,,"https://firefly.adobe.com/generate/images?style=photo&seed=42&seed=242&seed=4242&seed=2442&prompt=People+are+gathered+around+a+stage+with+a+large+screen+in+the+background%2C+gothic+church+background%2C+skiing%2C+contrast+light%2C+italy%2C+fireball%2C+sidelit%2C+frosty%2C+advertising+lighting%2C+monumental%2C+voidless+of+the+festival!%2C+saint+man.&modelInputVersion=v2&aspectRatio=portrait&creativity=2&guideStrength=26&exif={""mode""%3A""auto""}&style=multiexposure"
r1419078bt,"There is a small white building with a wooden bench in front of it, interior of a mountain hut, old roman style, outside view.",77:51,1,6.813485358,6.813485358,0.998,2,2,1,768,1472,704,35,EulerAncestralSampler,VanillaCFG,3.889240833,FALSE,,,,,,3:4,warm_colors+surreal_lighting,landscape,0,5,auto,,,,"https://firefly.adobe.com/generate/images?style=photo&seed=42&seed=242&seed=4242&seed=2442&prompt=There+is+a+small+white+building+with+a+wooden+bench+in+front+of+it%2C+interior+of+a+mountain+hut%2C+old+roman+style%2C+outside+view.&modelInputVersion=v2&aspectRatio=landscape&creativity=5&guideStrength=0&exif={""mode""%3A""auto""}&style=warm_colors&style=surreal_lighting"
r141e4467t,"arafes of a large building with a clock tower and a clock on top, milan fashion week backstage, super wide view of a cityscape, high angle closeup portrait, white marble buildings, distant photo, inside view, tall stone spires.",51:77,2,5.095188632,5.095188632,0.996,4,2,2,768,704,1408,31,EulerEDMSampler,VanillaCFG,3.848294219,TRUE,43,HeunEDMSampler,IdentityGuider,9.760691478,TRUE,2:1,dramatic_light+shot_from_below,square,50,7,manual,4,0.125,121,"https://firefly.adobe.com/generate/images?style=photo&seed=42&seed=242&seed=4242&seed=2442&prompt=arafes+of+a+large+building+with+a+clock+tower+and+a+clock+on+top%2C+milan+fashion+week+backstage%2C+super+wide+view+of+a+cityscape%2C+high+angle+closeup+portrait%2C+white+marble+buildings%2C+distant+photo%2C+inside+view%2C+tall+stone+spires.&modelInputVersion=v2&aspectRatio=square&creativity=7&guideStrength=50&exif={""mode""%3A""manual""%2C""details""%3A{""aperture""%3A4%2C""focal_length""%3A121%2C""shutter_speed""%3A0.125}}&style=dramatic_light&style=shot_from_below"
r142335f0t,"Flock of birds flying over a river next to a brick wall, pedestrians, editorial, seagull, people enjoying the show, at midday, people are eating, dressed in a worn.",77:51,1,8.660044193,8.660044193,0.997,3,4,3,768,896,1088,39,DPMPP2SAncestralSampler,VanillaCFG,5.799393749,TRUE,43,LinearMultistepSampler,VanillaCFG,4.375716015,TRUE,4:5,long-time_exposure+photographed_through_window,landscape,39,3,manual,2.8,0.016,230,"https://firefly.adobe.com/generate/images?style=photo&seed=42&seed=242&seed=4242&seed=2442&prompt=Flock+of+birds+flying+over+a+river+next+to+a+brick+wall%2C+pedestrians%2C+editorial%2C+seagull%2C+people+enjoying+the+show%2C+at+midday%2C+people+are+eating%2C+dressed+in+a+worn.&modelInputVersion=v2&aspectRatio=landscape&creativity=3&guideStrength=39&exif={""mode""%3A""manual""%2C""details""%3A{""aperture""%3A2.8%2C""focal_length""%3A230%2C""shutter_speed""%3A0.016}}&style=long-time_exposure&style=photographed_through_window"
r1426cde6t,"There is a bird flying over a city with a clock tower, sienna, ancient stone tiling, distant photo, peaked wooden roofs, inspired by Duccio, window view.",77:51,2,8.522154149,8.522154149,0.995,3,3,5,768,768,1344,33,DPMPP2MSampler,VanillaCFG,2.859449528,TRUE,47,HeunEDMSampler,IdentityGuider,5.783367961,TRUE,16:9,golden_hour+knolling,landscape,100,4,manual,16,10,171,"https://firefly.adobe.com/generate/images?style=photo&seed=42&seed=242&seed=4242&seed=2442&prompt=There+is+a+bird+flying+over+a+city+with+a+clock+tower%2C+sienna%2C+ancient+stone+tiling%2C+distant+photo%2C+peaked+wooden+roofs%2C+inspired+by+Duccio%2C+window+view.&modelInputVersion=v2&aspectRatio=landscape&creativity=4&guideStrength=100&exif={""mode""%3A""manual""%2C""details""%3A{""aperture""%3A16%2C""focal_length""%3A171%2C""shutter_speed""%3A10}}&style=golden_hour&style=knolling"
r142787e2t,"arafes of people standing in a building with a skylight above them, winged victory of Samothrace, tourist photo, his arms spread, closeup at the food, vanilla, fans, solo.",51:77,3,6.171969449,6.171969449,0.998,1,2,2,768,704,1408,31,HeunEDMSampler,VanillaCFG,7.078304384,TRUE,46,EulerAncestralSampler,IdentityGuider,2.219208894,TRUE,16:9,,portrait,9,4,manual,2,0.0006,205,"https://firefly.adobe.com/generate/images?style=photo&seed=42&seed=242&seed=4242&seed=2442&prompt=arafes+of+people+standing+in+a+building+with+a+skylight+above+them%2C+winged+victory+of+Samothrace%2C+tourist+photo%2C+his+arms+spread%2C+closeup+at+the+food%2C+vanilla%2C+fans%2C+solo.&modelInputVersion=v2&aspectRatio=portrait&creativity=4&guideStrength=9&exif={""mode""%3A""manual""%2C""details""%3A{""aperture""%3A2%2C""focal_length""%3A205%2C""shutter_speed""%3A0.0006}}"
r14289905t,"View of a large room with a lot of people, warm yellow lights, half-length photo, carved in marble, very fine detail, last photo, interesting details, panels, ticket, no flash, wonderful masterpiece, close-up, bow, standing.",134:89,3,5.472520849,5.472520849,0.998,4,2,5,768,1088,896,37,EulerEDMSampler,VanillaCFG,2.975842208,TRUE,30,EulerAncestralSampler,VanillaCFG,6.455559436,TRUE,4:3,chaotic+long-time_exposure+closeup,widescreen,0,6,manual,16,0.016,24,"https://firefly.adobe.com/generate/images?style=photo&seed=42&seed=242&seed=4242&seed=2442&prompt=View+of+a+large+room+with+a+lot+of+people%2C+warm+yellow+lights%2C+half-length+photo%2C+carved+in+marble%2C+very+fine+detail%2C+last+photo%2C+interesting+details%2C+panels%2C+ticket%2C+no+flash%2C+wonderful+masterpiece%2C+close-up%2C+bow%2C+standing.&modelInputVersion=v2&aspectRatio=widescreen&creativity=6&guideStrength=0&exif={""mode""%3A""manual""%2C""details""%3A{""aperture""%3A16%2C""focal_length""%3A24%2C""shutter_speed""%3A0.016}}&style=chaotic&style=long-time_exposure&style=closeup"
r142b504bt,"Mountains in the background with a couple of houses on the ground, in the Dolomites, white wall complex, tavern, half-occupied with people, editorial, rock plateau, hotel, October, soap, exterior.",77:51,4,7.633228111,7.633228111,0.999,3,3,4,512,1600,640,41,EulerEDMSampler,IdentityGuider,,TRUE,39,DPMPP2SAncestralSampler,VanillaCFG,,TRUE,3:4,surreal_lighting,portrait,0,2,auto,,,,"https://firefly.adobe.com/generate/images?style=photo&seed=42&seed=242&seed=4242&seed=2442&prompt=Mountains+in+the+background+with+a+couple+of+houses+on+the+ground%2C+in+the+Dolomites%2C+white+wall+complex%2C+tavern%2C+half-occupied+with+people%2C+editorial%2C+rock+plateau%2C+hotel%2C+October%2C+soap%2C+exterior.&modelInputVersion=v2&aspectRatio=portrait&creativity=2&guideStrength=0&exif={""mode""%3A""auto""}&style=surreal_lighting"
r144e095dt,"People are watching a man and woman perform a folk dance, French garden, Renaissance autumnal, straw hat and overcoat, ladies, full-length photo, closeup photo, audience surrounding, shady.",77:51,1,2.811395116,2.811395116,0.995,3,2,2,768,1344,704,53,HeunEDMSampler,VanillaCFG,1.316026619,FALSE,,,,,,3:4,,landscape,100,9,manual,1.2,10,131,"https://firefly.adobe.com/generate/images?style=photo&seed=42&seed=242&seed=4242&seed=2442&prompt=People+are+watching+a+man+and+woman+perform+a+folk+dance%2C+French+garden%2C+Renaissance+autumnal%2C+straw+hat+and+overcoat%2C+ladies%2C+full-length+photo%2C+closeup+photo%2C+audience+surrounding%2C+shady.&modelInputVersion=v2&aspectRatio=landscape&creativity=9&guideStrength=100&exif={""mode""%3A""manual""%2C""details""%3A{""aperture""%3A1.2%2C""focal_length""%3A131%2C""shutter_speed""%3A10}}"
r144f25eet,"There is a red fire hydrant sitting on the side of a brick road, etched inscriptions, Kremlin, with names, editorial, ladies, heads are all over the ground, Lviv, Seurat, part of the screen, strange levitating stones, Harlem, fan favorite, graves, tourist photo, wax, from back, platinum.",51:77,1,5.921761119,5.921761119,0.999,2,4,1,768,832,1152,35,DPMPP2MSampler,VanillaCFG,4.596563273,FALSE,,,,,,3:4,vibrant_colors,landscape,100,10,auto,,,,"https://firefly.adobe.com/generate/images?style=photo&seed=42&seed=242&seed=4242&seed=2442&prompt=There+is+a+red+fire+hydrant+sitting+on+the+side+of+a+brick+road%2C+etched+inscriptions%2C+Kremlin%2C+with+names%2C+editorial%2C+ladies%2C+heads+are+all+over+the+ground%2C+Lviv%2C+Seurat%2C+part+of+the+screen%2C+strange+levitating+stones%2C+Harlem%2C+fan+favorite%2C+graves%2C+tourist+photo%2C+wax%2C+from+back%2C+platinum.&modelInputVersion=v2&aspectRatio=landscape&creativity=10&guideStrength=100&exif={""mode""%3A""auto""}&style=vibrant_colors"
r145215fft,"There are many branches that are growing in the field, willow plant, ocher details, spring theme, hedge, Druillet colorful, high details photo, photography.",77:51,4,3.884005489,3.884005489,0.997,2,3,0,768,768,1344,48,DPMPP2MSampler,VanillaCFG,0.5,TRUE,44,EulerEDMSampler,VanillaCFG,3.780113711,TRUE,4:3,maximalism+beautiful+fisheye+shallow_depth_of_field,landscape,0,2,manual,5.6,0.5,216,"https://firefly.adobe.com/generate/images?style=photo&seed=42&seed=242&seed=4242&seed=2442&prompt=There+are+many+branches+that+are+growing+in+the+field%2C+willow+plant%2C+ocher+details%2C+spring+theme%2C+hedge%2C+Druillet+colorful%2C+high+details+photo%2C+photography.&modelInputVersion=v2&aspectRatio=landscape&creativity=2&guideStrength=0&exif={""mode""%3A""manual""%2C""details""%3A{""aperture""%3A5.6%2C""focal_length""%3A216%2C""shutter_speed""%3A0.5}}&style=maximalism&style=beautiful&style=fisheye&style=shallow_depth_of_field"
r145221d9t,"Trees are lining the street in front of a row of houses, Oktoberfest, Munich, greatly detailed, Espoo, Finland, leaves, some trees in the corner, parking lot, military buildings, usual color setting, idyll, dull colours, noon, partially gold, hood.",134:89,2,5.880079228,5.880079228,0.995,1,5,0,768,768,1344,45,DPMPP2SAncestralSampler,IdentityGuider,,FALSE,,,,,,2:3,grainy_film+multiexposure,widescreen,100,7,auto,,,,"https://firefly.adobe.com/generate/images?style=photo&seed=42&seed=242&seed=4242&seed=2442&prompt=Trees+are+lining+the+street+in+front+of+a+row+of+houses%2C+Oktoberfest%2C+Munich%2C+greatly+detailed%2C+Espoo%2C+Finland%2C+leaves%2C+some+trees+in+the+corner%2C+parking+lot%2C+military+buildings%2C+usual+color+setting%2C+idyll%2C+dull+colours%2C+noon%2C+partially+gold%2C+hood.&modelInputVersion=v2&aspectRatio=widescreen&creativity=7&guideStrength=100&exif={""mode""%3A""auto""}&style=grainy_film&style=multiexposure"
r14556dabt,"There is a tall building with a steeple on the top, in sunny weather, brick building, Russian and Japanese mix, The Stupendium, professional photo, editorial, cedar, old picture.",51:77,1,8.292284984,8.292284984,0.999,4,0,0,768,1024,1024,38,HeunEDMSampler,IdentityGuider,,TRUE,47,HeunEDMSampler,VanillaCFG,,TRUE,2:1,pastel_colors+backlighting,widescreen,50,9,auto,,,,"https://firefly.adobe.com/generate/images?style=photo&seed=42&seed=242&seed=4242&seed=2442&prompt=There+is+a+tall+building+with+a+steeple+on+the+top%2C+in+sunny+weather%2C+brick+building%2C+Russian+and+Japanese+mix%2C+The+Stupendium%2C+professional+photo%2C+editorial%2C+cedar%2C+old+picture.&modelInputVersion=v2&aspectRatio=widescreen&creativity=9&guideStrength=50&exif={""mode""%3A""auto""}&style=pastel_colors&style=backlighting"
r14586c63t,"Ceiling with a clock and a window in a building, worship of the pope, fantastic lighting and shading, in an ancient altar, dazzling dappled lighting, all roads lead to Rome, made of intricate metal and wood, light entering through a blind, elder, Michal, arch.",51:77,1,2.570394808,2.570394808,0.996,2,2,0,768,1344,768,43,EulerAncestralSampler,VanillaCFG,4.85696633,TRUE,31,HeunEDMSampler,VanillaCFG,6.396120035,TRUE,4:5,muted+wide_angle,widescreen,0,10,manual,1.4,0.008,202,"https://firefly.adobe.com/generate/images?style=photo&seed=42&seed=242&seed=4242&seed=2442&prompt=Ceiling+with+a+clock+and+a+window+in+a+building%2C+worship+of+the+pope%2C+fantastic+lighting+and+shading%2C+in+an+ancient+altar%2C+dazzling+dappled+lighting%2C+all+roads+lead+to+Rome%2C+made+of+intricate+metal+and+wood%2C+light+entering+through+a+blind%2C+elder%2C+Michal%2C+arch.&modelInputVersion=v2&aspectRatio=widescreen&creativity=10&guideStrength=0&exif={""mode""%3A""manual""%2C""details""%3A{""aperture""%3A1.4%2C""focal_length""%3A202%2C""shutter_speed""%3A0.008}}&style=muted&style=wide_angle"
r1461e2d7t,"Skiers are traveling through the snow on a sunny day, dreamy clouds, pastures, oaks, Alps, taken with Canon 80D, sparse winter landscape, lost in a dreamy fairy landscape, photo.",77:51,1,8.445395403,8.445395403,0.999,4,2,1,768,1024,1024,35,LinearMultistepSampler,VanillaCFG,3.93913491,FALSE,,,,,,2:3,bokeh+vibrant_colors+landscape_photography,landscape,0,3,manual,1.2,0.016,33,"https://firefly.adobe.com/generate/images?style=photo&seed=42&seed=242&seed=4242&seed=2442&prompt=Skiers+are+traveling+through+the+snow+on+a+sunny+day%2C+dreamy+clouds%2C+pastures%2C+oaks%2C+Alps%2C+taken+with+Canon+80D%2C+sparse+winter+landscape%2C+lost+in+a+dreamy+fairy+landscape%2C+photo.&modelInputVersion=v2&aspectRatio=landscape&creativity=3&guideStrength=0&exif={""mode""%3A""manual""%2C""details""%3A{""aperture""%3A1.2%2C""focal_length""%3A33%2C""shutter_speed""%3A0.016}}&style=bokeh&style=vibrant_colors&style=landscape_photography"
r146771d7t,"There is a small table with a lamp and a box of cigarettes, rooster, warm lighting inside, product label, stroopwaffel, flattering photo, glowing red, bottom-view, coffee, slightly overexposed, myrtle, LED lamps, Australian, inspired by Gertrude Greene, yellowed paper, wooden bowl, sleep.",51:77,2,4.44384676,4.44384676,0.996,1,2,2,768,768,1280,39,HeunEDMSampler,IdentityGuider,,TRUE,38,HeunEDMSampler,VanillaCFG,,FALSE,9:16,grainy_film+bokeh+pastel_colors+macrophotography,landscape,50,4,auto,,,,"https://firefly.adobe.com/generate/images?style=photo&seed=42&seed=242&seed=4242&seed=2442&prompt=There+is+a+small+table+with+a+lamp+and+a+box+of+cigarettes%2C+rooster%2C+warm+lighting+inside%2C+product+label%2C+stroopwaffel%2C+flattering+photo%2C+glowing+red%2C+bottom-view%2C+coffee%2C+slightly+overexposed%2C+myrtle%2C+LED+lamps%2C+Australian%2C+inspired+by+Gertrude+Greene%2C+yellowed+paper%2C+wooden+bowl%2C+sleep.&modelInputVersion=v2&aspectRatio=landscape&creativity=4&guideStrength=50&exif={""mode""%3A""auto""}&style=grainy_film&style=bokeh&style=pastel_colors&style=macrophotography"
r1468a9e1t,"View of a lighthouse on the water from a rocky shore, big puffy clouds, distant forest horizon, pretty clouds, cumulonimbus clouds in the sky.",77:51,4,6.403252896,6.403252896,1,2,3,2,768,1664,576,34,DPMPP2MSampler,VanillaCFG,6.715410646,TRUE,53,LinearMultistepSampler,IdentityGuider,9.173542659,FALSE,9:16,,widescreen,53,10,manual,16,1,112,"https://firefly.adobe.com/generate/images?style=photo&seed=42&seed=242&seed=4242&seed=2442&prompt=View+of+a+lighthouse+on+the+water+from+a+rocky+shore%2C+big+puffy+clouds%2C+distant+forest+horizon%2C+pretty+clouds%2C+cumulonimbus+clouds+in+the+sky.&modelInputVersion=v2&aspectRatio=widescreen&creativity=10&guideStrength=53&exif={""mode""%3A""manual""%2C""details""%3A{""aperture""%3A16%2C""focal_length""%3A112%2C""shutter_speed""%3A1}}"
r14902ba4t,"Stone wall with a gate and a gate in front of it, overlooking River Aufidius Italy, view from the lake, portal opening, horns, shield, during spring.",77:51,1,5.968125691,5.968125691,0.996,4,0,2,768,1024,960,39,DPMPP2MSampler,VanillaCFG,7.144877802,TRUE,34,DPMPP2MSampler,VanillaCFG,5.946808691,TRUE,2:1,underwater+surreal_lighting,landscape,50,10,manual,22,0.004,202,"https://firefly.adobe.com/generate/images?style=photo&seed=42&seed=242&seed=4242&seed=2442&prompt=Stone+wall+with+a+gate+and+a+gate+in+front+of+it%2C+overlooking+River+Aufidius+Italy%2C+view+from+the+lake%2C+portal+opening%2C+horns%2C+shield%2C+during+spring.&modelInputVersion=v2&aspectRatio=landscape&creativity=10&guideStrength=50&exif={""mode""%3A""manual""%2C""details""%3A{""aperture""%3A22%2C""focal_length""%3A202%2C""shutter_speed""%3A0.004}}&style=underwater&style=surreal_lighting"
r14a51689t,"Woman walking down a narrow street in a city, Austrian architecture, portcullis, arch, summer sun, children, yellow walls, the place is just really small, two stories, fortress gateway, mount.",77:51,2,3.339604042,3.339604042,1,2,2,2,768,1600,640,45,DPMPP2MSampler,IdentityGuider,,TRUE,39,EulerAncestralSampler,VanillaCFG,,FALSE,9:16,macrophotography,widescreen,50,8,auto,,,,"https://firefly.adobe.com/generate/images?style=photo&seed=42&seed=242&seed=4242&seed=2442&prompt=Woman+walking+down+a+narrow+street+in+a+city%2C+Austrian+architecture%2C+portcullis%2C+arch%2C+summer+sun%2C+children%2C+yellow+walls%2C+the+place+is+just+really+small%2C+two+stories%2C+fortress+gateway%2C+mount.&modelInputVersion=v2&aspectRatio=widescreen&creativity=8&guideStrength=50&exif={""mode""%3A""auto""}&style=macrophotography"
r14a595b6t,"Blurry image of a person walking in a church, decorative panels, dining room, front photo, high detail portrait photo, pre-Raphaelites style, in a row, crucifixion, university, with detailed wood, interior of a small.",134:89,3,3.217042581,3.217042581,0.997,3,2,2,512,1152,832,33,EulerEDMSampler,IdentityGuider,,TRUE,41,DPMPP2SAncestralSampler,VanillaCFG,,TRUE,2:3,maximalism+simple+dramatic_light,widescreen,100,2,auto,,,,"https://firefly.adobe.com/generate/images?style=photo&seed=42&seed=242&seed=4242&seed=2442&prompt=Blurry+image+of+a+person+walking+in+a+church%2C+decorative+panels%2C+dining+room%2C+front+photo%2C+high+detail+portrait+photo%2C+pre-Raphaelites+style%2C+in+a+row%2C+crucifixion%2C+university%2C+with+detailed+wood%2C+interior+of+a+small.&modelInputVersion=v2&aspectRatio=widescreen&creativity=2&guideStrength=100&exif={""mode""%3A""auto""}&style=maximalism&style=simple&style=dramatic_light"
r14a9a843t,"Boat sitting on the side of a lake, autumn mountains, Sichuan, faint light, a pastel, Taiga, slight yellow hue, very deep stillness atmosphere, water reservoir, lined up horizontally, fogy.",77:51,3,6.820612017,6.820612017,0.998,3,2,0,768,1216,832,48,DPMPP2SAncestralSampler,IdentityGuider,,TRUE,33,LinearMultistepSampler,VanillaCFG,,TRUE,5:4,dark+bokeh+cool_colors+golden_hour+shot_from_above,landscape,100,2,manual,16,0.0006,134,"https://firefly.adobe.com/generate/images?style=photo&seed=42&seed=242&seed=4242&seed=2442&prompt=Boat+sitting+on+the+side+of+a+lake%2C+autumn+mountains%2C+Sichuan%2C+faint+light%2C+a+pastel%2C+Taiga%2C+slight+yellow+hue%2C+very+deep+stillness+atmosphere%2C+water+reservoir%2C+lined+up+horizontally%2C+fogy.&modelInputVersion=v2&aspectRatio=landscape&creativity=2&guideStrength=100&exif={""mode""%3A""manual""%2C""details""%3A{""aperture""%3A16%2C""focal_length""%3A134%2C""shutter_speed""%3A0.0006}}&style=dark&style=bokeh&style=cool_colors&style=golden_hour&style=shot_from_above"
r14bfe6f4t,"Many plants in the garden in the middle of the courtyard, Biedermeier, Italy, landscape architecture photo, schools, or perhaps a fairy tale, skyscrapers with greenery, Swiss modernism, lilacs, area.",77:51,2,5.902067501,5.902067501,0.996,4,1,3,512,1664,576,34,EulerEDMSampler,VanillaCFG,3.807612453,TRUE,40,EulerAncestralSampler,VanillaCFG,2.530079565,FALSE,5:4,,portrait,74,4,manual,8,0.008,160,"https://firefly.adobe.com/generate/images?style=photo&seed=42&seed=242&seed=4242&seed=2442&prompt=Many+plants+in+the+garden+in+the+middle+of+the+courtyard%2C+Biedermeier%2C+Italy%2C+landscape+architecture+photo%2C+schools%2C+or+perhaps+a+fairy+tale%2C+skyscrapers+with+greenery%2C+Swiss+modernism%2C+lilacs%2C+area.&modelInputVersion=v2&aspectRatio=portrait&creativity=4&guideStrength=74&exif={""mode""%3A""manual""%2C""details""%3A{""aperture""%3A8%2C""focal_length""%3A160%2C""shutter_speed""%3A0.008}}"
r14c2d3fct,"Many graves in the snow with mountains in the background, European, hospital, completely empty, psychedelic ski resort, staff, evergreen valley.",77:51,1,5.915400137,5.915400137,0.999,1,5,4,512,1664,576,41,EulerEDMSampler,VanillaCFG,5.60438432,TRUE,39,HeunEDMSampler,VanillaCFG,6.483324631,TRUE,2:1,bw,widescreen,62,8,auto,,,,"https://firefly.adobe.com/generate/images?style=photo&seed=42&seed=242&seed=4242&seed=2442&prompt=Many+graves+in+the+snow+with+mountains+in+the+background%2C+European%2C+hospital%2C+completely+empty%2C+psychedelic+ski+resort%2C+staff%2C+evergreen+valley.&modelInputVersion=v2&aspectRatio=widescreen&creativity=8&guideStrength=62&exif={""mode""%3A""auto""}&style=bw"
r14c67ed2t,"Skiers on a mountain top with a view of the snow, high-key photography, Alps, minimal Canon 50mm, dreamy matte painting, 2022 photo, overexposed photograph, view from far away, huge, daylight.",77:51,2,8.43140025,8.43140025,0.995,3,3,5,512,832,1216,46,DPMPP2MSampler,IdentityGuider,,TRUE,40,EulerAncestralSampler,VanillaCFG,,FALSE,4:5,muted,portrait,50,5,auto,,,,"https://firefly.adobe.com/generate/images?style=photo&seed=42&seed=242&seed=4242&seed=2442&prompt=Skiers+on+a+mountain+top+with+a+view+of+the+snow%2C+high-key+photography%2C+Alps%2C+minimal+Canon+50mm%2C+dreamy+matte+painting%2C+2022+photo%2C+overexposed+photograph%2C+view+from+far+away%2C+huge%2C+daylight.&modelInputVersion=v2&aspectRatio=portrait&creativity=5&guideStrength=50&exif={""mode""%3A""auto""}&style=muted"
r14ca1259t,"Ceiling with a clock and a clock on it, worship of the pope, wide-angle landscape photography, golden pillars, inside the building, beautiful dappled lighting, medium shot taken from behind, golden windows, different closeup view, pyramid.",51:77,1,8.917294714,8.917294714,0.998,3,4,4,768,960,1088,46,EulerEDMSampler,IdentityGuider,,TRUE,38,DPMPP2SAncestralSampler,VanillaCFG,,TRUE,3:2,studio_light,widescreen,0,4,manual,16,0.008,17,"https://firefly.adobe.com/generate/images?style=photo&seed=42&seed=242&seed=4242&seed=2442&prompt=Ceiling+with+a+clock+and+a+clock+on+it%2C+worship+of+the+pope%2C+wide-angle+landscape+photography%2C+golden+pillars%2C+inside+the+building%2C+beautiful+dappled+lighting%2C+medium+shot+taken+from+behind%2C+golden+windows%2C+different+closeup+view%2C+pyramid.&modelInputVersion=v2&aspectRatio=widescreen&creativity=4&guideStrength=0&exif={""mode""%3A""manual""%2C""details""%3A{""aperture""%3A16%2C""focal_length""%3A17%2C""shutter_speed""%3A0.008}}&style=studio_light"
r14dd8f91t,"Statue of a bear on a pole in front of a building, Florentine school, three-tailed fox, ancient Roman setting, two-headed cat, viewed from below, intricate, cameo, medieval town landscape, pastose, ossuary, fox carving art, nice art.",134:89,4,3.09261705,3.09261705,0.996,2,5,3,768,704,1344,41,HeunEDMSampler,VanillaCFG,3.784619112,TRUE,38,EulerAncestralSampler,VanillaCFG,4.913152602,TRUE,9:16,dramatic_light,portrait,100,8,auto,,,,"https://firefly.adobe.com/generate/images?style=photo&seed=42&seed=242&seed=4242&seed=2442&prompt=Statue+of+a+bear+on+a+pole+in+front+of+a+building%2C+Florentine+school%2C+three-tailed+fox%2C+ancient+Roman+setting%2C+two-headed+cat%2C+viewed+from+below%2C+intricate%2C+cameo%2C+medieval+town+landscape%2C+pastose%2C+ossuary%2C+fox+carving+art%2C+nice+art.&modelInputVersion=v2&aspectRatio=portrait&creativity=8&guideStrength=100&exif={""mode""%3A""auto""}&style=dramatic_light"
r14df59fet,"Closet in the corner of a room with a staircase, slight yellow hue, two wooden wardrobes, slanted ceiling.",77:51,1,6.375891108,6.375891108,0.996,3,5,3,768,832,1216,40,DPMPP2MSampler,IdentityGuider,,FALSE,,,,,,9:16,,landscape,99,4,manual,16,0.004,125,"https://firefly.adobe.com/generate/images?style=photo&seed=42&seed=242&seed=4242&seed=2442&prompt=Closet+in+the+corner+of+a+room+with+a+staircase%2C+slight+yellow+hue%2C+two+wooden+wardrobes%2C+slanted+ceiling.&modelInputVersion=v2&aspectRatio=landscape&creativity=4&guideStrength=99&exif={""mode""%3A""manual""%2C""details""%3A{""aperture""%3A16%2C""focal_length""%3A125%2C""shutter_speed""%3A0.004}}"
r14f241e4t,"Small lake in the middle of a grassy field, autumn mountains, overgrown with plants, rocky lake shore, sun glints, natural textures, with lots of vegetation, evergreen, hay, summer day.",77:51,2,6.435288695,6.435288695,0.998,2,1,3,768,1152,832,40,LinearMultistepSampler,VanillaCFG,10.64774904,TRUE,37,LinearMultistepSampler,IdentityGuider,5.690285756,TRUE,3:2,harsh_light,portrait,20,7,manual,1.2,10,33,"https://firefly.adobe.com/generate/images?style=photo&seed=42&seed=242&seed=4242&seed=2442&prompt=Small+lake+in+the+middle+of+a+grassy+field%2C+autumn+mountains%2C+overgrown+with+plants%2C+rocky+lake+shore%2C+sun+glints%2C+natural+textures%2C+with+lots+of+vegetation%2C+evergreen%2C+hay%2C+summer+day.&modelInputVersion=v2&aspectRatio=portrait&creativity=7&guideStrength=20&exif={""mode""%3A""manual""%2C""details""%3A{""aperture""%3A1.2%2C""focal_length""%3A33%2C""shutter_speed""%3A10}}&style=harsh_light"
r150058a4t,"Large brick building with a clock on the side of it, fortress gateway, houses on stilts, view from the side.",51:77,2,7.789379636,7.789379636,0.999,1,5,4,768,1280,768,49,EulerAncestralSampler,IdentityGuider,,TRUE,34,DPMPP2MSampler,VanillaCFG,,TRUE,4:5,wide_angle,landscape,0,4,auto,,,,"https://firefly.adobe.com/generate/images?style=photo&seed=42&seed=242&seed=4242&seed=2442&prompt=Large+brick+building+with+a+clock+on+the+side+of+it%2C+fortress+gateway%2C+houses+on+stilts%2C+view+from+the+side.&modelInputVersion=v2&aspectRatio=landscape&creativity=4&guideStrength=0&exif={""mode""%3A""auto""}&style=wide_angle"
r15028ceft,"Statue of a man with a mask on it, several dolls in one photo, ethnographic, black pulcinella mask, loud music, front closeup, exhibit, eyes are glowing, traditional clothes, bells, half-body photo.",77:51,2,6.359207376,6.359207376,0.996,4,0,4,768,1024,1024,38,LinearMultistepSampler,VanillaCFG,4.56344399,TRUE,35,DPMPP2SAncestralSampler,VanillaCFG,6.255451347,TRUE,3:4,bw,landscape,100,5,manual,1.2,1,271,"https://firefly.adobe.com/generate/images?style=photo&seed=42&seed=242&seed=4242&seed=2442&prompt=Statue+of+a+man+with+a+mask+on+it%2C+several+dolls+in+one+photo%2C+ethnographic%2C+black+pulcinella+mask%2C+loud+music%2C+front+closeup%2C+exhibit%2C+eyes+are+glowing%2C+traditional+clothes%2C+bells%2C+half-body+photo.&modelInputVersion=v2&aspectRatio=landscape&creativity=5&guideStrength=100&exif={""mode""%3A""manual""%2C""details""%3A{""aperture""%3A1.2%2C""focal_length""%3A271%2C""shutter_speed""%3A1}}&style=bw"
r150b1b51t,"Man standing on a hill by the water, lago di sorapis, branches, green, grizzled, malachite.",77:51,1,7.729235396,7.729235396,0.995,3,5,3,768,1088,896,42,DPMPP2SAncestralSampler,VanillaCFG,6.88385403,TRUE,38,EulerEDMSampler,VanillaCFG,5.23104265,TRUE,4:5,vibrant_colors+long-time_exposure,widescreen,50,3,manual,2.8,0.008,67,"https://firefly.adobe.com/generate/images?style=photo&seed=42&seed=242&seed=4242&seed=2442&prompt=Man+standing+on+a+hill+by+the+water%2C+lago+di+sorapis%2C+branches%2C+green%2C+grizzled%2C+malachite.&modelInputVersion=v2&aspectRatio=widescreen&creativity=3&guideStrength=50&exif={""mode""%3A""manual""%2C""details""%3A{""aperture""%3A2.8%2C""focal_length""%3A67%2C""shutter_speed""%3A0.008}}&style=vibrant_colors&style=long-time_exposure"
r15199ae3t,"Small huts in the woods, children playground, light cone, spruce trees on the sides, France, amphora.",51:77,4,5.810049293,5.810049293,0.998,2,3,2,768,1088,960,34,EulerAncestralSampler,VanillaCFG,5.646333344,TRUE,37,EulerAncestralSampler,VanillaCFG,1.147310422,TRUE,9:16,multiexposure,landscape,100,7,auto,,,,"https://firefly.adobe.com/generate/images?style=photo&seed=42&seed=242&seed=4242&seed=2442&prompt=Small+huts+in+the+woods%2C+children+playground%2C+light+cone%2C+spruce+trees+on+the+sides%2C+France%2C+amphora.&modelInputVersion=v2&aspectRatio=landscape&creativity=7&guideStrength=100&exif={""mode""%3A""auto""}&style=multiexposure"
r152d9ff5t,"Mountains covered in snow and trees with a blue sky, spring day, big, beautifully bright white, idaho, corduroy, white cloud, family.",134:89,3,6.512354941,6.512354941,0.999,1,5,0,512,1024,1024,44,EulerEDMSampler,IdentityGuider,,TRUE,45,EulerAncestralSampler,VanillaCFG,,TRUE,2:3,,widescreen,42,5,manual,5.6,0.004,261,"https://firefly.adobe.com/generate/images?style=photo&seed=42&seed=242&seed=4242&seed=2442&prompt=Mountains+covered+in+snow+and+trees+with+a+blue+sky%2C+spring+day%2C+big%2C+beautifully+bright+white%2C+idaho%2C+corduroy%2C+white+cloud%2C+family.&modelInputVersion=v2&aspectRatio=widescreen&creativity=5&guideStrength=42&exif={""mode""%3A""manual""%2C""details""%3A{""aperture""%3A5.6%2C""focal_length""%3A261%2C""shutter_speed""%3A0.004}}"
r15499cd8t,"Mountains in the distance with a road and a street sign, lots of building, resort, landscape from a car window, real image, dolomites in the background, hospital in the background, indigenous.",77:51,1,5.029562639,5.029562639,0.999,4,1,0,512,704,1344,36,HeunEDMSampler,VanillaCFG,1.585175251,TRUE,47,DPMPP2MSampler,VanillaCFG,4.05259281,TRUE,9:16,vibrant_colors,landscape,33,5,manual,1.4,0.016,134,"https://firefly.adobe.com/generate/images?style=photo&seed=42&seed=242&seed=4242&seed=2442&prompt=Mountains+in+the+distance+with+a+road+and+a+street+sign%2C+lots+of+building%2C+resort%2C+landscape+from+a+car+window%2C+real+image%2C+dolomites+in+the+background%2C+hospital+in+the+background%2C+indigenous.&modelInputVersion=v2&aspectRatio=landscape&creativity=5&guideStrength=33&exif={""mode""%3A""manual""%2C""details""%3A{""aperture""%3A1.4%2C""focal_length""%3A134%2C""shutter_speed""%3A0.016}}&style=vibrant_colors"
r154d7294t,"Man standing on a rock in the ocean, South African coast, bleak, big stones, midday sunlight, ochre, rough waves, view from the sea.",77:51,3,6.17255738,6.17255738,0.997,4,4,3,512,768,1280,23,DPMPP2MSampler,IdentityGuider,,TRUE,40,DPMPP2MSampler,IdentityGuider,,TRUE,4:3,misty+bw,square,50,10,auto,,,,"https://firefly.adobe.com/generate/images?style=photo&seed=42&seed=242&seed=4242&seed=2442&prompt=Man+standing+on+a+rock+in+the+ocean%2C+South+African+coast%2C+bleak%2C+big+stones%2C+midday+sunlight%2C+ochre%2C+rough+waves%2C+view+from+the+sea.&modelInputVersion=v2&aspectRatio=square&creativity=10&guideStrength=50&exif={""mode""%3A""auto""}&style=misty&style=bw"
r1554cfadt,"Mountains in the distance with a bus parked on the side of the road, in the dolomites, encampment, from 1000 feet in distance, the pits of hell, flying saucer in the sky, outdoor photo, tundra, tour de France, majesty.",77:51,1,5.472914529,5.472914529,0.995,2,3,3,768,896,1088,46,HeunEDMSampler,VanillaCFG,5.178056907,FALSE,,,,,,1:2,maximalism+chaotic+pastel_colors+surreal_lighting,landscape,100,6,auto,,,,"https://firefly.adobe.com/generate/images?style=photo&seed=42&seed=242&seed=4242&seed=2442&prompt=Mountains+in+the+distance+with+a+bus+parked+on+the+side+of+the+road%2C+in+the+dolomites%2C+encampment%2C+from+1000+feet+in+distance%2C+the+pits+of+hell%2C+flying+saucer+in+the+sky%2C+outdoor+photo%2C+tundra%2C+tour+de+France%2C+majesty.&modelInputVersion=v2&aspectRatio=landscape&creativity=6&guideStrength=100&exif={""mode""%3A""auto""}&style=maximalism&style=chaotic&style=pastel_colors&style=surreal_lighting"
r155fe1fat,"View of a large cathedral with a clock on the front, seen from outside, two giant towers, sacred ancient architecture, front perspective, front portrait.",77:51,3,5.639155681,5.639155681,0.996,1,3,3,512,1024,1024,37,EulerAncestralSampler,IdentityGuider,,FALSE,,,,,,3:2,grainy_film+warm_colors+landscape_photography,portrait,14,10,manual,2.8,0.066,181,"https://firefly.adobe.com/generate/images?style=photo&seed=42&seed=242&seed=4242&seed=2442&prompt=View+of+a+large+cathedral+with+a+clock+on+the+front%2C+seen+from+outside%2C+two+giant+towers%2C+sacred+ancient+architecture%2C+front+perspective%2C+front+portrait.&modelInputVersion=v2&aspectRatio=portrait&creativity=10&guideStrength=14&exif={""mode""%3A""manual""%2C""details""%3A{""aperture""%3A2.8%2C""focal_length""%3A181%2C""shutter_speed""%3A0.066}}&style=grainy_film&style=warm_colors&style=landscape_photography"
r1565a7e7t,"Arch with statues on it and a bus in front, french emperor, large tall, quarter view, basic photo, exterior photo, exterior view.",77:51,4,7.176882552,7.176882552,0.999,2,3,3,768,1152,896,43,HeunEDMSampler,VanillaCFG,5.559091567,TRUE,39,LinearMultistepSampler,VanillaCFG,10.91922644,FALSE,1:1,golden_hour+knolling,portrait,46,5,auto,,,,"https://firefly.adobe.com/generate/images?style=photo&seed=42&seed=242&seed=4242&seed=2442&prompt=Arch+with+statues+on+it+and+a+bus+in+front%2C+french+emperor%2C+large+tall%2C+quarter+view%2C+basic+photo%2C+exterior+photo%2C+exterior+view.&modelInputVersion=v2&aspectRatio=portrait&creativity=5&guideStrength=46&exif={""mode""%3A""auto""}&style=golden_hour&style=knolling"
r1567e512t,"Skiers on a slope with trees and a mountain in the background, spring winter nature melted snow, mini lake, prize-winning color photo, snowy Italian road, high detail, the sea horse valley, fir forest, hut, covered with vegetation, walk.",134:89,2,6.906701147,6.906701147,0.995,4,4,3,768,960,1088,42,EulerEDMSampler,VanillaCFG,2.285511838,TRUE,45,EulerAncestralSampler,VanillaCFG,4.125283115,FALSE,4:3,otherworldly_depiction+studio_light,landscape,26,3,auto,,,,"https://firefly.adobe.com/generate/images?style=photo&seed=42&seed=242&seed=4242&seed=2442&prompt=Skiers+on+a+slope+with+trees+and+a+mountain+in+the+background%2C+spring+winter+nature+melted+snow%2C+mini+lake%2C+prize-winning+color+photo%2C+snowy+Italian+road%2C+high+detail%2C+the+sea+horse+valley%2C+fir+forest%2C+hut%2C+covered+with+vegetation%2C+walk.&modelInputVersion=v2&aspectRatio=landscape&creativity=3&guideStrength=26&exif={""mode""%3A""auto""}&style=otherworldly_depiction&style=studio_light"
r1570dd6at,"Statue of a man and a woman standing next to each other, in a baroque museum exhibit, picture of a male cleric, closeup photo, dramatic mood, on his right hand, court room, stone sculpture, richard iv the Roman king photo.",77:51,1,5.963485478,5.963485478,0.996,4,3,2,768,1152,896,41,EulerAncestralSampler,VanillaCFG,5.024622004,FALSE,,,,,,5:4,dark+golden_hour,landscape,100,5,manual,8,1,85,"https://firefly.adobe.com/generate/images?style=photo&seed=42&seed=242&seed=4242&seed=2442&prompt=Statue+of+a+man+and+a+woman+standing+next+to+each+other%2C+in+a+baroque+museum+exhibit%2C+picture+of+a+male+cleric%2C+closeup+photo%2C+dramatic+mood%2C+on+his+right+hand%2C+court+room%2C+stone+sculpture%2C+richard+iv+the+Roman+king+photo.&modelInputVersion=v2&aspectRatio=landscape&creativity=5&guideStrength=100&exif={""mode""%3A""manual""%2C""details""%3A{""aperture""%3A8%2C""focal_length""%3A85%2C""shutter_speed""%3A1}}&style=dark&style=golden_hour"
r1580c37ft,"Dog laying down on the steps, capri coast, cats and plants, beach bar, view from window, cinq terre, camping, full-length photo, poseidon.",77:51,2,7.380235987,7.380235987,0.997,1,2,3,768,1344,704,33,EulerAncestralSampler,IdentityGuider,,TRUE,39,HeunEDMSampler,VanillaCFG,,TRUE,4:5,surreal_lighting,widescreen,0,3,manual,8,0.066,137,"https://firefly.adobe.com/generate/images?style=photo&seed=42&seed=242&seed=4242&seed=2442&prompt=Dog+laying+down+on+the+steps%2C+capri+coast%2C+cats+and+plants%2C+beach+bar%2C+view+from+window%2C+cinq+terre%2C+camping%2C+full-length+photo%2C+poseidon.&modelInputVersion=v2&aspectRatio=widescreen&creativity=3&guideStrength=0&exif={""mode""%3A""manual""%2C""details""%3A{""aperture""%3A8%2C""focal_length""%3A137%2C""shutter_speed""%3A0.066}}&style=surreal_lighting"
r15885978t,"River running through a city with a bridge, Rome in the background, photorealistic photo, ruin, attractive photo, ancient marble city.",134:89,1,3.982761209,3.982761209,0.998,1,3,3,768,1664,576,42,EulerEDMSampler,VanillaCFG,0.5504677184,TRUE,41,HeunEDMSampler,VanillaCFG,4.923826908,TRUE,4:5,closeup,square,0,4,auto,,,,"https://firefly.adobe.com/generate/images?style=photo&seed=42&seed=242&seed=4242&seed=2442&prompt=River+running+through+a+city+with+a+bridge%2C+Rome+in+the+background%2C+photorealistic+photo%2C+ruin%2C+attractive+photo%2C+ancient+marble+city.&modelInputVersion=v2&aspectRatio=square&creativity=4&guideStrength=0&exif={""mode""%3A""auto""}&style=closeup"
r15919202t,"Small onsen cabin on the shore of a lake, dolomites, july, displayed, onsen, sauna.",77:51,3,4.534241514,4.534241514,0.999,4,4,3,512,1088,896,39,EulerAncestralSampler,VanillaCFG,6.878139319,TRUE,34,HeunEDMSampler,VanillaCFG,2.285392203,TRUE,4:3,warm_colors,widescreen,0,8,auto,,,,"https://firefly.adobe.com/generate/images?style=photo&seed=42&seed=242&seed=4242&seed=2442&prompt=Small+onsen+cabin+on+the+shore+of+a+lake%2C+dolomites%2C+july%2C+displayed%2C+onsen%2C+sauna.&modelInputVersion=v2&aspectRatio=widescreen&creativity=8&guideStrength=0&exif={""mode""%3A""auto""}&style=warm_colors"
r1594b4b3t,"People walking around a plaza in front of a building, pantheon, at dusk lighting, outdoor photo, beautiful museum photo, church in the background, half-body shot, bright scene.",134:89,2,8.613183313,8.613183313,0.998,1,3,4,512,1024,960,45,EulerEDMSampler,VanillaCFG,4.901658575,TRUE,50,DPMPP2SAncestralSampler,VanillaCFG,3.559768399,TRUE,2:3,shot_from_above,square,0,7,manual,22,0.125,212,"https://firefly.adobe.com/generate/images?style=photo&seed=42&seed=242&seed=4242&seed=2442&prompt=People+walking+around+a+plaza+in+front+of+a+building%2C+pantheon%2C+at+dusk+lighting%2C+outdoor+photo%2C+beautiful+museum+photo%2C+church+in+the+background%2C+half-body+shot%2C+bright+scene.&modelInputVersion=v2&aspectRatio=square&creativity=7&guideStrength=0&exif={""mode""%3A""manual""%2C""details""%3A{""aperture""%3A22%2C""focal_length""%3A212%2C""shutter_speed""%3A0.125}}&style=shot_from_above"
r159d3942t,"Sign pointing in the direction of a trail, meadows, descriptive.",77:51,1,6.912287394,6.912287394,0.999,1,4,4,768,704,1408,45,EulerAncestralSampler,IdentityGuider,,TRUE,41,EulerEDMSampler,VanillaCFG,,TRUE,5:4,dark+harsh_light,square,50,2,auto,,,,"https://firefly.adobe.com/generate/images?style=photo&seed=42&seed=242&seed=4242&seed=2442&prompt=Sign+pointing+in+the+direction+of+a+trail%2C+meadows%2C+descriptive.&modelInputVersion=v2&aspectRatio=square&creativity=2&guideStrength=50&exif={""mode""%3A""auto""}&style=dark&style=harsh_light"
r15a0b476t,"Woman standing in front of a stone structure, ancient Rome man, rock columns, the place is just really small, a young man, imposing and dominating, heatwave",77:51,2,3.940150922,3.940150922,1,4,1,3,768,1344,768,44,HeunEDMSampler,IdentityGuider,,FALSE,,,,,,1:1,fisheye,landscape,0,5,auto,,,,"https://firefly.adobe.com/generate/images?style=photo&seed=42&seed=242&seed=4242&seed=2442&prompt=Woman+standing+in+front+of+a+stone+structure%2C+ancient+Rome+man%2C+rock+columns%2C+the+place+is+just+really+small%2C+a+young+man%2C+imposing+and+dominating%2C+heatwave&modelInputVersion=v2&aspectRatio=landscape&creativity=5&guideStrength=0&exif={""mode""%3A""auto""}&style=fisheye"
r15ab6ac6t,"Surfers in the ocean with their surfboards in the water, children playing at the beach, all alone, close full figure, washed-out.",134:89,3,5.176084229,5.176084229,1,2,2,3,768,832,1216,39,DPMPP2SAncestralSampler,VanillaCFG,5.568321597,FALSE,,,,,,16:9,isometric+monochromatic,square,50,9,auto,,,,"https://firefly.adobe.com/generate/images?style=photo&seed=42&seed=242&seed=4242&seed=2442&prompt=Surfers+in+the+ocean+with+their+surfboards+in+the+water%2C+children+playing+at+the+beach%2C+all+alone%2C+close+full+figure%2C+washed-out.&modelInputVersion=v2&aspectRatio=square&creativity=9&guideStrength=50&exif={""mode""%3A""auto""}&style=isometric&style=monochromatic"
r15c91802t,"Mountains and a city in the distance with a blue sky, real photo, reportage photo, partly cloudy day, diagonal composition, alpine climate.",77:51,2,5.752660901,5.752660901,0.997,2,1,3,768,1344,768,40,EulerEDMSampler,VanillaCFG,1.705034929,TRUE,42,HeunEDMSampler,VanillaCFG,4.933286907,FALSE,9:16,,square,0,7,auto,,,,"https://firefly.adobe.com/generate/images?style=photo&seed=42&seed=242&seed=4242&seed=2442&prompt=Mountains+and+a+city+in+the+distance+with+a+blue+sky%2C+real+photo%2C+reportage+photo%2C+partly+cloudy+day%2C+diagonal+composition%2C+alpine+climate.&modelInputVersion=v2&aspectRatio=square&creativity=7&guideStrength=0&exif={""mode""%3A""auto""}"
r15d1c836t,"Bench in the middle of a park, profile close-up view, lifestyle, outside, after the rain, relaxed expression, angled view, very relaxing.",188:125,2,6.846685562,6.846685562,0.997,4,2,2,768,1152,896,35,LinearMultistepSampler,VanillaCFG,6.983853446,FALSE,,,,,,1:2,shallow_depth_of_field,square,50,3,manual,2.8,0.016,272,"https://firefly.adobe.com/generate/images?style=photo&seed=42&seed=242&seed=4242&seed=2442&prompt=Bench+in+the+middle+of+a+park%2C+profile+close-up+view%2C+lifestyle%2C+outside%2C+after+the+rain%2C+relaxed+expression%2C+angled+view%2C+very+relaxing.&modelInputVersion=v2&aspectRatio=square&creativity=3&guideStrength=50&exif={""mode""%3A""manual""%2C""details""%3A{""aperture""%3A2.8%2C""focal_length""%3A272%2C""shutter_speed""%3A0.016}}&style=shallow_depth_of_field"
r15dcfacct,"Ceiling with a painting of angels and angels on it, night-time scene, intricately detailed markings, sheath, beautiful colorful tilework, climbing, an epic landscape, back towards camera.",51:77,3,5.230308705,5.230308705,0.999,1,5,0,512,896,1152,42,DPMPP2SAncestralSampler,VanillaCFG,5.631792933,TRUE,36,LinearMultistepSampler,VanillaCFG,3.640406543,FALSE,4:3,chaotic+low_lighting+photographed_through_window,square,50,5,manual,22,0.004,26,"https://firefly.adobe.com/generate/images?style=photo&seed=42&seed=242&seed=4242&seed=2442&prompt=Ceiling+with+a+painting+of+angels+and+angels+on+it%2C+night-time+scene%2C+intricately+detailed+markings%2C+sheath%2C+beautiful+colorful+tilework%2C+climbing%2C+an+epic+landscape%2C+back+towards+camera.&modelInputVersion=v2&aspectRatio=square&creativity=5&guideStrength=50&exif={""mode""%3A""manual""%2C""details""%3A{""aperture""%3A22%2C""focal_length""%3A26%2C""shutter_speed""%3A0.004}}&style=chaotic&style=low_lighting&style=photographed_through_window"
r15dfc1b8t,"Fly shot of a city skyline with a boat in the water, yellow clouds, low angle photo, high details photo, very soft shadowing, illustratioin.",89:134,4,5.253019707,5.253019707,0.998,2,4,0,768,1280,768,35,EulerAncestralSampler,VanillaCFG,5.170911049,TRUE,46,EulerAncestralSampler,VanillaCFG,3.626906816,TRUE,3:4,monochromatic+multiexposure,portrait,26,7,auto,,,,"https://firefly.adobe.com/generate/images?style=photo&seed=42&seed=242&seed=4242&seed=2442&prompt=Fly+shot+of+a+city+skyline+with+a+boat+in+the+water%2C+yellow+clouds%2C+low+angle+photo%2C+high+details+photo%2C+very+soft+shadowing%2C+illustratioin.&modelInputVersion=v2&aspectRatio=portrait&creativity=7&guideStrength=26&exif={""mode""%3A""auto""}&style=monochromatic&style=multiexposure"
r15eef8b9t,"Large room with a large painting on the wall, standing in front of the altar, red and white marble panels, no flash, stunnig, obelisk.",51:77,1,7.520846309,7.520846309,0.996,4,1,0,768,896,1152,39,EulerEDMSampler,IdentityGuider,,TRUE,42,LinearMultistepSampler,VanillaCFG,,TRUE,16:9,,square,100,8,manual,8,1,296,"https://firefly.adobe.com/generate/images?style=photo&seed=42&seed=242&seed=4242&seed=2442&prompt=Large+room+with+a+large+painting+on+the+wall%2C+standing+in+front+of+the+altar%2C+red+and+white+marble+panels%2C+no+flash%2C+stunnig%2C+obelisk.&modelInputVersion=v2&aspectRatio=square&creativity=8&guideStrength=100&exif={""mode""%3A""manual""%2C""details""%3A{""aperture""%3A8%2C""focal_length""%3A296%2C""shutter_speed""%3A1}}"
r15efd876t,"People standing around a table with candles and decorations, market, cabin lights, warm yellow lighting, leave.",77:51,1,3.551342052,3.551342052,0.998,2,1,3,768,1536,640,49,DPMPP2SAncestralSampler,VanillaCFG,4.924956577,FALSE,,,,,,4:3,underwater,portrait,47,5,auto,,,,"https://firefly.adobe.com/generate/images?style=photo&seed=42&seed=242&seed=4242&seed=2442&prompt=People+standing+around+a+table+with+candles+and+decorations%2C+market%2C+cabin+lights%2C+warm+yellow+lighting%2C+leave.&modelInputVersion=v2&aspectRatio=portrait&creativity=5&guideStrength=47&exif={""mode""%3A""auto""}&style=underwater"
r15f07f9dt,"Trees and bushes in a park with a view of a town, monastery, arrendajo in Avila pinewood, wedding, mountainside.",77:51,2,6.430418702,6.430418702,0.997,2,1,4,768,1344,704,50,DPMPP2MSampler,VanillaCFG,3.110504426,TRUE,37,LinearMultistepSampler,IdentityGuider,6.204881865,TRUE,2:3,low_lighting,portrait,50,3,manual,8,1,170,"https://firefly.adobe.com/generate/images?style=photo&seed=42&seed=242&seed=4242&seed=2442&prompt=Trees+and+bushes+in+a+park+with+a+view+of+a+town%2C+monastery%2C+arrendajo+in+Avila+pinewood%2C+wedding%2C+mountainside.&modelInputVersion=v2&aspectRatio=portrait&creativity=3&guideStrength=50&exif={""mode""%3A""manual""%2C""details""%3A{""aperture""%3A8%2C""focal_length""%3A170%2C""shutter_speed""%3A1}}&style=low_lighting"
r15f16465t,"Arch with a clock on top of it in a park, highly detailed rock structures, crisp photo.",89:134,3,6.517755331,6.517755331,0.999,4,3,4,768,1152,896,40,EulerAncestralSampler,VanillaCFG,2.300688735,TRUE,41,DPMPP2SAncestralSampler,VanillaCFG,6.044793198,TRUE,1:1,studio_light+shallow_depth_of_field,portrait,0,4,manual,16,0.125,163,"https://firefly.adobe.com/generate/images?style=photo&seed=42&seed=242&seed=4242&seed=2442&prompt=Arch+with+a+clock+on+top+of+it+in+a+park%2C+highly+detailed+rock+structures%2C+crisp+photo.&modelInputVersion=v2&aspectRatio=portrait&creativity=4&guideStrength=0&exif={""mode""%3A""manual""%2C""details""%3A{""aperture""%3A16%2C""focal_length""%3A163%2C""shutter_speed""%3A0.125}}&style=studio_light&style=shallow_depth_of_field"
r1602555bt,"View of a field and trees from a stone wall, dunes in the background, roof garden.",77:51,3,8.20111249,8.20111249,0.998,2,4,4,768,1088,960,36,EulerEDMSampler,VanillaCFG,6.358517257,FALSE,,,,,,5:4,long-time_exposure+landscape_photography,landscape,50,5,auto,,,,"https://firefly.adobe.com/generate/images?style=photo&seed=42&seed=242&seed=4242&seed=2442&prompt=View+of+a+field+and+trees+from+a+stone+wall%2C+dunes+in+the+background%2C+roof+garden.&modelInputVersion=v2&aspectRatio=landscape&creativity=5&guideStrength=50&exif={""mode""%3A""auto""}&style=long-time_exposure&style=landscape_photography"
r16113cc8t,"Large group of ruins in a field with trees, fountains and arches, estate agent listing photo, mezzanine, view from side, catacombs, pink marble building, folds of belly flab, roman emperor.",77:51,3,6.760368984,6.760368984,0.997,3,2,5,512,960,1088,42,LinearMultistepSampler,VanillaCFG,1.855331337,TRUE,38,EulerEDMSampler,VanillaCFG,5.626121246,TRUE,1:2,grainy_film+antique_photo+otherworldly_depiction+multiexposure+knolling,landscape,50,7,auto,,,,"https://firefly.adobe.com/generate/images?style=photo&seed=42&seed=242&seed=4242&seed=2442&prompt=Large+group+of+ruins+in+a+field+with+trees%2C+fountains+and+arches%2C+estate+agent+listing+photo%2C+mezzanine%2C+view+from+side%2C+catacombs%2C+pink+marble+building%2C+folds+of+belly+flab%2C+roman+emperor.&modelInputVersion=v2&aspectRatio=landscape&creativity=7&guideStrength=50&exif={""mode""%3A""auto""}&style=grainy_film&style=antique_photo&style=otherworldly_depiction&style=multiexposure&style=knolling"
r16144fa2t,"Skiers on a snowy mountain with a ski lift in the background, whitewashed buildings, interior of a mountain hut, people walking around.",77:51,3,4.234460939,4.234460939,0.999,2,4,5,768,1088,896,35,EulerEDMSampler,VanillaCFG,4.692312287,FALSE,,,,,,4:3,,widescreen,100,8,manual,16,0.5,104,"https://firefly.adobe.com/generate/images?style=photo&seed=42&seed=242&seed=4242&seed=2442&prompt=Skiers+on+a+snowy+mountain+with+a+ski+lift+in+the+background%2C+whitewashed+buildings%2C+interior+of+a+mountain+hut%2C+people+walking+around.&modelInputVersion=v2&aspectRatio=widescreen&creativity=8&guideStrength=100&exif={""mode""%3A""manual""%2C""details""%3A{""aperture""%3A16%2C""focal_length""%3A104%2C""shutter_speed""%3A0.5}}"
r1618da9dt,"Small vase with a flower on a table, shadows, red fluid on walls of the church, humid evening, plumeria, strange flowers, but very good looking, at night time, pink and orange colors, seeds.",77:51,3,7.890238831,7.890238831,0.998,1,5,4,512,832,1152,29,HeunEDMSampler,VanillaCFG,5.927783808,FALSE,,,,,,4:3,shot_from_below,portrait,0,6,auto,,,,"https://firefly.adobe.com/generate/images?style=photo&seed=42&seed=242&seed=4242&seed=2442&prompt=Small+vase+with+a+flower+on+a+table%2C+shadows%2C+red+fluid+on+walls+of+the+church%2C+humid+evening%2C+plumeria%2C+strange+flowers%2C+but+very+good+looking%2C+at+night+time%2C+pink+and+orange+colors%2C+seeds.&modelInputVersion=v2&aspectRatio=portrait&creativity=6&guideStrength=0&exif={""mode""%3A""auto""}&style=shot_from_below"
r16192cf0t,"Red door and a window in a stone building, snowy Italian road, snow flurries, gold and green, texture detail, twins, still life with snow, rich in texture.",77:51,3,6.825004045,6.825004045,0.999,2,3,3,512,768,1344,39,EulerEDMSampler,VanillaCFG,5.27553109,TRUE,41,LinearMultistepSampler,VanillaCFG,5.577245821,TRUE,16:9,surreal_lighting+closeup,portrait,0,3,auto,,,,"https://firefly.adobe.com/generate/images?style=photo&seed=42&seed=242&seed=4242&seed=2442&prompt=Red+door+and+a+window+in+a+stone+building%2C+snowy+Italian+road%2C+snow+flurries%2C+gold+and+green%2C+texture+detail%2C+twins%2C+still+life+with+snow%2C+rich+in+texture.&modelInputVersion=v2&aspectRatio=portrait&creativity=3&guideStrength=0&exif={""mode""%3A""auto""}&style=surreal_lighting&style=closeup"
r162b2209t,"Cow standing in the grass near a bush, in the Dolomites, detailed background, walking down, at midday, compassion.",77:51,1,5.224800752,5.224800752,0.999,4,3,2,512,704,1408,47,DPMPP2MSampler,IdentityGuider,,TRUE,48,EulerEDMSampler,VanillaCFG,,FALSE,2:1,dark,square,0,9,manual,2.8,0.004,68,"https://firefly.adobe.com/generate/images?style=photo&seed=42&seed=242&seed=4242&seed=2442&prompt=Cow+standing+in+the+grass+near+a+bush%2C+in+the+Dolomites%2C+detailed+background%2C+walking+down%2C+at+midday%2C+compassion.&modelInputVersion=v2&aspectRatio=square&creativity=9&guideStrength=0&exif={""mode""%3A""manual""%2C""details""%3A{""aperture""%3A2.8%2C""focal_length""%3A68%2C""shutter_speed""%3A0.004}}&style=dark"
r163317d6t,"Mountains with trees and a road in the foreground, spring season, bleached, view from side, hay, fir trees, Italy, blue, barren, high-detailed.",134:89,3,3.098903602,3.098903602,0.996,2,2,0,768,1152,832,46,DPMPP2SAncestralSampler,VanillaCFG,3.18502075,FALSE,,,,,,5:4,golden_hour+macrophotography,portrait,100,8,manual,8,0.004,108,"https://firefly.adobe.com/generate/images?style=photo&seed=42&seed=242&seed=4242&seed=2442&prompt=Mountains+with+trees+and+a+road+in+the+foreground%2C+spring+season%2C+bleached%2C+view+from+side%2C+hay%2C+fir+trees%2C+Italy%2C+blue%2C+barren%2C+high-detailed.&modelInputVersion=v2&aspectRatio=portrait&creativity=8&guideStrength=100&exif={""mode""%3A""manual""%2C""details""%3A{""aperture""%3A8%2C""focal_length""%3A108%2C""shutter_speed""%3A0.004}}&style=golden_hour&style=macrophotography"
r163967d4t,"Large building with a clock tower on the top, contrast light, royal court, golden hour photo, stone roof, clear blue sky.",134:89,2,4.944490626,4.944490626,1,1,2,3,512,1728,576,37,LinearMultistepSampler,VanillaCFG,4.884438769,FALSE,,,,,,3:2,vibrant_colors,square,50,5,auto,,,,"https://firefly.adobe.com/generate/images?style=photo&seed=42&seed=242&seed=4242&seed=2442&prompt=Large+building+with+a+clock+tower+on+the+top%2C+contrast+light%2C+royal+court%2C+golden+hour+photo%2C+stone+roof%2C+clear+blue+sky.&modelInputVersion=v2&aspectRatio=square&creativity=5&guideStrength=50&exif={""mode""%3A""auto""}&style=vibrant_colors"
r1639a65ct,"Flock of birds in a field of grass near a large building, royal palace, vandalism, relaxing environment.",134:89,2,2.552020813,2.552020813,0.999,3,2,4,768,896,1088,40,EulerAncestralSampler,IdentityGuider,,TRUE,41,DPMPP2SAncestralSampler,VanillaCFG,,FALSE,5:4,,widescreen,72,4,auto,,,,"https://firefly.adobe.com/generate/images?style=photo&seed=42&seed=242&seed=4242&seed=2442&prompt=Flock+of+birds+in+a+field+of+grass+near+a+large+building%2C+royal+palace%2C+vandalism%2C+relaxing+environment.&modelInputVersion=v2&aspectRatio=widescreen&creativity=4&guideStrength=72&exif={""mode""%3A""auto""}"
r16422663t,"Statue of a woman holding a spear and a shield, Apulia, lot of detail, saluting, overlooking, French features, weathered artifacts, astrology, empress.",77:51,2,5.054600803,5.054600803,0.999,4,3,5,768,704,1344,36,EulerEDMSampler,IdentityGuider,,FALSE,,,,,,4:3,multiexposure,square,14,2,manual,8,0.5,204,"https://firefly.adobe.com/generate/images?style=photo&seed=42&seed=242&seed=4242&seed=2442&prompt=Statue+of+a+woman+holding+a+spear+and+a+shield%2C+Apulia%2C+lot+of+detail%2C+saluting%2C+overlooking%2C+French+features%2C+weathered+artifacts%2C+astrology%2C+empress.&modelInputVersion=v2&aspectRatio=square&creativity=2&guideStrength=14&exif={""mode""%3A""manual""%2C""details""%3A{""aperture""%3A8%2C""focal_length""%3A204%2C""shutter_speed""%3A0.5}}&style=multiexposure"
r1644d874t,"Ceiling with a painting and a clock in a room, golden pauldrons, rich picturesque colors, indoor picture, above side view, bas-relief, Raphael style, an intricate.",51:77,4,8.156920681,8.156920681,0.999,2,5,4,768,1088,960,44,LinearMultistepSampler,VanillaCFG,5.80898913,TRUE,35,DPMPP2MSampler,VanillaCFG,3.828753062,FALSE,3:4,antique_photo,portrait,100,10,manual,2.8,0.0006,107,"https://firefly.adobe.com/generate/images?style=photo&seed=42&seed=242&seed=4242&seed=2442&prompt=Ceiling+with+a+painting+and+a+clock+in+a+room%2C+golden+pauldrons%2C+rich+picturesque+colors%2C+indoor+picture%2C+above+side+view%2C+bas-relief%2C+Raphael+style%2C+an+intricate.&modelInputVersion=v2&aspectRatio=portrait&creativity=10&guideStrength=100&exif={""mode""%3A""manual""%2C""details""%3A{""aperture""%3A2.8%2C""focal_length""%3A107%2C""shutter_speed""%3A0.0006}}&style=antique_photo"
r1645a09ct,"Many windows on the building with plants growing on them, Italian Renaissance architecture, crenellated balconies, beautiful house, beautiful terrace, in style of Leonardo da Vinci, side, above view.",77:51,1,3.018705205,3.018705205,0.999,3,1,3,768,896,1152,42,DPMPP2SAncestralSampler,VanillaCFG,5.568592689,FALSE,,,,,,9:16,macrophotography,portrait,0,7,manual,22,1,62,"https://firefly.adobe.com/generate/images?style=photo&seed=42&seed=242&seed=4242&seed=2442&prompt=Many+windows+on+the+building+with+plants+growing+on+them%2C+Italian+Renaissance+architecture%2C+crenellated+balconies%2C+beautiful+house%2C+beautiful+terrace%2C+in+style+of+Leonardo+da+Vinci%2C+side%2C+above+view.&modelInputVersion=v2&aspectRatio=portrait&creativity=7&guideStrength=0&exif={""mode""%3A""manual""%2C""details""%3A{""aperture""%3A22%2C""focal_length""%3A62%2C""shutter_speed""%3A1}}&style=macrophotography"
r164c1e13t,"Statue of a woman sitting on a bench in a museum, princess in foreground, Greek marble statue, ancient Roman setting, on display in the Louvre, very fine detail, morphosis, Olympus, statue of Venus Callipygian, inside a grand, wonderful masterpiece.",77:51,3,6.55514832,6.55514832,0.999,1,2,0,512,1728,576,47,EulerAncestralSampler,VanillaCFG,5.545112684,TRUE,35,HeunEDMSampler,VanillaCFG,6.961708457,TRUE,9:16,muted,widescreen,100,10,auto,,,,"https://firefly.adobe.com/generate/images?style=photo&seed=42&seed=242&seed=4242&seed=2442&prompt=Statue+of+a+woman+sitting+on+a+bench+in+a+museum%2C+princess+in+foreground%2C+Greek+marble+statue%2C+ancient+Roman+setting%2C+on+display+in+the+Louvre%2C+very+fine+detail%2C+morphosis%2C+Olympus%2C+statue+of+Venus+Callipygian%2C+inside+a+grand%2C+wonderful+masterpiece.&modelInputVersion=v2&aspectRatio=widescreen&creativity=10&guideStrength=100&exif={""mode""%3A""auto""}&style=muted"
r16509308t,"Sunset over the water with a boat in the foreground, Venice Biennale, cotton candy clouds, photo taken from a boat, lagoon, landscape wide shot, crimson peek, 2017.",77:51,3,5.377269999,5.377269999,0.998,1,2,1,768,896,1088,44,HeunEDMSampler,VanillaCFG,6.976147492,FALSE,,,,,,4:5,,landscape,0,7,auto,,,,"https://firefly.adobe.com/generate/images?style=photo&seed=42&seed=242&seed=4242&seed=2442&prompt=Sunset+over+the+water+with+a+boat+in+the+foreground%2C+Venice+Biennale%2C+cotton+candy+clouds%2C+photo+taken+from+a+boat%2C+lagoon%2C+landscape+wide+shot%2C+crimson+peek%2C+2017.&modelInputVersion=v2&aspectRatio=landscape&creativity=7&guideStrength=0&exif={""mode""%3A""auto""}"
r165355c0t,"Woman walking in a courtyard with a suitcase, Conversano, circular towers, center of picture, museum photo, eyeballs in the walls, barracks, ball, antenna, Scaramouch, car, stern.",188:125,1,3.880094964,3.880094964,0.997,4,2,2,768,704,1408,46,HeunEDMSampler,IdentityGuider,,TRUE,45,HeunEDMSampler,VanillaCFG,,TRUE,9:16,bw+dramatic_light+shallow_depth_of_field,portrait,100,7,auto,,,,"https://firefly.adobe.com/generate/images?style=photo&seed=42&seed=242&seed=4242&seed=2442&prompt=Woman+walking+in+a+courtyard+with+a+suitcase%2C+Conversano%2C+circular+towers%2C+center+of+picture%2C+museum+photo%2C+eyeballs+in+the+walls%2C+barracks%2C+ball%2C+antenna%2C+Scaramouch%2C+car%2C+stern.&modelInputVersion=v2&aspectRatio=portrait&creativity=7&guideStrength=100&exif={""mode""%3A""auto""}&style=bw&style=dramatic_light&style=shallow_depth_of_field"
r1655a008t,"Small village in the middle of a green valley, church background, detailed zoom photo, August, beautiful, schnapps, hanging.",77:51,4,7.372033397,7.372033397,0.998,3,2,2,768,896,1152,30,DPMPP2MSampler,IdentityGuider,,TRUE,38,DPMPP2SAncestralSampler,VanillaCFG,,TRUE,4:3,harsh_light,square,100,10,manual,1.4,0.008,41,"https://firefly.adobe.com/generate/images?style=photo&seed=42&seed=242&seed=4242&seed=2442&prompt=Small+village+in+the+middle+of+a+green+valley%2C+church+background%2C+detailed+zoom+photo%2C+August%2C+beautiful%2C+schnapps%2C+hanging.&modelInputVersion=v2&aspectRatio=square&creativity=10&guideStrength=100&exif={""mode""%3A""manual""%2C""details""%3A{""aperture""%3A1.4%2C""focal_length""%3A41%2C""shutter_speed""%3A0.008}}&style=harsh_light"
r165fbf4ft,"Wooden dock on the water with a boat in the distance, pine trees in the background, benches, swimming, open space.",77:51,1,2.816143952,2.816143952,0.998,1,3,3,512,1728,576,42,HeunEDMSampler,VanillaCFG,8.235795671,TRUE,39,DPMPP2SAncestralSampler,VanillaCFG,5.986624334,TRUE,2:3,,portrait,60,9,manual,5.6,0.004,205,"https://firefly.adobe.com/generate/images?style=photo&seed=42&seed=242&seed=4242&seed=2442&prompt=Wooden+dock+on+the+water+with+a+boat+in+the+distance%2C+pine+trees+in+the+background%2C+benches%2C+swimming%2C+open+space.&modelInputVersion=v2&aspectRatio=portrait&creativity=9&guideStrength=60&exif={""mode""%3A""manual""%2C""details""%3A{""aperture""%3A5.6%2C""focal_length""%3A205%2C""shutter_speed""%3A0.004}}"
r1661f358t,"Cow standing on a hill with a lot of trees, rocky mountains, golden autumn, on a cloudy day, garis edelweiss, Fantasia photo, bog, Valle dei Templi.",77:51,1,6.491602094,6.491602094,0.998,3,2,3,768,1024,1024,43,LinearMultistepSampler,VanillaCFG,3.911898284,FALSE,,,,,,1:1,warm_colors+dramatic_light+shot_from_above,square,0,2,auto,,,,"https://firefly.adobe.com/generate/images?style=photo&seed=42&seed=242&seed=4242&seed=2442&prompt=Cow+standing+on+a+hill+with+a+lot+of+trees%2C+rocky+mountains%2C+golden+autumn%2C+on+a+cloudy+day%2C+garis+edelweiss%2C+Fantasia+photo%2C+bog%2C+Valle+dei+Templi.&modelInputVersion=v2&aspectRatio=square&creativity=2&guideStrength=0&exif={""mode""%3A""auto""}&style=warm_colors&style=dramatic_light&style=shot_from_above"
r16654024t,"Many red flowers blooming in the garden, feathery fluff, tulips, jagged edges, bombshell, artifact.",77:51,1,4.304942661,4.304942661,0.999,2,2,3,768,832,1216,40,DPMPP2SAncestralSampler,VanillaCFG,6.02224243,TRUE,45,DPMPP2SAncestralSampler,VanillaCFG,2.007082304,TRUE,4:5,harsh_light,square,42,2,manual,8,0.016,204,"https://firefly.adobe.com/generate/images?style=photo&seed=42&seed=242&seed=4242&seed=2442&prompt=Many+red+flowers+blooming+in+the+garden%2C+feathery+fluff%2C+tulips%2C+jagged+edges%2C+bombshell%2C+artifact.&modelInputVersion=v2&aspectRatio=square&creativity=2&guideStrength=42&exif={""mode""%3A""manual""%2C""details""%3A{""aperture""%3A8%2C""focal_length""%3A204%2C""shutter_speed""%3A0.016}}&style=harsh_light"
r16698b6et,"Small pond with a few birds in it, vibrant autumn colors, green flush moss, glacier, overgrowth of grass, taiga landscape, hay.",77:51,2,4.091249157,4.091249157,0.999,3,0,3,512,1408,704,39,EulerAncestralSampler,IdentityGuider,,TRUE,40,DPMPP2SAncestralSampler,VanillaCFG,,TRUE,1:1,maximalism+knolling,landscape,100,3,manual,1.2,0.5,275,"https://firefly.adobe.com/generate/images?style=photo&seed=42&seed=242&seed=4242&seed=2442&prompt=Small+pond+with+a+few+birds+in+it%2C+vibrant+autumn+colors%2C+green+flush+moss%2C+glacier%2C+overgrowth+of+grass%2C+taiga+landscape%2C+hay.&modelInputVersion=v2&aspectRatio=landscape&creativity=3&guideStrength=100&exif={""mode""%3A""manual""%2C""details""%3A{""aperture""%3A1.2%2C""focal_length""%3A275%2C""shutter_speed""%3A0.5}}&style=maximalism&style=knolling"
r1683028at,"Many people walking in a crowded city street, dress in the style of rococo, Venice, winter sun, reportage photo, mime, shining gold and black and red, during the day, celebrating.",51:77,3,2.862023617,2.862023617,0.999,4,2,0,768,768,1344,33,LinearMultistepSampler,VanillaCFG,3.980818548,TRUE,40,EulerEDMSampler,IdentityGuider,3.32559166,TRUE,1:2,underwater+dramatic_light,widescreen,0,9,manual,2,0.125,72,"https://firefly.adobe.com/generate/images?style=photo&seed=42&seed=242&seed=4242&seed=2442&prompt=Many+people+walking+in+a+crowded+city+street%2C+dress+in+the+style+of+rococo%2C+Venice%2C+winter+sun%2C+reportage+photo%2C+mime%2C+shining+gold+and+black+and+red%2C+during+the+day%2C+celebrating.&modelInputVersion=v2&aspectRatio=widescreen&creativity=9&guideStrength=0&exif={""mode""%3A""manual""%2C""details""%3A{""aperture""%3A2%2C""focal_length""%3A72%2C""shutter_speed""%3A0.125}}&style=underwater&style=dramatic_light"
r1694427et,"Statue of a man on top of a pillar, in the early morning, rosette, sicilian, revolution, dragon in the sky, cosmopolitan.",89:134,3,4.32647622,4.32647622,0.996,4,3,2,512,1472,704,38,EulerAncestralSampler,IdentityGuider,,TRUE,38,DPMPP2MSampler,IdentityGuider,,FALSE,2:3,product_photo,square,0,5,auto,,,,"https://firefly.adobe.com/generate/images?style=photo&seed=42&seed=242&seed=4242&seed=2442&prompt=Statue+of+a+man+on+top+of+a+pillar%2C+in+the+early+morning%2C+rosette%2C+sicilian%2C+revolution%2C+dragon+in+the+sky%2C+cosmopolitan.&modelInputVersion=v2&aspectRatio=square&creativity=5&guideStrength=0&exif={""mode""%3A""auto""}&style=product_photo"
r169a9b07t,"Screen showing a presentation on a projector screen, document photo, signed, form, research complex, in a cinema, workshop, awards, from the side, blank, 1/4 profile.",188:125,2,6.183100641,6.183100641,0.999,2,5,5,512,960,1024,41,DPMPP2SAncestralSampler,IdentityGuider,,TRUE,40,EulerEDMSampler,VanillaCFG,,TRUE,2:1,bokeh+vibrant_colors+low_lighting,square,0,5,auto,,,,"https://firefly.adobe.com/generate/images?style=photo&seed=42&seed=242&seed=4242&seed=2442&prompt=Screen+showing+a+presentation+on+a+projector+screen%2C+document+photo%2C+signed%2C+form%2C+research+complex%2C+in+a+cinema%2C+workshop%2C+awards%2C+from+the+side%2C+blank%2C+1/4+profile.&modelInputVersion=v2&aspectRatio=square&creativity=5&guideStrength=0&exif={""mode""%3A""auto""}&style=bokeh&style=vibrant_colors&style=low_lighting"
r169c7350t,"Stone pillar in the middle of a stone walkway, vietnamese temple scene, huge old ruins, editorial, hills, ancient temple ruins, terraces, denning.",77:51,1,4.058412773,4.058412773,0.996,4,0,2,512,1280,768,45,LinearMultistepSampler,VanillaCFG,3.889977965,TRUE,33,DPMPP2MSampler,VanillaCFG,1.661987506,TRUE,1:2,misty+grainy_film,portrait,0,7,manual,2.8,1,246,"https://firefly.adobe.com/generate/images?style=photo&seed=42&seed=242&seed=4242&seed=2442&prompt=Stone+pillar+in+the+middle+of+a+stone+walkway%2C+vietnamese+temple+scene%2C+huge+old+ruins%2C+editorial%2C+hills%2C+ancient+temple+ruins%2C+terraces%2C+denning.&modelInputVersion=v2&aspectRatio=portrait&creativity=7&guideStrength=0&exif={""mode""%3A""manual""%2C""details""%3A{""aperture""%3A2.8%2C""focal_length""%3A246%2C""shutter_speed""%3A1}}&style=misty&style=grainy_film"
r169f694ft,"Road going down a hill with a few houses on it, black forest, verdant field in the foreground, soft mist, picnic, ocher, areuz.",77:51,4,3.054767837,3.054767837,0.996,2,2,1,768,960,1024,39,EulerAncestralSampler,IdentityGuider,,TRUE,37,DPMPP2SAncestralSampler,VanillaCFG,,TRUE,2:3,muted,portrait,50,3,auto,,,,"https://firefly.adobe.com/generate/images?style=photo&seed=42&seed=242&seed=4242&seed=2442&prompt=Road+going+down+a+hill+with+a+few+houses+on+it%2C+black+forest%2C+verdant+field+in+the+foreground%2C+soft+mist%2C+picnic%2C+ocher%2C+areuz.&modelInputVersion=v2&aspectRatio=portrait&creativity=3&guideStrength=50&exif={""mode""%3A""auto""}&style=muted"
r16a02a12t,"Mountains in the distance with a few trees and a rider, panoramic anamorphic photo, a small medieval village, clear day, february), high rocks, torii in a mountain with trees, squinting at high noon.",89:134,3,3.224049295,3.224049295,0.997,2,1,0,768,704,1344,39,HeunEDMSampler,VanillaCFG,8.985200695,TRUE,31,LinearMultistepSampler,VanillaCFG,3.094253576,TRUE,5:4,macrophotography,portrait,100,10,auto,,,,"https://firefly.adobe.com/generate/images?style=photo&seed=42&seed=242&seed=4242&seed=2442&prompt=Mountains+in+the+distance+with+a+few+trees+and+a+rider%2C+panoramic+anamorphic+photo%2C+a+small+medieval+village%2C+clear+day%2C+february)%2C+high+rocks%2C+torii+in+a+mountain+with+trees%2C+squinting+at+high+noon.&modelInputVersion=v2&aspectRatio=portrait&creativity=10&guideStrength=100&exif={""mode""%3A""auto""}&style=macrophotography"
r16d46fa3t,"Two pairs of shoes and a bag on the floor, black boots, wide leather boots, rugged, nubulae, docks, slate, trip, in style of firefly movie, italian style, in small room.",89:134,3,7.158645513,7.158645513,0.995,2,2,3,768,832,1216,28,DPMPP2MSampler,IdentityGuider,,FALSE,,,,,,5:4,pastel_colors+wide_angle,landscape,35,8,manual,2,0.0006,120,"https://firefly.adobe.com/generate/images?style=photo&seed=42&seed=242&seed=4242&seed=2442&prompt=Two+pairs+of+shoes+and+a+bag+on+the+floor%2C+black+boots%2C+wide+leather+boots%2C+rugged%2C+nubulae%2C+docks%2C+slate%2C+trip%2C+in+style+of+firefly+movie%2C+italian+style%2C+in+small+room.&modelInputVersion=v2&aspectRatio=landscape&creativity=8&guideStrength=35&exif={""mode""%3A""manual""%2C""details""%3A{""aperture""%3A2%2C""focal_length""%3A120%2C""shutter_speed""%3A0.0006}}&style=pastel_colors&style=wide_angle"
r16d6c35dt,"Cars parked in a parking lot next to a tall building, red wall, vibrant but dreary orange, ancient library, city park, long street, entrance.",51:77,1,3.226675571,3.226675571,0.999,3,2,3,768,1472,704,35,DPMPP2MSampler,IdentityGuider,,FALSE,,,,,,3:4,,square,100,2,manual,2,0.0006,229,"https://firefly.adobe.com/generate/images?style=photo&seed=42&seed=242&seed=4242&seed=2442&prompt=Cars+parked+in+a+parking+lot+next+to+a+tall+building%2C+red+wall%2C+vibrant+but+dreary+orange%2C+ancient+library%2C+city+park%2C+long+street%2C+entrance.&modelInputVersion=v2&aspectRatio=square&creativity=2&guideStrength=100&exif={""mode""%3A""manual""%2C""details""%3A{""aperture""%3A2%2C""focal_length""%3A229%2C""shutter_speed""%3A0.0006}}"
r16da5576t,"Statue of a man with a beard and a beardless face, wave a hand at the camera, inside a marble, arms extended, hortorium, french features, close photo.",77:51,4,2.579950204,2.579950204,0.997,1,4,3,512,768,1344,44,DPMPP2SAncestralSampler,VanillaCFG,4.588315184,FALSE,,,,,,1:2,vibrant_colors+harsh_light,portrait,0,9,auto,,,,"https://firefly.adobe.com/generate/images?style=photo&seed=42&seed=242&seed=4242&seed=2442&prompt=Statue+of+a+man+with+a+beard+and+a+beardless+face%2C+wave+a+hand+at+the+camera%2C+inside+a+marble%2C+arms+extended%2C+hortorium%2C+french+features%2C+close+photo.&modelInputVersion=v2&aspectRatio=portrait&creativity=9&guideStrength=0&exif={""mode""%3A""auto""}&style=vibrant_colors&style=harsh_light"
r16dca6f2t,"Trees on the hill behind the buildings, swiss architecture, river island, majestic spires, white marble buildings, gothic building style, christ the redeemer, tiara, duck, construction.",77:51,1,6.354310233,6.354310233,0.997,2,0,4,768,1088,960,31,EulerAncestralSampler,VanillaCFG,7.5917859,TRUE,34,EulerAncestralSampler,IdentityGuider,2.148823432,TRUE,16:9,,widescreen,50,3,manual,16,0.125,223,"https://firefly.adobe.com/generate/images?style=photo&seed=42&seed=242&seed=4242&seed=2442&prompt=Trees+on+the+hill+behind+the+buildings%2C+swiss+architecture%2C+river+island%2C+majestic+spires%2C+white+marble+buildings%2C+gothic+building+style%2C+christ+the+redeemer%2C+tiara%2C+duck%2C+construction.&modelInputVersion=v2&aspectRatio=widescreen&creativity=3&guideStrength=50&exif={""mode""%3A""manual""%2C""details""%3A{""aperture""%3A16%2C""focal_length""%3A223%2C""shutter_speed""%3A0.125}}"
r16ea6386t,"Ceiling with a clock in a large building with columns, worship of the pope, golden inlays, intricated detailed, golden pyramids, ancient Roman mosaic, carved in wood, sistina.",77:51,2,3.523770764,3.523770764,0.998,3,0,4,512,1024,960,42,HeunEDMSampler,IdentityGuider,,TRUE,37,DPMPP2MSampler,VanillaCFG,,TRUE,3:4,underwater+dramatic_light+wide_angle,landscape,50,3,manual,2.8,0.125,41,"https://firefly.adobe.com/generate/images?style=photo&seed=42&seed=242&seed=4242&seed=2442&prompt=Ceiling+with+a+clock+in+a+large+building+with+columns%2C+worship+of+the+pope%2C+golden+inlays%2C+intricated+detailed%2C+golden+pyramids%2C+ancient+Roman+mosaic%2C+carved+in+wood%2C+sistina.&modelInputVersion=v2&aspectRatio=landscape&creativity=3&guideStrength=50&exif={""mode""%3A""manual""%2C""details""%3A{""aperture""%3A2.8%2C""focal_length""%3A41%2C""shutter_speed""%3A0.125}}&style=underwater&style=dramatic_light&style=wide_angle"
r170632f5t,"Man on a boat going down the river, flowerbeds, the Netherlands, walk in a funeral procession, spring day, in the park, vendors, ivory, lifestyle.",77:51,1,8.715533319,8.715533319,0.998,3,2,4,768,1728,576,42,HeunEDMSampler,VanillaCFG,5.535801834,TRUE,36,LinearMultistepSampler,IdentityGuider,6.621903752,FALSE,1:2,cool_colors+harsh_light,portrait,0,6,auto,,,,"https://firefly.adobe.com/generate/images?style=photo&seed=42&seed=242&seed=4242&seed=2442&prompt=Man+on+a+boat+going+down+the+river%2C+flowerbeds%2C+the+Netherlands%2C+walk+in+a+funeral+procession%2C+spring+day%2C+in+the+park%2C+vendors%2C+ivory%2C+lifestyle.&modelInputVersion=v2&aspectRatio=portrait&creativity=6&guideStrength=0&exif={""mode""%3A""auto""}&style=cool_colors&style=harsh_light"
r170b020bt,"View of a large cathedral with a clock tower, tall flowers, Paris Fashion Week, portrait mode photo, vibrant greenery outside, gargoyle, climbing, high-quality photo, USA.",51:77,1,8.266812312,8.266812312,0.996,2,1,3,512,1536,640,30,DPMPP2MSampler,IdentityGuider,,FALSE,,,,,,16:9,fisheye+product_photo+grainy_film+bokeh+closeup,landscape,100,6,auto,,,,"https://firefly.adobe.com/generate/images?style=photo&seed=42&seed=242&seed=4242&seed=2442&prompt=View+of+a+large+cathedral+with+a+clock+tower%2C+tall+flowers%2C+Paris+Fashion+Week%2C+portrait+mode+photo%2C+vibrant+greenery+outside%2C+gargoyle%2C+climbing%2C+high-quality+photo%2C+USA.&modelInputVersion=v2&aspectRatio=landscape&creativity=6&guideStrength=100&exif={""mode""%3A""auto""}&style=fisheye&style=product_photo&style=grainy_film&style=bokeh&style=closeup"
r170df29ct,"Boats docked near a pier with a Canadian flag flying, Swiss architecture, viewed from far away, pillar, carnival, city 17, colonnade, cedar, hedge, duck.",77:51,3,5.433679719,5.433679719,0.997,3,0,3,768,960,1088,37,HeunEDMSampler,IdentityGuider,,TRUE,38,EulerEDMSampler,VanillaCFG,,TRUE,9:16,studio_light,square,18,8,auto,,,,"https://firefly.adobe.com/generate/images?style=photo&seed=42&seed=242&seed=4242&seed=2442&prompt=Boats+docked+near+a+pier+with+a+Canadian+flag+flying%2C+Swiss+architecture%2C+viewed+from+far+away%2C+pillar%2C+carnival%2C+city+17%2C+colonnade%2C+cedar%2C+hedge%2C+duck.&modelInputVersion=v2&aspectRatio=square&creativity=8&guideStrength=18&exif={""mode""%3A""auto""}&style=studio_light"
r1717ae55t,"Bowl of mussels and vegetables on a table, northern France, steaming food on the stove, Sicilian, shield, closeup photo.",134:89,2,5.254920695,5.254920695,0.999,4,3,0,512,832,1152,45,EulerEDMSampler,VanillaCFG,7.267884038,FALSE,,,,,,2:1,monochromatic+multiexposure,widescreen,0,6,auto,,,,"https://firefly.adobe.com/generate/images?style=photo&seed=42&seed=242&seed=4242&seed=2442&prompt=Bowl+of+mussels+and+vegetables+on+a+table%2C+northern+France%2C+steaming+food+on+the+stove%2C+Sicilian%2C+shield%2C+closeup+photo.&modelInputVersion=v2&aspectRatio=widescreen&creativity=6&guideStrength=0&exif={""mode""%3A""auto""}&style=monochromatic&style=multiexposure"
r171d73aat,"Mountains in the background with snow on the ground and a person standing on a bench, a small medieval village, clear day, sportspalast amphitheatre, perfect scene, suntur.",77:51,4,6.329121588,6.329121588,0.996,2,0,1,768,832,1152,43,DPMPP2MSampler,VanillaCFG,5.55899868,TRUE,39,LinearMultistepSampler,VanillaCFG,3.148594142,TRUE,3:2,low_lighting+closeup,landscape,50,4,auto,,,,"https://firefly.adobe.com/generate/images?style=photo&seed=42&seed=242&seed=4242&seed=2442&prompt=Mountains+in+the+background+with+snow+on+the+ground+and+a+person+standing+on+a+bench%2C+a+small+medieval+village%2C+clear+day%2C+sportspalast+amphitheatre%2C+perfect+scene%2C+suntur.&modelInputVersion=v2&aspectRatio=landscape&creativity=4&guideStrength=50&exif={""mode""%3A""auto""}&style=low_lighting&style=closeup"
r171eeaf8t,"Snowy hill with a fence and a fenced-in area, in sunny weather, residential area, benches, beatiful house.",77:51,4,3.312249272,3.312249272,1,1,0,2,768,896,1088,39,LinearMultistepSampler,VanillaCFG,8.459061237,TRUE,37,EulerAncestralSampler,VanillaCFG,4.904468001,FALSE,5:4,gomori_photography+antique_photo+monochromatic+multiexposure+landscape_photography,square,50,3,manual,4,0.004,160,"https://firefly.adobe.com/generate/images?style=photo&seed=42&seed=242&seed=4242&seed=2442&prompt=Snowy+hill+with+a+fence+and+a+fenced-in+area%2C+in+sunny+weather%2C+residential+area%2C+benches%2C+beatiful+house.&modelInputVersion=v2&aspectRatio=square&creativity=3&guideStrength=50&exif={""mode""%3A""manual""%2C""details""%3A{""aperture""%3A4%2C""focal_length""%3A160%2C""shutter_speed""%3A0.004}}&style=gomori_photography&style=antique_photo&style=monochromatic&style=multiexposure&style=landscape_photography"
r17217693t,"Train going down the tracks in the grass, swiss modernizm, linden trees, voge photo.",77:51,1,6.864185676,6.864185676,0.999,1,1,4,512,1600,640,34,DPMPP2MSampler,IdentityGuider,,FALSE,,,,,,3:4,,widescreen,33,8,auto,,,,"https://firefly.adobe.com/generate/images?style=photo&seed=42&seed=242&seed=4242&seed=2442&prompt=Train+going+down+the+tracks+in+the+grass%2C+swiss+modernizm%2C+linden+trees%2C+voge+photo.&modelInputVersion=v2&aspectRatio=widescreen&creativity=8&guideStrength=33&exif={""mode""%3A""auto""}"
r17228bbdt,"Wooden bench with a rusted seat and a chain, abandoned railroads, seventies era, arbor, faded red and yellow.",77:51,2,8.385491417,8.385491417,0.996,3,1,3,768,1664,576,37,HeunEDMSampler,IdentityGuider,,TRUE,51,EulerEDMSampler,VanillaCFG,,TRUE,1:1,,landscape,100,6,auto,,,,"https://firefly.adobe.com/generate/images?style=photo&seed=42&seed=242&seed=4242&seed=2442&prompt=Wooden+bench+with+a+rusted+seat+and+a+chain%2C+abandoned+railroads%2C+seventies+era%2C+arbor%2C+faded+red+and+yellow.&modelInputVersion=v2&aspectRatio=landscape&creativity=6&guideStrength=100&exif={""mode""%3A""auto""}"
r173ee7e8t,"Arch with statues and a clock on top of it, bottom view, cinematic Paris, symmetrical doorway, presidential.",77:51,2,6.021552437,6.021552437,0.998,2,0,3,768,1088,896,53,DPMPP2MSampler,VanillaCFG,5.647303449,FALSE,,,,,,4:5,dark+shallow_depth_of_field,landscape,48,3,auto,,,,"https://firefly.adobe.com/generate/images?style=photo&seed=42&seed=242&seed=4242&seed=2442&prompt=Arch+with+statues+and+a+clock+on+top+of+it%2C+bottom+view%2C+cinematic+Paris%2C+symmetrical+doorway%2C+presidential.&modelInputVersion=v2&aspectRatio=landscape&creativity=3&guideStrength=48&exif={""mode""%3A""auto""}&style=dark&style=shallow_depth_of_field"
r1743fb6bt,"Small wooden house in the middle of a field, alpine architecture, delightful surroundings, on the mountain.",134:89,2,8.874234855,8.874234855,0.997,2,5,2,512,1664,576,43,HeunEDMSampler,IdentityGuider,,FALSE,,,,,,3:4,cool_colors+dramatic_light,widescreen,62,7,manual,2,0.125,89,"https://firefly.adobe.com/generate/images?style=photo&seed=42&seed=242&seed=4242&seed=2442&prompt=Small+wooden+house+in+the+middle+of+a+field%2C+alpine+architecture%2C+delightful+surroundings%2C+on+the+mountain.&modelInputVersion=v2&aspectRatio=widescreen&creativity=7&guideStrength=62&exif={""mode""%3A""manual""%2C""details""%3A{""aperture""%3A2%2C""focal_length""%3A89%2C""shutter_speed""%3A0.125}}&style=cool_colors&style=dramatic_light"
r17492cd5t,"Tall tower in the middle of a town, Sienna, flax, stone roof, wide shot photo.",77:51,2,8.931719967,8.931719967,0.997,4,5,0,768,832,1216,41,HeunEDMSampler,IdentityGuider,,TRUE,39,DPMPP2SAncestralSampler,VanillaCFG,,FALSE,2:1,dramatic_light,widescreen,100,5,manual,1.4,0.016,182,"https://firefly.adobe.com/generate/images?style=photo&seed=42&seed=242&seed=4242&seed=2442&prompt=Tall+tower+in+the+middle+of+a+town%2C+Sienna%2C+flax%2C+stone+roof%2C+wide+shot+photo.&modelInputVersion=v2&aspectRatio=widescreen&creativity=5&guideStrength=100&exif={""mode""%3A""manual""%2C""details""%3A{""aperture""%3A1.4%2C""focal_length""%3A182%2C""shutter_speed""%3A0.016}}&style=dramatic_light"
r175da907t,"People sitting in chairs in a courtyard with a large building in the background, worship of the pope, obelisk, immense crowd of varied people, document photo, wide scene.",134:89,1,7.828331755,7.828331755,0.995,2,5,2,512,1088,960,30,EulerEDMSampler,VanillaCFG,9.500461635,TRUE,50,DPMPP2MSampler,VanillaCFG,2.615741138,TRUE,2:3,antique_photo+minimalism+maximalism+backlighting+shot_from_below,landscape,50,4,manual,8,0.008,101,"https://firefly.adobe.com/generate/images?style=photo&seed=42&seed=242&seed=4242&seed=2442&prompt=People+sitting+in+chairs+in+a+courtyard+with+a+large+building+in+the+background%2C+worship+of+the+pope%2C+obelisk%2C+immense+crowd+of+varied+people%2C+document+photo%2C+wide+scene.&modelInputVersion=v2&aspectRatio=landscape&creativity=4&guideStrength=50&exif={""mode""%3A""manual""%2C""details""%3A{""aperture""%3A8%2C""focal_length""%3A101%2C""shutter_speed""%3A0.008}}&style=antique_photo&style=minimalism&style=maximalism&style=backlighting&style=shot_from_below"
r17754c77t,"Image of a clergyman on a television screen in a crowd, frosting on head and shoulders, speech, large screen.",134:89,1,5.581833055,5.581833055,0.999,4,5,5,768,1600,640,33,EulerAncestralSampler,IdentityGuider,,TRUE,40,LinearMultistepSampler,VanillaCFG,,FALSE,16:9,surreal_lighting+surface_detail,square,0,2,manual,4,0.008,280,"https://firefly.adobe.com/generate/images?style=photo&seed=42&seed=242&seed=4242&seed=2442&prompt=Image+of+a+clergyman+on+a+television+screen+in+a+crowd%2C+frosting+on+head+and+shoulders%2C+speech%2C+large+screen.&modelInputVersion=v2&aspectRatio=square&creativity=2&guideStrength=0&exif={""mode""%3A""manual""%2C""details""%3A{""aperture""%3A4%2C""focal_length""%3A280%2C""shutter_speed""%3A0.008}}&style=surreal_lighting&style=surface_detail"
r177dd68et,"Building with a clock tower on the top of it, solis sacerdotibus, Rome, matte fresco, tombs.",51:77,4,2.846410224,2.846410224,0.998,4,9,9,768,832,1152,40,EulerAncestralSampler,IdentityGuider,,FALSE,,,,,,3:2,cool_colors+shot_from_above,portrait,50,9,auto,,,,"https://firefly.adobe.com/generate/images?style=photo&seed=42&seed=242&seed=4242&seed=2442&prompt=Building+with+a+clock+tower+on+the+top+of+it%2C+solis+sacerdotibus%2C+Rome%2C+matte+fresco%2C+tombs.&modelInputVersion=v2&aspectRatio=portrait&creativity=9&guideStrength=50&exif={""mode""%3A""auto""}&style=cool_colors&style=shot_from_above"
r177fb9f1t,"Wall with pictures and pictures in a restaurant, look down a cellar staircase, pews, warm and joyful atmosphere, concert hall.",77:51,4,6.801977407,6.801977407,0.996,4,5,2,768,704,1408,42,EulerAncestralSampler,VanillaCFG,4.682127106,TRUE,43,LinearMultistepSampler,VanillaCFG,2.803601002,TRUE,5:4,,widescreen,28,4,auto,,,,"https://firefly.adobe.com/generate/images?style=photo&seed=42&seed=242&seed=4242&seed=2442&prompt=Wall+with+pictures+and+pictures+in+a+restaurant%2C+look+down+a+cellar+staircase%2C+pews%2C+warm+and+joyful+atmosphere%2C+concert+hall.&modelInputVersion=v2&aspectRatio=widescreen&creativity=4&guideStrength=28&exif={""mode""%3A""auto""}"
r179bb406t,"Cow standing on a hill overlooking a lake, autumn mountains, black fir, four seasons, underground lake.",77:51,1,4.02153534,4.02153534,0.996,2,2,4,512,896,1152,43,DPMPP2MSampler,VanillaCFG,2.605237379,FALSE,,,,,,4:5,shot_from_below,square,0,10,manual,22,0.0006,14,"https://firefly.adobe.com/generate/images?style=photo&seed=42&seed=242&seed=4242&seed=2442&prompt=Cow+standing+on+a+hill+overlooking+a+lake%2C+autumn+mountains%2C+black+fir%2C+four+seasons%2C+underground+lake.&modelInputVersion=v2&aspectRatio=square&creativity=10&guideStrength=0&exif={""mode""%3A""manual""%2C""details""%3A{""aperture""%3A22%2C""focal_length""%3A14%2C""shutter_speed""%3A0.0006}}&style=shot_from_below"
r179ec4e8t,"Bridge over a river with a boat, Roma, sun shining through the leaves, gold and green, seen from outside, in the early morning.",77:51,2,3.387560544,3.387560544,0.996,2,3,3,768,1088,896,36,EulerAncestralSampler,VanillaCFG,3.182117208,TRUE,39,EulerAncestralSampler,IdentityGuider,2.239796876,TRUE,9:16,misty+shot_from_below,widescreen,100,3,auto,,,,"https://firefly.adobe.com/generate/images?style=photo&seed=42&seed=242&seed=4242&seed=2442&prompt=Bridge+over+a+river+with+a+boat%2C+Roma%2C+sun+shining+through+the+leaves%2C+gold+and+green%2C+seen+from+outside%2C+in+the+early+morning.&modelInputVersion=v2&aspectRatio=widescreen&creativity=3&guideStrength=100&exif={""mode""%3A""auto""}&style=misty&style=shot_from_below"
r179ed8d7t,"People walking down a street with umbrellas and strollers, Oktoberfest, beautiful girls, twins, maid costume.",134:89,3,8.924871673,8.924871673,0.996,4,5,4,512,1408,704,42,HeunEDMSampler,VanillaCFG,6.437241006,TRUE,41,HeunEDMSampler,VanillaCFG,1.784897819,TRUE,1:1,,landscape,0,3,auto,,,,"https://firefly.adobe.com/generate/images?style=photo&seed=42&seed=242&seed=4242&seed=2442&prompt=People+walking+down+a+street+with+umbrellas+and+strollers%2C+Oktoberfest%2C+beautiful+girls%2C+twins%2C+maid+costume.&modelInputVersion=v2&aspectRatio=landscape&creativity=3&guideStrength=0&exif={""mode""%3A""auto""}"
r17ad56act,"Skiers walking through the snow in front of a mountain, distant forest, pretty clouds, Slovenian, farm fields and trees.",77:51,1,2.730901444,2.730901444,0.998,3,4,0,512,1216,832,28,HeunEDMSampler,VanillaCFG,5.217670637,TRUE,35,DPMPP2MSampler,VanillaCFG,3.602867037,FALSE,16:9,bw+low_lighting,landscape,50,10,auto,,,,"https://firefly.adobe.com/generate/images?style=photo&seed=42&seed=242&seed=4242&seed=2442&prompt=Skiers+walking+through+the+snow+in+front+of+a+mountain%2C+distant+forest%2C+pretty+clouds%2C+Slovenian%2C+farm+fields+and+trees.&modelInputVersion=v2&aspectRatio=landscape&creativity=10&guideStrength=50&exif={""mode""%3A""auto""}&style=bw&style=low_lighting"
r17afaaa1t,"Graffiti on the side of a train car with a train in the background, Panzer, panic, spot lit.",77:51,1,2.734390716,2.734390716,0.998,2,5,4,768,1728,576,39,EulerAncestralSampler,VanillaCFG,7.093519328,TRUE,39,DPMPP2SAncestralSampler,VanillaCFG,4.723851691,FALSE,3:4,chaotic+dramatic_light,square,50,4,manual,1.2,0.004,76,"https://firefly.adobe.com/generate/images?style=photo&seed=42&seed=242&seed=4242&seed=2442&prompt=Graffiti+on+the+side+of+a+train+car+with+a+train+in+the+background%2C+Panzer%2C+panic%2C+spot+lit.&modelInputVersion=v2&aspectRatio=square&creativity=4&guideStrength=50&exif={""mode""%3A""manual""%2C""details""%3A{""aperture""%3A1.2%2C""focal_length""%3A76%2C""shutter_speed""%3A0.004}}&style=chaotic&style=dramatic_light"
r17b2f789t,"Stone wall in a room with a sink, British Museum, lower and upper levels, city wall, ancient city of white stone, remains.",89:134,3,8.981377364,8.981377364,0.999,3,4,4,512,1472,704,46,EulerEDMSampler,IdentityGuider,,TRUE,33,DPMPP2SAncestralSampler,VanillaCFG,,TRUE,4:3,product_photo+shot_from_below,portrait,12,4,manual,4,1,118,"https://firefly.adobe.com/generate/images?style=photo&seed=42&seed=242&seed=4242&seed=2442&prompt=Stone+wall+in+a+room+with+a+sink%2C+British+Museum%2C+lower+and+upper+levels%2C+city+wall%2C+ancient+city+of+white+stone%2C+remains.&modelInputVersion=v2&aspectRatio=portrait&creativity=4&guideStrength=12&exif={""mode""%3A""manual""%2C""details""%3A{""aperture""%3A4%2C""focal_length""%3A118%2C""shutter_speed""%3A1}}&style=product_photo&style=shot_from_below"
r17b873bct,"Tower of Pisa with people walking around it, tourist photo, under construction, architecture photo.",77:51,3,5.830640768,5.830640768,0.997,1,4,3,768,1536,640,40,EulerEDMSampler,VanillaCFG,4.519153854,TRUE,38,DPMPP2MSampler,VanillaCFG,9.001483049,TRUE,3:2,dramatic_light+macrophotography,widescreen,100,4,manual,2,0.066,181,"https://firefly.adobe.com/generate/images?style=photo&seed=42&seed=242&seed=4242&seed=2442&prompt=Tower+of+Pisa+with+people+walking+around+it%2C+tourist+photo%2C+under+construction%2C+architecture+photo.&modelInputVersion=v2&aspectRatio=widescreen&creativity=4&guideStrength=100&exif={""mode""%3A""manual""%2C""details""%3A{""aperture""%3A2%2C""focal_length""%3A181%2C""shutter_speed""%3A0.066}}&style=dramatic_light&style=macrophotography"
r17c76042t,"Skiers on a mountain top with a view of a snowy mountain, dolomites, white travertine terraces, nature photo.",77:51,1,8.662807526,8.662807526,0.998,3,5,3,768,704,1344,37,LinearMultistepSampler,VanillaCFG,5.061639014,TRUE,35,DPMPP2MSampler,VanillaCFG,3.652600045,TRUE,2:1,long-time_exposure,widescreen,100,9,auto,,,,"https://firefly.adobe.com/generate/images?style=photo&seed=42&seed=242&seed=4242&seed=2442&prompt=Skiers+on+a+mountain+top+with+a+view+of+a+snowy+mountain%2C+dolomites%2C+white+travertine+terraces%2C+nature+photo.&modelInputVersion=v2&aspectRatio=widescreen&creativity=9&guideStrength=100&exif={""mode""%3A""auto""}&style=long-time_exposure"
r17d11b3at,"Bear sitting in the woods, norwegian landscape, overgrown forest, windy day.",77:51,4,8.03686298,8.03686298,0.997,1,4,0,512,1088,960,33,DPMPP2MSampler,VanillaCFG,6.886290862,TRUE,44,EulerAncestralSampler,IdentityGuider,1.809370389,FALSE,1:1,shot_from_above,widescreen,1,2,auto,,,,"https://firefly.adobe.com/generate/images?style=photo&seed=42&seed=242&seed=4242&seed=2442&prompt=Bear+sitting+in+the+woods%2C+norwegian+landscape%2C+overgrown+forest%2C+windy+day.&modelInputVersion=v2&aspectRatio=widescreen&creativity=2&guideStrength=1&exif={""mode""%3A""auto""}&style=shot_from_above"
r17f60607t,"Statue of a man sitting on a ledge, ancient Rome, fountains and arches, pantheon, close photo.",134:89,4,8.457079865,8.457079865,0.998,2,5,0,768,1216,832,49,LinearMultistepSampler,VanillaCFG,8.996809064,FALSE,,,,,,1:2,cool_colors+long-time_exposure+surface_detail,widescreen,100,7,manual,8,0.0006,195,"https://firefly.adobe.com/generate/images?style=photo&seed=42&seed=242&seed=4242&seed=2442&prompt=Statue+of+a+man+sitting+on+a+ledge%2C+ancient+Rome%2C+fountains+and+arches%2C+pantheon%2C+close+photo.&modelInputVersion=v2&aspectRatio=widescreen&creativity=7&guideStrength=100&exif={""mode""%3A""manual""%2C""details""%3A{""aperture""%3A8%2C""focal_length""%3A195%2C""shutter_speed""%3A0.0006}}&style=cool_colors&style=long-time_exposure&style=surface_detail"
r17fe8532t,"Bronze statue of a bull and a woman on a horse, museum collection, buffalo chase.",77:51,1,5.256857647,5.256857647,0.996,4,4,0,768,1600,640,38,DPMPP2SAncestralSampler,VanillaCFG,5.160474831,FALSE,,,,,,3:2,cool_colors+backlighting+closeup,widescreen,0,5,manual,2.8,10,41,"https://firefly.adobe.com/generate/images?style=photo&seed=42&seed=242&seed=4242&seed=2442&prompt=Bronze+statue+of+a+bull+and+a+woman+on+a+horse%2C+museum+collection%2C+buffalo+chase.&modelInputVersion=v2&aspectRatio=widescreen&creativity=5&guideStrength=0&exif={""mode""%3A""manual""%2C""details""%3A{""aperture""%3A2.8%2C""focal_length""%3A41%2C""shutter_speed""%3A10}}&style=cool_colors&style=backlighting&style=closeup"
r1800ab47t,"Two sheep standing on a hill overlooking a lake, autumn mountains.",77:51,2,4.223831381,4.223831381,1,3,2,2,768,1280,768,45,DPMPP2SAncestralSampler,IdentityGuider,,TRUE,34,HeunEDMSampler,VanillaCFG,,FALSE,1:1,shot_from_below,portrait,50,10,manual,8,0.5,239,"https://firefly.adobe.com/generate/images?style=photo&seed=42&seed=242&seed=4242&seed=2442&prompt=Two+sheep+standing+on+a+hill+overlooking+a+lake%2C+autumn+mountains.&modelInputVersion=v2&aspectRatio=portrait&creativity=10&guideStrength=50&exif={""mode""%3A""manual""%2C""details""%3A{""aperture""%3A8%2C""focal_length""%3A239%2C""shutter_speed""%3A0.5}}&style=shot_from_below"
r180a7062t,"Plates of food on a table with a beer, brown sauce, sharp detail.",134:89,2,2.805606255,2.805606255,0.999,1,5,3,768,1024,960,37,EulerEDMSampler,VanillaCFG,3.886286985,TRUE,35,DPMPP2SAncestralSampler,VanillaCFG,4.327591415,TRUE,5:4,bw,square,25,9,auto,,,,"https://firefly.adobe.com/generate/images?style=photo&seed=42&seed=242&seed=4242&seed=2442&prompt=Plates+of+food+on+a+table+with+a+beer%2C+brown+sauce%2C+sharp+detail.&modelInputVersion=v2&aspectRatio=square&creativity=9&guideStrength=25&exif={""mode""%3A""auto""}&style=bw"
r180bcbd7t,"Tall building with balconies on the top, Italian Mediterranean city, fresco painting.",77:51,3,7.703306836,7.703306836,0.995,2,9,9,768,896,1152,40,LinearMultistepSampler,VanillaCFG,4.197035348,TRUE,30,EulerEDMSampler,VanillaCFG,4.895288037,TRUE,2:3,closeup,widescreen,48,9,manual,8,0.016,290,"https://firefly.adobe.com/generate/images?style=photo&seed=42&seed=242&seed=4242&seed=2442&prompt=Tall+building+with+balconies+on+the+top%2C+Italian+Mediterranean+city%2C+fresco+painting.&modelInputVersion=v2&aspectRatio=widescreen&creativity=9&guideStrength=48&exif={""mode""%3A""manual""%2C""details""%3A{""aperture""%3A8%2C""focal_length""%3A290%2C""shutter_speed""%3A0.016}}&style=closeup"
r1810ba7at,"Trees lining the sidewalk of a park with people sitting on a bench, vivid contrasts, relaxing atmosphere.",77:51,4,3.768441367,3.768441367,0.999,1,5,3,768,896,1152,39,EulerAncestralSampler,IdentityGuider,,TRUE,37,EulerAncestralSampler,IdentityGuider,,TRUE,4:3,product_photo+grainy_film+divine+studio_light,landscape,50,4,auto,,,,"https://firefly.adobe.com/generate/images?style=photo&seed=42&seed=242&seed=4242&seed=2442&prompt=Trees+lining+the+sidewalk+of+a+park+with+people+sitting+on+a+bench%2C+vivid+contrasts%2C+relaxing+atmosphere.&modelInputVersion=v2&aspectRatio=landscape&creativity=4&guideStrength=50&exif={""mode""%3A""auto""}&style=product_photo&style=grainy_film&style=divine&style=studio_light"
r181768b7t,"Floor with a large mosaic design in a building, DC art, classic Greek mythology, Smithsonian American Art Museum, side view intricate details.",134:89,3,8.530940983,8.530940983,0.997,4,9,9,512,832,1152,39,EulerEDMSampler,IdentityGuider,,TRUE,41,DPMPP2MSampler,VanillaCFG,,TRUE,1:1,surreal_lighting,widescreen,50,5,manual,22,0.066,35,"https://firefly.adobe.com/generate/images?style=photo&seed=42&seed=242&seed=4242&seed=2442&prompt=Floor+with+a+large+mosaic+design+in+a+building%2C+DC+art%2C+classic+Greek+mythology%2C+Smithsonian+American+Art+Museum%2C+side+view+intricate+details.&modelInputVersion=v2&aspectRatio=widescreen&creativity=5&guideStrength=50&exif={""mode""%3A""manual""%2C""details""%3A{""aperture""%3A22%2C""focal_length""%3A35%2C""shutter_speed""%3A0.066}}&style=surreal_lighting"
r181d64eat,"Green building with a clock on the top of it, Dutch style, heavily ornamental, front angle, mills.",77:51,2,3.212263995,3.212263995,0.996,4,3,3,768,704,1344,41,DPMPP2MSampler,VanillaCFG,6.559736072,FALSE,,,,,,9:16,dark+otherworldly_depiction+vibrant_colors+wide_angle,widescreen,0,7,auto,,,,"https://firefly.adobe.com/generate/images?style=photo&seed=42&seed=242&seed=4242&seed=2442&prompt=Green+building+with+a+clock+on+the+top+of+it%2C+Dutch+style%2C+heavily+ornamental%2C+front+angle%2C+mills.&modelInputVersion=v2&aspectRatio=widescreen&creativity=7&guideStrength=0&exif={""mode""%3A""auto""}&style=dark&style=otherworldly_depiction&style=vibrant_colors&style=wide_angle"
r181dd93dt,"Statues in a room with a checkered floor, Italian masterpieces, sunlight, medium wide shot.",77:51,1,8.941897536,8.941897536,1,3,5,3,768,1408,704,41,HeunEDMSampler,IdentityGuider,,TRUE,38,DPMPP2SAncestralSampler,VanillaCFG,,TRUE,1:1,gomori_photography+monochromatic,landscape,100,9,auto,,,,"https://firefly.adobe.com/generate/images?style=photo&seed=42&seed=242&seed=4242&seed=2442&prompt=Statues+in+a+room+with+a+checkered+floor%2C+Italian+masterpieces%2C+sunlight%2C+medium+wide+shot.&modelInputVersion=v2&aspectRatio=landscape&creativity=9&guideStrength=100&exif={""mode""%3A""auto""}&style=gomori_photography&style=monochromatic"
r1824034et,"Man standing on a mountain with a backpack, sharp spiky rocks, rocky shore, malt.",77:51,2,4.993764703,4.993764703,0.997,2,3,4,512,1344,704,34,LinearMultistepSampler,IdentityGuider,,TRUE,36,HeunEDMSampler,VanillaCFG,,TRUE,16:9,bokeh+underwater+warm_colors+shot_from_above,square,50,9,manual,2,1,208,"https://firefly.adobe.com/generate/images?style=photo&seed=42&seed=242&seed=4242&seed=2442&prompt=Man+standing+on+a+mountain+with+a+backpack%2C+sharp+spiky+rocks%2C+rocky+shore%2C+malt.&modelInputVersion=v2&aspectRatio=square&creativity=9&guideStrength=50&exif={""mode""%3A""manual""%2C""details""%3A{""aperture""%3A2%2C""focal_length""%3A208%2C""shutter_speed""%3A1}}&style=bokeh&style=underwater&style=warm_colors&style=shot_from_above"
r1828d94at,"Wooden floor with a pair of shoes, a jacket, and a tie, leather jacket and denim vest",89:134,1,7.227481202,7.227481202,0.997,2,5,5,768,1408,704,32,HeunEDMSampler,VanillaCFG,7.236015021,TRUE,47,DPMPP2MSampler,VanillaCFG,5.703544096,TRUE,4:3,fisheye,widescreen,0,6,manual,2,0.0006,237,"https://firefly.adobe.com/generate/images?style=photo&seed=42&seed=242&seed=4242&seed=2442&prompt=Wooden+floor+with+a+pair+of+shoes%2C+a+jacket%2C+and+a+tie%2C+leather+jacket+and+denim+vest&modelInputVersion=v2&aspectRatio=widescreen&creativity=6&guideStrength=0&exif={""mode""%3A""manual""%2C""details""%3A{""aperture""%3A2%2C""focal_length""%3A237%2C""shutter_speed""%3A0.0006}}&style=fisheye"
r182ed662t,"Small pond in the middle of a snowy field, sulfur, ice snowy lake setting, editorial photo.",134:89,1,8.415690123,8.415690123,0.998,3,4,4,512,1152,832,38,LinearMultistepSampler,VanillaCFG,0.5,TRUE,37,EulerEDMSampler,IdentityGuider,6.204931373,FALSE,16:9,pastel_colors+low_lighting,widescreen,50,6,auto,,,,"https://firefly.adobe.com/generate/images?style=photo&seed=42&seed=242&seed=4242&seed=2442&prompt=Small+pond+in+the+middle+of+a+snowy+field%2C+sulfur%2C+ice+snowy+lake+setting%2C+editorial+photo.&modelInputVersion=v2&aspectRatio=widescreen&creativity=6&guideStrength=50&exif={""mode""%3A""auto""}&style=pastel_colors&style=low_lighting"
r18302db2t,"Man sitting on a bench overlooking a lake, autumn mountains, yellow volumetric fog, leading to a beautiful view.",77:51,1,4.215290536,4.215290536,0.998,3,5,3,768,1536,640,45,LinearMultistepSampler,VanillaCFG,4.550878163,FALSE,,,,,,4:3,shot_from_below,square,43,4,auto,,,,"https://firefly.adobe.com/generate/images?style=photo&seed=42&seed=242&seed=4242&seed=2442&prompt=Man+sitting+on+a+bench+overlooking+a+lake%2C+autumn+mountains%2C+yellow+volumetric+fog%2C+leading+to+a+beautiful+view.&modelInputVersion=v2&aspectRatio=square&creativity=4&guideStrength=43&exif={""mode""%3A""auto""}&style=shot_from_below"
r18393aeet,"Cow standing in the grass by the water, high in the mountains, limestone.",77:51,2,3.512843474,3.512843474,0.999,2,5,0,768,704,1408,35,EulerEDMSampler,VanillaCFG,0.6891260683,TRUE,47,DPMPP2MSampler,VanillaCFG,6.321917989,TRUE,1:2,pastel_colors,widescreen,100,9,manual,5.6,10,102,"https://firefly.adobe.com/generate/images?style=photo&seed=42&seed=242&seed=4242&seed=2442&prompt=Cow+standing+in+the+grass+by+the+water%2C+high+in+the+mountains%2C+limestone.&modelInputVersion=v2&aspectRatio=widescreen&creativity=9&guideStrength=100&exif={""mode""%3A""manual""%2C""details""%3A{""aperture""%3A5.6%2C""focal_length""%3A102%2C""shutter_speed""%3A10}}&style=pastel_colors"
r184f08dat,"Bird sitting on the ground next to a window, laundry hanging, medium close-up, sweeping.",51:77,3,6.725059567,6.725059567,0.997,2,5,0,512,1088,960,44,HeunEDMSampler,IdentityGuider,,TRUE,39,LinearMultistepSampler,IdentityGuider,,FALSE,4:5,cool_colors+macrophotography,landscape,0,4,auto,,,,"https://firefly.adobe.com/generate/images?style=photo&seed=42&seed=242&seed=4242&seed=2442&prompt=Bird+sitting+on+the+ground+next+to+a+window%2C+laundry+hanging%2C+medium+close-up%2C+sweeping.&modelInputVersion=v2&aspectRatio=landscape&creativity=4&guideStrength=0&exif={""mode""%3A""auto""}&style=cool_colors&style=macrophotography"
r185929e9t,"Trees in a forest with a blue sky in the background, traveling through the mountains, sri lankan landscape, tall pine trees.",77:51,2,6.15872812,6.15872812,0.998,3,1,0,512,1344,768,42,DPMPP2MSampler,VanillaCFG,9.787799647,TRUE,43,HeunEDMSampler,VanillaCFG,6.027150501,TRUE,2:3,backlighting,widescreen,0,8,auto,,,,"https://firefly.adobe.com/generate/images?style=photo&seed=42&seed=242&seed=4242&seed=2442&prompt=Trees+in+a+forest+with+a+blue+sky+in+the+background%2C+traveling+through+the+mountains%2C+sri+lankan+landscape%2C+tall+pine+trees.&modelInputVersion=v2&aspectRatio=widescreen&creativity=8&guideStrength=0&exif={""mode""%3A""auto""}&style=backlighting"
r1866b73at,"Windmill sitting on the side of a river, people enjoying the show, spring blooming flowers garden, mirror reflections.",51:77,2,7.022748709,7.022748709,0.999,4,3,0,512,1088,960,44,EulerAncestralSampler,IdentityGuider,,FALSE,,,,,,3:4,,landscape,100,10,auto,,,,"https://firefly.adobe.com/generate/images?style=photo&seed=42&seed=242&seed=4242&seed=2442&prompt=Windmill+sitting+on+the+side+of+a+river%2C+people+enjoying+the+show%2C+spring+blooming+flowers+garden%2C+mirror+reflections.&modelInputVersion=v2&aspectRatio=landscape&creativity=10&guideStrength=100&exif={""mode""%3A""auto""}"
r186c09e4t,"Brick wall with a clock on it in a field, ruins of ancient Rome, view from the side, the imperial palace.",77:51,2,7.864599946,7.864599946,0.997,2,3,0,768,832,1216,38,HeunEDMSampler,VanillaCFG,5.584361675,TRUE,38,HeunEDMSampler,VanillaCFG,3.267923106,TRUE,4:5,backlighting+closeup,square,0,5,manual,8,0.008,177,"https://firefly.adobe.com/generate/images?style=photo&seed=42&seed=242&seed=4242&seed=2442&prompt=Brick+wall+with+a+clock+on+it+in+a+field%2C+ruins+of+ancient+Rome%2C+view+from+the+side%2C+the+imperial+palace.&modelInputVersion=v2&aspectRatio=square&creativity=5&guideStrength=0&exif={""mode""%3A""manual""%2C""details""%3A{""aperture""%3A8%2C""focal_length""%3A177%2C""shutter_speed""%3A0.008}}&style=backlighting&style=closeup"
r18791531t,"Car parked on the side of the road, winter sun, lake in the forest, sunny day with clear sky.",51:77,4,2.778561751,2.778561751,0.997,1,3,3,512,704,1408,43,LinearMultistepSampler,VanillaCFG,5.419511943,FALSE,,,,,,4:3,monochromatic+harsh_light,landscape,0,6,auto,,,,"https://firefly.adobe.com/generate/images?style=photo&seed=42&seed=242&seed=4242&seed=2442&prompt=Car+parked+on+the+side+of+the+road%2C+winter+sun%2C+lake+in+the+forest%2C+sunny+day+with+clear+sky.&modelInputVersion=v2&aspectRatio=landscape&creativity=6&guideStrength=0&exif={""mode""%3A""auto""}&style=monochromatic&style=harsh_light"
r18798194t,"Cow standing by a lake in the desert, twisted waterway, small stream, covered in sand.",77:51,1,8.152316613,8.152316613,0.998,2,4,4,768,1408,704,45,DPMPP2MSampler,VanillaCFG,5.508767159,TRUE,47,HeunEDMSampler,IdentityGuider,6.411950713,FALSE,5:4,monochromatic,square,100,9,auto,,,,"https://firefly.adobe.com/generate/images?style=photo&seed=42&seed=242&seed=4242&seed=2442&prompt=Cow+standing+by+a+lake+in+the+desert%2C+twisted+waterway%2C+small+stream%2C+covered+in+sand.&modelInputVersion=v2&aspectRatio=square&creativity=9&guideStrength=100&exif={""mode""%3A""auto""}&style=monochromatic"
r187df69ft,"Snow-covered mountain with a snowboarder on it, erosion, gravel, stone roads, seen from a long distance.",134:89,3,4.678727272,4.678727272,0.995,3,5,0,768,1344,704,30,LinearMultistepSampler,VanillaCFG,3.547793935,TRUE,31,EulerEDMSampler,VanillaCFG,0.8447239521,TRUE,2:3,warm_colors+multiexposure,portrait,76,8,auto,,,,"https://firefly.adobe.com/generate/images?style=photo&seed=42&seed=242&seed=4242&seed=2442&prompt=Snow-covered+mountain+with+a+snowboarder+on+it%2C+erosion%2C+gravel%2C+stone+roads%2C+seen+from+a+long+distance.&modelInputVersion=v2&aspectRatio=portrait&creativity=8&guideStrength=76&exif={""mode""%3A""auto""}&style=warm_colors&style=multiexposure"
r1882b6e6t,"Painting of a mountain scene with a house in the foreground, golden frame, auction photo.",51:77,4,5.566952757,5.566952757,0.999,2,5,9,768,1280,768,42,DPMPP2MSampler,VanillaCFG,8.60027204,TRUE,42,EulerEDMSampler,IdentityGuider,3.607777689,FALSE,1:2,fisheye+studio_light+shot_from_below,square,100,10,manual,2.8,0.0006,125,"https://firefly.adobe.com/generate/images?style=photo&seed=42&seed=242&seed=4242&seed=2442&prompt=Painting+of+a+mountain+scene+with+a+house+in+the+foreground%2C+golden+frame%2C+auction+photo.&modelInputVersion=v2&aspectRatio=square&creativity=10&guideStrength=100&exif={""mode""%3A""manual""%2C""details""%3A{""aperture""%3A2.8%2C""focal_length""%3A125%2C""shutter_speed""%3A0.0006}}&style=fisheye&style=studio_light&style=shot_from_below"
r1889220ft,"Piece of paper written on in a medieval tavern at night, close-up shot from the top, old book.",77:51,1,2.746178307,2.746178307,0.997,2,4,9,512,1664,576,44,DPMPP2MSampler,VanillaCFG,6.716464441,TRUE,33,LinearMultistepSampler,VanillaCFG,1.35806177,FALSE,2:3,knolling,widescreen,100,5,auto,,,,"https://firefly.adobe.com/generate/images?style=photo&seed=42&seed=242&seed=4242&seed=2442&prompt=Piece+of+paper+written+on+in+a+medieval+tavern+at+night%2C+close-up+shot+from+the+top%2C+old+book.&modelInputVersion=v2&aspectRatio=widescreen&creativity=5&guideStrength=100&exif={""mode""%3A""auto""}&style=knolling"
r188eb234t,"Benches in the park with pink flowers on them, sakura season, fresh bakeries in the background.",77:51,1,6.514939306,6.514939306,0.999,4,4,2,768,1344,704,34,LinearMultistepSampler,IdentityGuider,,TRUE,35,HeunEDMSampler,IdentityGuider,,TRUE,2:3,vibrant_colors,square,100,9,auto,,,,"https://firefly.adobe.com/generate/images?style=photo&seed=42&seed=242&seed=4242&seed=2442&prompt=Benches+in+the+park+with+pink+flowers+on+them%2C+sakura+season%2C+fresh+bakeries+in+the+background.&modelInputVersion=v2&aspectRatio=square&creativity=9&guideStrength=100&exif={""mode""%3A""auto""}&style=vibrant_colors"
r18990432t,"photo of a poster with a picture of people on a building, flowing lettering, office cubicles.",51:77,2,6.168364629,6.168364629,0.996,1,3,3,768,1216,832,48,DPMPP2MSampler,VanillaCFG,2.206487936,FALSE,,,,,,2:1,low_lighting,portrait,0,2,auto,,,,"https://firefly.adobe.com/generate/images?style=photo&seed=42&seed=242&seed=4242&seed=2442&prompt=photo+of+a+poster+with+a+picture+of+people+on+a+building%2C+flowing+lettering%2C+office+cubicles.&modelInputVersion=v2&aspectRatio=portrait&creativity=2&guideStrength=0&exif={""mode""%3A""auto""}&style=low_lighting"
r189be0d8t,"Vineyard with mountains in the background, light contrast, in a mountain valley, half-body photo.",77:51,2,4.967804823,4.967804823,0.998,3,3,2,512,1088,960,35,LinearMultistepSampler,VanillaCFG,0.5546655849,TRUE,40,EulerAncestralSampler,IdentityGuider,5.977608143,FALSE,1:2,underwater+shot_from_below,widescreen,0,4,manual,1.2,0.066,113,"https://firefly.adobe.com/generate/images?style=photo&seed=42&seed=242&seed=4242&seed=2442&prompt=Vineyard+with+mountains+in+the+background%2C+light+contrast%2C+in+a+mountain+valley%2C+half-body+photo.&modelInputVersion=v2&aspectRatio=widescreen&creativity=4&guideStrength=0&exif={""mode""%3A""manual""%2C""details""%3A{""aperture""%3A1.2%2C""focal_length""%3A113%2C""shutter_speed""%3A0.066}}&style=underwater&style=shot_from_below"
r18ce12dct,"Building with a clock tower and a clock on top, Paolo Veronese style, monumental giant palace, close-up shot from the side.",134:89,1,6.689547932,6.689547932,0.997,4,5,2,768,1600,640,36,LinearMultistepSampler,VanillaCFG,4.988214883,TRUE,45,LinearMultistepSampler,VanillaCFG,2.445255903,FALSE,2:1,pastel_colors+dramatic_light,widescreen,0,7,auto,,,,"https://firefly.adobe.com/generate/images?style=photo&seed=42&seed=242&seed=4242&seed=2442&prompt=Building+with+a+clock+tower+and+a+clock+on+top%2C+Paolo+Veronese+style%2C+monumental+giant+palace%2C+close-up+shot+from+the+side.&modelInputVersion=v2&aspectRatio=widescreen&creativity=7&guideStrength=0&exif={""mode""%3A""auto""}&style=pastel_colors&style=dramatic_light"
r18d1abact,"Many sheep grazing on a grassy hill near a lake, realistic photo of a town, Austria.",77:51,3,4.623822551,4.623822551,0.998,3,5,2,768,1088,896,53,LinearMultistepSampler,VanillaCFG,6.125463133,FALSE,,,,,,1:1,,square,43,4,auto,,,,"https://firefly.adobe.com/generate/images?style=photo&seed=42&seed=242&seed=4242&seed=2442&prompt=Many+sheep+grazing+on+a+grassy+hill+near+a+lake%2C+realistic+photo+of+a+town%2C+Austria.&modelInputVersion=v2&aspectRatio=square&creativity=4&guideStrength=43&exif={""mode""%3A""auto""}"
r18d72ab2t,"Person walking down a street with a yellow building, in the Dolomites, photo of a beautiful window.",77:51,3,4.304858378,4.304858378,0.998,3,5,1,768,1152,832,39,HeunEDMSampler,IdentityGuider,,TRUE,39,EulerAncestralSampler,VanillaCFG,,TRUE,1:1,studio_light,widescreen,50,6,auto,,,,"https://firefly.adobe.com/generate/images?style=photo&seed=42&seed=242&seed=4242&seed=2442&prompt=Person+walking+down+a+street+with+a+yellow+building%2C+in+the+Dolomites%2C+photo+of+a+beautiful+window.&modelInputVersion=v2&aspectRatio=widescreen&creativity=6&guideStrength=50&exif={""mode""%3A""auto""}&style=studio_light"
r18d866e1t,"Dirt path leading to a stone wall, Pompeian, ancient buildings, vegetated roofs.",77:51,1,4.12243807,4.12243807,0.999,4,3,2,768,1600,640,39,DPMPP2SAncestralSampler,IdentityGuider,,FALSE,,,,,,5:4,antique_photo+pastel_colors+low_lighting,square,0,8,manual,8,0.004,41,"https://firefly.adobe.com/generate/images?style=photo&seed=42&seed=242&seed=4242&seed=2442&prompt=Dirt+path+leading+to+a+stone+wall%2C+Pompeian%2C+ancient+buildings%2C+vegetated+roofs.&modelInputVersion=v2&aspectRatio=square&creativity=8&guideStrength=0&exif={""mode""%3A""manual""%2C""details""%3A{""aperture""%3A8%2C""focal_length""%3A41%2C""shutter_speed""%3A0.004}}&style=antique_photo&style=pastel_colors&style=low_lighting"
r18d9feeat,"White bus parked in front of a building, alabaster gothic cathedral, Jacques Louis David style.",51:77,1,6.85047089,6.85047089,0.999,4,3,2,768,1088,896,43,EulerAncestralSampler,VanillaCFG,2.452852455,TRUE,47,DPMPP2MSampler,VanillaCFG,6.738720934,TRUE,1:1,warm_colors+dramatic_light,widescreen,50,6,auto,,,,"https://firefly.adobe.com/generate/images?style=photo&seed=42&seed=242&seed=4242&seed=2442&prompt=White+bus+parked+in+front+of+a+building%2C+alabaster+gothic+cathedral%2C+Jacques+Louis+David+style.&modelInputVersion=v2&aspectRatio=widescreen&creativity=6&guideStrength=50&exif={""mode""%3A""auto""}&style=warm_colors&style=dramatic_light"
r18e0516bt,"Building with a window covered in green vines and ivy, close-up portrait shot, botanical herbarium.",77:51,4,5.025779787,5.025779787,0.999,3,5,3,512,896,1088,48,DPMPP2SAncestralSampler,IdentityGuider,,FALSE,,,,,,3:2,dramatic_light+macrophotography,portrait,50,3,auto,,,,"https://firefly.adobe.com/generate/images?style=photo&seed=42&seed=242&seed=4242&seed=2442&prompt=Building+with+a+window+covered+in+green+vines+and+ivy%2C+close-up+portrait+shot%2C+botanical+herbarium.&modelInputVersion=v2&aspectRatio=portrait&creativity=3&guideStrength=50&exif={""mode""%3A""auto""}&style=dramatic_light&style=macrophotography"
r18ea00c8t,"Snowy mountain with houses and trees, low clouds after rain, city covered in snow.",77:51,1,5.851402586,5.851402586,0.998,2,4,0,768,896,1152,41,HeunEDMSampler,VanillaCFG,5.754256195,TRUE,44,EulerEDMSampler,IdentityGuider,5.528281277,TRUE,9:16,cool_colors+surreal_lighting+landscape_photography,landscape,50,3,manual,16,0.004,185,"https://firefly.adobe.com/generate/images?style=photo&seed=42&seed=242&seed=4242&seed=2442&prompt=Snowy+mountain+with+houses+and+trees%2C+low+clouds+after+rain%2C+city+covered+in+snow.&modelInputVersion=v2&aspectRatio=landscape&creativity=3&guideStrength=50&exif={""mode""%3A""manual""%2C""details""%3A{""aperture""%3A16%2C""focal_length""%3A185%2C""shutter_speed""%3A0.004}}&style=cool_colors&style=surreal_lighting&style=landscape_photography"
r18fafe10t,"Display of watches and watches on a table in a store, bioart, inspired by Albert Bertelsen.",51:77,1,8.223393794,8.223393794,0.998,4,2,0,768,1280,768,46,DPMPP2SAncestralSampler,VanillaCFG,4.033911139,TRUE,32,HeunEDMSampler,VanillaCFG,8.343394332,TRUE,4:5,cool_colors+multiexposure,portrait,14,2,auto,,,,"https://firefly.adobe.com/generate/images?style=photo&seed=42&seed=242&seed=4242&seed=2442&prompt=Display+of+watches+and+watches+on+a+table+in+a+store%2C+bioart%2C+inspired+by+Albert+Bertelsen.&modelInputVersion=v2&aspectRatio=portrait&creativity=2&guideStrength=14&exif={""mode""%3A""auto""}&style=cool_colors&style=multiexposure"
r1900f7c7t,"View of a field with a mountain in the distance, Lourmarin, hot and humid.",77:51,1,3.500119626,3.500119626,0.999,3,2,3,768,768,1344,43,DPMPP2MSampler,IdentityGuider,,TRUE,45,LinearMultistepSampler,VanillaCFG,,TRUE,4:3,divine,portrait,50,2,manual,5.6,0.066,89,"https://firefly.adobe.com/generate/images?style=photo&seed=42&seed=242&seed=4242&seed=2442&prompt=View+of+a+field+with+a+mountain+in+the+distance%2C+Lourmarin%2C+hot+and+humid.&modelInputVersion=v2&aspectRatio=portrait&creativity=2&guideStrength=50&exif={""mode""%3A""manual""%2C""details""%3A{""aperture""%3A5.6%2C""focal_length""%3A89%2C""shutter_speed""%3A0.066}}&style=divine"
r1904147dt,"Wooden gate leading to a fence with a birdhouse on it, misty mountains, located in Hajibektash Complex.",77:51,1,8.550239365,8.550239365,0.998,3,2,4,768,832,1152,28,DPMPP2SAncestralSampler,VanillaCFG,6.395803004,TRUE,46,EulerEDMSampler,VanillaCFG,6.987911502,TRUE,9:16,vibrant_colors+backlighting+shot_from_below,portrait,50,5,auto,,,,"https://firefly.adobe.com/generate/images?style=photo&seed=42&seed=242&seed=4242&seed=2442&prompt=Wooden+gate+leading+to+a+fence+with+a+birdhouse+on+it%2C+misty+mountains%2C+located+in+Hajibektash+Complex.&modelInputVersion=v2&aspectRatio=portrait&creativity=5&guideStrength=50&exif={""mode""%3A""auto""}&style=vibrant_colors&style=backlighting&style=shot_from_below"
r191488c6t,"There is a train that is crossing a bridge over a river, low clouds after rain, gongbi, large",77:51,3,8.956392813,8.956392813,0.997,3,2,5,768,1088,960,35,LinearMultistepSampler,VanillaCFG,6.905376129,FALSE,,,,,,3:4,,square,50,3,auto,,,,"https://firefly.adobe.com/generate/images?style=photo&seed=42&seed=242&seed=4242&seed=2442&prompt=There+is+a+train+that+is+crossing+a+bridge+over+a+river%2C+low+clouds+after+rain%2C+gongbi%2C+large&modelInputVersion=v2&aspectRatio=square&creativity=3&guideStrength=50&exif={""mode""%3A""auto""}"
r1915909et,"People are walking up a hill with kites in the air, alpine architecture, telephoto vacation picture, April, monorail station, panorama view, fir trees, red banners, view from the side, vivid imagination of the surrounding meadows and distant mountains",89:134,1,4.39260644,4.39260644,0.996,4,3,4,768,704,1408,46,DPMPP2SAncestralSampler,VanillaCFG,7.157514937,FALSE,,,,,,1:1,monochromatic+landscape_photography,square,5,8,auto,,,,"https://firefly.adobe.com/generate/images?style=photo&seed=42&seed=242&seed=4242&seed=2442&prompt=People+are+walking+up+a+hill+with+kites+in+the+air%2C+alpine+architecture%2C+telephoto+vacation+picture%2C+April%2C+monorail+station%2C+panorama+view%2C+fir+trees%2C+red+banners%2C+view+from+the+side%2C+vivid+imagination+of+the+surrounding+meadows+and+distant+mountains&modelInputVersion=v2&aspectRatio=square&creativity=8&guideStrength=5&exif={""mode""%3A""auto""}&style=monochromatic&style=landscape_photography"
r19183258t,"There is a man that is standing on a snow-covered mountain, in the Dolomites, ((rocks)), a gigantic wall, panels, savanna, up there, viewed from the ground, photo taken from far, May, the crown is very high, very crisp details, godrays from the right",77:51,1,4.694267818,4.694267818,0.997,3,4,4,512,704,1344,36,DPMPP2MSampler,VanillaCFG,3.47934632,TRUE,42,EulerEDMSampler,VanillaCFG,5.261491944,TRUE,1:1,cool_colors+studio_light,widescreen,44,3,auto,,,,"https://firefly.adobe.com/generate/images?style=photo&seed=42&seed=242&seed=4242&seed=2442&prompt=There+is+a+man+that+is+standing+on+a+snow-covered+mountain%2C+in+the+Dolomites%2C+((rocks))%2C+a+gigantic+wall%2C+panels%2C+savanna%2C+up+there%2C+viewed+from+the+ground%2C+photo+taken+from+far%2C+May%2C+the+crown+is+very+high%2C+very+crisp+details%2C+godrays+from+the+right&modelInputVersion=v2&aspectRatio=widescreen&creativity=3&guideStrength=44&exif={""mode""%3A""auto""}&style=cool_colors&style=studio_light"
r191f3cdet,"Arafed view of a cathedral with a staircase and a clock tower, tilt-shift background, long metal spikes, elegant bridges between towers, in rows, intricate stone carvings, mix with elfic architecture, at noon, in a row, climbing, limbs, enchanting sunlight filtering through stained glass windows",77:51,3,3.464738314,3.464738314,0.997,3,5,4,512,896,1152,38,HeunEDMSampler,VanillaCFG,5.136370139,FALSE,,,,,,2:3,maximalism+cool_colors+harsh_light,square,0,10,manual,5.6,1,195,"https://firefly.adobe.com/generate/images?style=photo&seed=42&seed=242&seed=4242&seed=2442&prompt=Arafed+view+of+a+cathedral+with+a+staircase+and+a+clock+tower%2C+tilt-shift+background%2C+long+metal+spikes%2C+elegant+bridges+between+towers%2C+in+rows%2C+intricate+stone+carvings%2C+mix+with+elfic+architecture%2C+at+noon%2C+in+a+row%2C+climbing%2C+limbs%2C+enchanting+sunlight+filtering+through+stained+glass+windows&modelInputVersion=v2&aspectRatio=square&creativity=10&guideStrength=0&exif={""mode""%3A""manual""%2C""details""%3A{""aperture""%3A5.6%2C""focal_length""%3A195%2C""shutter_speed""%3A1}}&style=maximalism&style=cool_colors&style=harsh_light"
r192ae577t,"Painting of a yellow and black painting on a wall, fiberoptic hair, on wooden table, bottom view, scratched photo, long shot from back, Tyndall rays, fine brush, iridescent titanium, prairie, black chalk, on a simple background, with a long, display item, scrape off, seen from below, children playing nearby",134:89,2,2.764771393,2.764771393,0.995,4,3,9,768,960,1024,41,DPMPP2MSampler,VanillaCFG,2.873739601,FALSE,,,,,,1:2,harsh_light+wide_angle,square,100,4,manual,2,0.125,277,"https://firefly.adobe.com/generate/images?style=photo&seed=42&seed=242&seed=4242&seed=2442&prompt=Painting+of+a+yellow+and+black+painting+on+a+wall%2C+fiberoptic+hair%2C+on+wooden+table%2C+bottom+view%2C+scratched+photo%2C+long+shot+from+back%2C+Tyndall+rays%2C+fine+brush%2C+iridescent+titanium%2C+prairie%2C+black+chalk%2C+on+a+simple+background%2C+with+a+long%2C+display+item%2C+scrape+off%2C+seen+from+below%2C+children+playing+nearby&modelInputVersion=v2&aspectRatio=square&creativity=4&guideStrength=100&exif={""mode""%3A""manual""%2C""details""%3A{""aperture""%3A2%2C""focal_length""%3A277%2C""shutter_speed""%3A0.125}}&style=harsh_light&style=wide_angle"
r1934e29ft,"There is a birdhouse on a tree in a park, Venice Biennale, hidden camera photo, Lviv, Noire photo, leaf green, photo photo, in a city street, reading under a tree, in a square, ISO640, discovered photo, gentle breeze rustling the leaves and distant sounds of laughter",51:77,1,2.882375668,2.882375668,0.999,4,1,0,512,1152,832,44,DPMPP2SAncestralSampler,VanillaCFG,4.047417908,TRUE,42,EulerAncestralSampler,VanillaCFG,7.159136963,TRUE,1:1,pastel_colors+harsh_light,square,50,7,manual,22,0.5,297,"https://firefly.adobe.com/generate/images?style=photo&seed=42&seed=242&seed=4242&seed=2442&prompt=There+is+a+birdhouse+on+a+tree+in+a+park%2C+Venice+Biennale%2C+hidden+camera+photo%2C+Lviv%2C+Noire+photo%2C+leaf+green%2C+photo+photo%2C+in+a+city+street%2C+reading+under+a+tree%2C+in+a+square%2C+ISO640%2C+discovered+photo%2C+gentle+breeze+rustling+the+leaves+and+distant+sounds+of+laughter&modelInputVersion=v2&aspectRatio=square&creativity=7&guideStrength=50&exif={""mode""%3A""manual""%2C""details""%3A{""aperture""%3A22%2C""focal_length""%3A297%2C""shutter_speed""%3A0.5}}&style=pastel_colors&style=harsh_light"
r193b12aet,"Mountains covered in snow and trees with a small white house on top, blue sky without clouds, black forest, a photo, seen from a long distance, ochre, real image, trees, wide view, viewed from the ground, velvet, seen from afar, very large blossom, close photo, magical silence broken only by the distant howling of wolves",77:51,3,4.083785749,4.083785749,0.995,3,3,1,512,896,1088,42,EulerEDMSampler,VanillaCFG,4.193304247,FALSE,,,,,,3:4,bokeh+golden_hour+macrophotography,square,0,6,manual,1.2,0.016,106,"https://firefly.adobe.com/generate/images?style=photo&seed=42&seed=242&seed=4242&seed=2442&prompt=Mountains+covered+in+snow+and+trees+with+a+small+white+house+on+top%2C+blue+sky+without+clouds%2C+black+forest%2C+a+photo%2C+seen+from+a+long+distance%2C+ochre%2C+real+image%2C+trees%2C+wide+view%2C+viewed+from+the+ground%2C+velvet%2C+seen+from+afar%2C+very+large+blossom%2C+close+photo%2C+magical+silence+broken+only+by+the+distant+howling+of+wolves&modelInputVersion=v2&aspectRatio=square&creativity=6&guideStrength=0&exif={""mode""%3A""manual""%2C""details""%3A{""aperture""%3A1.2%2C""focal_length""%3A106%2C""shutter_speed""%3A0.016}}&style=bokeh&style=golden_hour&style=macrophotography"
r194c49f5t,"Arafed tree with lights in front of a church at night, on Pentax 67, 2 0 1 0 photo, golden heavenly lights, market square, Munich, albino, noon, old abbey in the background, soft glow of the moon casting ethereal shadows",77:51,3,4.414049499,4.414049499,0.998,2,2,2,512,704,1344,43,EulerEDMSampler,IdentityGuider,,TRUE,46,HeunEDMSampler,IdentityGuider,,TRUE,1:1,landscape_photography,square,50,8,auto,,,,"https://firefly.adobe.com/generate/images?style=photo&seed=42&seed=242&seed=4242&seed=2442&prompt=Arafed+tree+with+lights+in+front+of+a+church+at+night%2C+on+Pentax+67%2C+2+0+1+0+photo%2C+golden+heavenly+lights%2C+market+square%2C+Munich%2C+albino%2C+noon%2C+old+abbey+in+the+background%2C+soft+glow+of+the+moon+casting+ethereal+shadows&modelInputVersion=v2&aspectRatio=square&creativity=8&guideStrength=50&exif={""mode""%3A""auto""}&style=landscape_photography"
r195a5f44t,"People are walking around a market area with tables and umbrellas, Italian Renaissance workshop, old furniture, big, high-res photo, editorial, garbage, classical antiquities on display, Fai, at noon, old comics in the city, brick, singer, bull, dors, vibrant colors and bustling atmosphere of the market",77:51,1,7.910663213,7.910663213,0.996,4,3,3,512,1344,704,45,EulerEDMSampler,IdentityGuider,,TRUE,45,EulerAncestralSampler,VanillaCFG,,TRUE,2:3,warm_colors,square,100,6,manual,5.6,0.066,151,"https://firefly.adobe.com/generate/images?style=photo&seed=42&seed=242&seed=4242&seed=2442&prompt=People+are+walking+around+a+market+area+with+tables+and+umbrellas%2C+Italian+Renaissance+workshop%2C+old+furniture%2C+big%2C+high-res+photo%2C+editorial%2C+garbage%2C+classical+antiquities+on+display%2C+Fai%2C+at+noon%2C+old+comics+in+the+city%2C+brick%2C+singer%2C+bull%2C+dors%2C+vibrant+colors+and+bustling+atmosphere+of+the+market&modelInputVersion=v2&aspectRatio=square&creativity=6&guideStrength=100&exif={""mode""%3A""manual""%2C""details""%3A{""aperture""%3A5.6%2C""focal_length""%3A151%2C""shutter_speed""%3A0.066}}&style=warm_colors"
r195f12adt,"There is a courtyard with a lamppost and potted plants, Vietnamese temple scene, under rain, museum photo, plain view, at midday, of an old 13th-century, professional photo, ground-level shot, village square, the imperial palace, quiet disdain, covered with tar, blooming flowers adding a touch of color to the serene setting",77:51,3,8.921704772,8.921704772,0.998,3,5,4,768,1536,640,38,DPMPP2SAncestralSampler,IdentityGuider,,TRUE,35,EulerEDMSampler,VanillaCFG,,TRUE,4:3,simple+misty+surface_detail,square,40,6,manual,8,0.016,104,"https://firefly.adobe.com/generate/images?style=photo&seed=42&seed=242&seed=4242&seed=2442&prompt=There+is+a+courtyard+with+a+lamppost+and+potted+plants%2C+Vietnamese+temple+scene%2C+under+rain%2C+museum+photo%2C+plain+view%2C+at+midday%2C+of+an+old+13th-century%2C+professional+photo%2C+ground-level+shot%2C+village+square%2C+the+imperial+palace%2C+quiet+disdain%2C+covered+with+tar%2C+blooming+flowers+adding+a+touch+of+color+to+the+serene+setting&modelInputVersion=v2&aspectRatio=square&creativity=6&guideStrength=40&exif={""mode""%3A""manual""%2C""details""%3A{""aperture""%3A8%2C""focal_length""%3A104%2C""shutter_speed""%3A0.016}}&style=simple&style=misty&style=surface_detail"
r197770adt,"There is a bear that is standing in the woods by the water, Lago di Sorapis, with a tall tree, editorial, view from a distance, high face detail, single pine, lianas, teepee, wide-shot, deep green, monolithic granite spikes, multilayer, hill, at midday, dew, gentle ripples on the water's surface and the distant call of birds",77:51,4,8.123495767,8.123495767,0.999,2,2,5,768,1536,640,48,LinearMultistepSampler,VanillaCFG,4.746538349,TRUE,36,LinearMultistepSampler,VanillaCFG,6.824267442,TRUE,1:1,,widescreen,8,3,manual,22,1,212,"https://firefly.adobe.com/generate/images?style=photo&seed=42&seed=242&seed=4242&seed=2442&prompt=There+is+a+bear+that+is+standing+in+the+woods+by+the+water%2C+Lago+di+Sorapis%2C+with+a+tall+tree%2C+editorial%2C+view+from+a+distance%2C+high+face+detail%2C+single+pine%2C+lianas%2C+teepee%2C+wide-shot%2C+deep+green%2C+monolithic+granite+spikes%2C+multilayer%2C+hill%2C+at+midday%2C+dew%2C+gentle+ripples+on+the+water's+surface+and+the+distant+call+of+birds&modelInputVersion=v2&aspectRatio=widescreen&creativity=3&guideStrength=8&exif={""mode""%3A""manual""%2C""details""%3A{""aperture""%3A22%2C""focal_length""%3A212%2C""shutter_speed""%3A1}}"
r19835fbft,"there are many white flowers that are growing in the grass, larvae, yellow and greens, madgwick, lots of little daisies, the emerald herald in the garden, classified photo, damp, mead",77:51,2,8.988110817,8.988110817,0.999,4,0,0,768,1408,704,42,DPMPP2MSampler,IdentityGuider,,TRUE,29,HeunEDMSampler,VanillaCFG,,TRUE,16:9,golden_hour,widescreen,100,8,manual,2,1,119,"https://firefly.adobe.com/generate/images?style=photo&seed=42&seed=242&seed=4242&seed=2442&prompt=there+are+many+white+flowers+that+are+growing+in+the+grass%2C+larvae%2C+yellow+and+greens%2C+madgwick%2C+lots+of+little+daisies%2C+the+emerald+herald+in+the+garden%2C+classified+photo%2C+damp%2C+mead&modelInputVersion=v2&aspectRatio=widescreen&creativity=8&guideStrength=100&exif={""mode""%3A""manual""%2C""details""%3A{""aperture""%3A2%2C""focal_length""%3A119%2C""shutter_speed""%3A1}}&style=golden_hour"
r1986e42bt,"stone church with a clock tower and a clock on the front, late gothic religious paintings, seen from outside, german renaissance architecture, ochre, the clock is stuck at midnight, its hands barely visible against the weathered stone, the paint of the religious paintings is faded but their majesty remains, the cold wind whistles through the old architecture",51:77,3,5.266871103,5.266871103,0.999,3,2,1,512,1152,896,36,DPMPP2SAncestralSampler,VanillaCFG,5.269404842,TRUE,48,EulerEDMSampler,VanillaCFG,4.209044122,TRUE,3:4,pastel_colors+dramatic_light+shot_from_below,portrait,5,3,manual,4,10,103,"https://firefly.adobe.com/generate/images?style=photo&seed=42&seed=242&seed=4242&seed=2442&prompt=stone+church+with+a+clock+tower+and+a+clock+on+the+front%2C+late+gothic+religious+paintings%2C+seen+from+outside%2C+german+renaissance+architecture%2C+ochre%2C+the+clock+is+stuck+at+midnight%2C+its+hands+barely+visible+against+the+weathered+stone%2C+the+paint+of+the+religious+paintings+is+faded+but+their+majesty+remains%2C+the+cold+wind+whistles+through+the+old+architecture&modelInputVersion=v2&aspectRatio=portrait&creativity=3&guideStrength=5&exif={""mode""%3A""manual""%2C""details""%3A{""aperture""%3A4%2C""focal_length""%3A103%2C""shutter_speed""%3A10}}&style=pastel_colors&style=dramatic_light&style=shot_from_below"
r198ae140t,"nighttime view of a bridge over a river with a boat in it, duck, skiff, fishing town, wide angel shot, at noon, the river is calm under the moonlight, the boat is quiet, the town is asleep, the bridge stretches wide under the starry sky",77:51,2,3.08759613,3.08759613,1,4,2,3,768,896,1088,46,EulerAncestralSampler,IdentityGuider,,FALSE,,,,,,2:1,warm_colors+backlighting+shot_from_above,square,50,3,manual,4,0.0006,78,"https://firefly.adobe.com/generate/images?style=photo&seed=42&seed=242&seed=4242&seed=2442&prompt=nighttime+view+of+a+bridge+over+a+river+with+a+boat+in+it%2C+duck%2C+skiff%2C+fishing+town%2C+wide+angel+shot%2C+at+noon%2C+the+river+is+calm+under+the+moonlight%2C+the+boat+is+quiet%2C+the+town+is+asleep%2C+the+bridge+stretches+wide+under+the+starry+sky&modelInputVersion=v2&aspectRatio=square&creativity=3&guideStrength=50&exif={""mode""%3A""manual""%2C""details""%3A{""aperture""%3A4%2C""focal_length""%3A78%2C""shutter_speed""%3A0.0006}}&style=warm_colors&style=backlighting&style=shot_from_above"
r198ea6a5t,"tall grass in front of a body of water with a boat in the distance, ethereal gold and silver tones, phragmites, soft sunbeam, close up image, rippling water, copper elements, midday lighting, light reflecting off windows, harmony of, zen concept, the grass sways gently in the breeze, the sunbeam warms the cool water, the boat slowly drifts away",77:51,3,6.294454092,6.294454092,0.996,3,3,2,768,704,1344,35,EulerAncestralSampler,VanillaCFG,3.099241994,FALSE,,,,,,4:5,wide_angle,square,72,6,auto,,,,"https://firefly.adobe.com/generate/images?style=photo&seed=42&seed=242&seed=4242&seed=2442&prompt=tall+grass+in+front+of+a+body+of+water+with+a+boat+in+the+distance%2C+ethereal+gold+and+silver+tones%2C+phragmites%2C+soft+sunbeam%2C+close+up+image%2C+rippling+water%2C+copper+elements%2C+midday+lighting%2C+light+reflecting+off+windows%2C+harmony+of%2C+zen+concept%2C+the+grass+sways+gently+in+the+breeze%2C+the+sunbeam+warms+the+cool+water%2C+the+boat+slowly+drifts+away&modelInputVersion=v2&aspectRatio=square&creativity=6&guideStrength=72&exif={""mode""%3A""auto""}&style=wide_angle"
r19924edft,"there is a woman walking in front of a large building, heavily gothic ornamental, features between french, rosette, flowers everywhere, huge tusks, christian saint rosace, summer 2016, the building's shadow looms over the woman, the flowers brighten up the grey stone, the tusks are surprisingly well preserved, the rosette is beautifully intricate",77:51,3,3.071054039,3.071054039,0.995,3,4,5,768,832,1216,37,HeunEDMSampler,IdentityGuider,,TRUE,46,DPMPP2SAncestralSampler,IdentityGuider,,TRUE,4:5,golden_hour,widescreen,56,5,auto,,,,"https://firefly.adobe.com/generate/images?style=photo&seed=42&seed=242&seed=4242&seed=2442&prompt=there+is+a+woman+walking+in+front+of+a+large+building%2C+heavily+gothic+ornamental%2C+features+between+french%2C+rosette%2C+flowers+everywhere%2C+huge+tusks%2C+christian+saint+rosace%2C+summer+2016%2C+the+building's+shadow+looms+over+the+woman%2C+the+flowers+brighten+up+the+grey+stone%2C+the+tusks+are+surprisingly+well+preserved%2C+the+rosette+is+beautifully+intricate&modelInputVersion=v2&aspectRatio=widescreen&creativity=5&guideStrength=56&exif={""mode""%3A""auto""}&style=golden_hour"
r19b49f2ct,"statue of a man holding a tree in a museum, beautiful handsome body, elegant lady with alabaster skin, prosthetic leg, wide long view, carefree, opus tesellatum, droste effect, pillar, the statue is lit from above, the museum is quiet, the tree the man is holding is finely detailed, the pillar is strong and sturdy",51:77,4,2.825326334,2.825326334,0.997,4,2,2,512,1344,768,41,LinearMultistepSampler,IdentityGuider,,FALSE,,,,,,9:16,surreal_lighting,portrait,100,2,manual,1.2,0.004,17,"https://firefly.adobe.com/generate/images?style=photo&seed=42&seed=242&seed=4242&seed=2442&prompt=statue+of+a+man+holding+a+tree+in+a+museum%2C+beautiful+handsome+body%2C+elegant+lady+with+alabaster+skin%2C+prosthetic+leg%2C+wide+long+view%2C+carefree%2C+opus+tesellatum%2C+droste+effect%2C+pillar%2C+the+statue+is+lit+from+above%2C+the+museum+is+quiet%2C+the+tree+the+man+is+holding+is+finely+detailed%2C+the+pillar+is+strong+and+sturdy&modelInputVersion=v2&aspectRatio=portrait&creativity=2&guideStrength=100&exif={""mode""%3A""manual""%2C""details""%3A{""aperture""%3A1.2%2C""focal_length""%3A17%2C""shutter_speed""%3A0.004}}&style=surreal_lighting"
r19ba7288t,"people walking around in a plaza in front of a large building, sparkles and sun rays, dressed in roman clothes, in a large cathedral, the sun rays create a beautiful play of light and shadow, the clothes flow as people move, the cathedral towers over the plaza, the air is filled with the sound of footsteps and hushed conversations",77:51,2,4.177089681,4.177089681,1,3,2,2,768,1024,960,44,HeunEDMSampler,VanillaCFG,4.913853603,FALSE,,,,,,1:2,backlighting,portrait,100,10,auto,,,,"https://firefly.adobe.com/generate/images?style=photo&seed=42&seed=242&seed=4242&seed=2442&prompt=people+walking+around+in+a+plaza+in+front+of+a+large+building%2C+sparkles+and+sun+rays%2C+dressed+in+roman+clothes%2C+in+a+large+cathedral%2C+the+sun+rays+create+a+beautiful+play+of+light+and+shadow%2C+the+clothes+flow+as+people+move%2C+the+cathedral+towers+over+the+plaza%2C+the+air+is+filled+with+the+sound+of+footsteps+and+hushed+conversations&modelInputVersion=v2&aspectRatio=portrait&creativity=10&guideStrength=100&exif={""mode""%3A""auto""}&style=backlighting"
r19be5c05t,"there is a close up of a pink flower with green leaves, pale milky white porcelain skin, tulips, beautiful symmetrical features, smooth streamline, seeds, the flower is in full bloom, the leaves are shiny and healthy, the seeds are barely visible, the tulips are a lovely shade of pink",77:51,1,8.304821843,8.304821843,0.997,2,2,2,512,1600,640,43,HeunEDMSampler,VanillaCFG,6.636459122,FALSE,,,,,,5:4,muted,square,100,3,manual,4,0.008,263,"https://firefly.adobe.com/generate/images?style=photo&seed=42&seed=242&seed=4242&seed=2442&prompt=there+is+a+close+up+of+a+pink+flower+with+green+leaves%2C+pale+milky+white+porcelain+skin%2C+tulips%2C+beautiful+symmetrical+features%2C+smooth+streamline%2C+seeds%2C+the+flower+is+in+full+bloom%2C+the+leaves+are+shiny+and+healthy%2C+the+seeds+are+barely+visible%2C+the+tulips+are+a+lovely+shade+of+pink&modelInputVersion=v2&aspectRatio=square&creativity=3&guideStrength=100&exif={""mode""%3A""manual""%2C""details""%3A{""aperture""%3A4%2C""focal_length""%3A263%2C""shutter_speed""%3A0.008}}&style=muted"
r19c9183at,"there is a large body of water with a mountain in the background, blue and green water, smooth, large, image depth, complementary colour, the water is calm and clear, the mountain looms in the distance, the sky is a brilliant blue",77:51,3,6.633884961,6.633884961,0.995,3,3,2,512,960,1088,40,DPMPP2MSampler,IdentityGuider,,TRUE,40,DPMPP2SAncestralSampler,VanillaCFG,,FALSE,9:16,misty+cool_colors+closeup,landscape,0,6,auto,,,,"https://firefly.adobe.com/generate/images?style=photo&seed=42&seed=242&seed=4242&seed=2442&prompt=there+is+a+large+body+of+water+with+a+mountain+in+the+background%2C+blue+and+green+water%2C+smooth%2C+large%2C+image+depth%2C+complementary+colour%2C+the+water+is+calm+and+clear%2C+the+mountain+looms+in+the+distance%2C+the+sky+is+a+brilliant+blue&modelInputVersion=v2&aspectRatio=landscape&creativity=6&guideStrength=0&exif={""mode""%3A""auto""}&style=misty&style=cool_colors&style=closeup"
r19d47beft,"there is a man riding a horse on a mountain trail, over a chalk cliff, viewed from bellow, green terrace, panorama, the man is focused, the horse is steady, the trail is narrow and winding, the panorama is breathtaking",77:51,1,4.409258335,4.409258335,1,4,4,3,768,1024,1024,42,EulerAncestralSampler,VanillaCFG,3.926995091,FALSE,,,,,,2:1,chaotic+low_lighting+surface_detail,portrait,0,4,auto,,,,"https://firefly.adobe.com/generate/images?style=photo&seed=42&seed=242&seed=4242&seed=2442&prompt=there+is+a+man+riding+a+horse+on+a+mountain+trail%2C+over+a+chalk+cliff%2C+viewed+from+bellow%2C+green+terrace%2C+panorama%2C+the+man+is+focused%2C+the+horse+is+steady%2C+the+trail+is+narrow+and+winding%2C+the+panorama+is+breathtaking&modelInputVersion=v2&aspectRatio=portrait&creativity=4&guideStrength=0&exif={""mode""%3A""auto""}&style=chaotic&style=low_lighting&style=surface_detail"
r19d72b0ct,"there is a red bag with a cartoon character on it, bovine, bells, close up, tall shot, travel, clean photo, super cute, high-body detail, traditional medium, the cartoon character is cheerful, the bag is new and shiny, the bells jingle softly, the shot is perfectly framed",51:77,4,8.60514418,8.60514418,0.996,2,4,0,768,960,1024,42,HeunEDMSampler,IdentityGuider,,TRUE,43,EulerAncestralSampler,IdentityGuider,,TRUE,9:16,pastel_colors,widescreen,50,2,manual,5.6,0.008,38,"https://firefly.adobe.com/generate/images?style=photo&seed=42&seed=242&seed=4242&seed=2442&prompt=there+is+a+red+bag+with+a+cartoon+character+on+it%2C+bovine%2C+bells%2C+close+up%2C+tall+shot%2C+travel%2C+clean+photo%2C+super+cute%2C+high-body+detail%2C+traditional+medium%2C+the+cartoon+character+is+cheerful%2C+the+bag+is+new+and+shiny%2C+the+bells+jingle+softly%2C+the+shot+is+perfectly+framed&modelInputVersion=v2&aspectRatio=widescreen&creativity=2&guideStrength=50&exif={""mode""%3A""manual""%2C""details""%3A{""aperture""%3A5.6%2C""focal_length""%3A38%2C""shutter_speed""%3A0.008}}&style=pastel_colors"
r19d92967t,"there are many houses along the river with a few people walking, windmills, few farm green highlights, beautiful, dutch style, basic background, spring early, the houses are colorful, the people are leisurely, the windmills are iconic, the style is charming, the background is serene",77:51,1,7.162715609,7.162715609,0.999,3,3,0,512,832,1152,44,EulerAncestralSampler,IdentityGuider,,TRUE,38,DPMPP2MSampler,VanillaCFG,,TRUE,4:3,studio_light+shot_from_above,square,100,6,auto,,,,"https://firefly.adobe.com/generate/images?style=photo&seed=42&seed=242&seed=4242&seed=2442&prompt=there+are+many+houses+along+the+river+with+a+few+people+walking%2C+windmills%2C+few+farm+green+highlights%2C+beautiful%2C+dutch+style%2C+basic+background%2C+spring+early%2C+the+houses+are+colorful%2C+the+people+are+leisurely%2C+the+windmills+are+iconic%2C+the+style+is+charming%2C+the+background+is+serene&modelInputVersion=v2&aspectRatio=square&creativity=6&guideStrength=100&exif={""mode""%3A""auto""}&style=studio_light&style=shot_from_above"
r19fe3107t,"there are two birds standing on the grass near the road, dark crow, accentuated shadows, minn, editorial, street life, real photo, energetic beings patrolling",77:51,1,5.846746769,5.846746769,0.997,4,4,4,768,896,1152,34,DPMPP2MSampler,VanillaCFG,6.533453754,FALSE,,,,,,4:5,bw+low_lighting,square,22,2,auto,,,,"https://firefly.adobe.com/generate/images?style=photo&seed=42&seed=242&seed=4242&seed=2442&prompt=there+are+two+birds+standing+on+the+grass+near+the+road%2C+dark+crow%2C+accentuated+shadows%2C+minn%2C+editorial%2C+street+life%2C+real+photo%2C+energetic+beings+patrolling&modelInputVersion=v2&aspectRatio=square&creativity=2&guideStrength=22&exif={""mode""%3A""auto""}&style=bw&style=low_lighting"
r1a020c3ft,"there are many people standing in a square with a lot of buildings, rome, manifestation,  green terrace, january, traffic in background, raden saleh, bushes in the background, black and reddis, il, on the qt, jr, children's",134:89,1,4.572624373,4.572624373,0.998,3,2,0,768,832,1216,32,HeunEDMSampler,IdentityGuider,,FALSE,,,,,,3:2,long-time_exposure,portrait,0,7,auto,,,,"https://firefly.adobe.com/generate/images?style=photo&seed=42&seed=242&seed=4242&seed=2442&prompt=there+are+many+people+standing+in+a+square+with+a+lot+of+buildings%2C+rome%2C+manifestation%2C++green+terrace%2C+january%2C+traffic+in+background%2C+raden+saleh%2C+bushes+in+the+background%2C+black+and+reddis%2C+il%2C+on+the+qt%2C+jr%2C+children's&modelInputVersion=v2&aspectRatio=portrait&creativity=7&guideStrength=0&exif={""mode""%3A""auto""}&style=long-time_exposure"
r1a07dd25t,"there is a small building with a clock on the top of it, banff national park, alvaro siza, sukkot, mountainscape, slightly overexposed, before a stucco wall, wide angel shot, katinka reinke, softair center landscape, environmental shot, italy, cedar, roman nose, wideshot, tree",77:51,4,6.355904143,6.355904143,0.998,4,4,0,768,768,1280,38,DPMPP2MSampler,VanillaCFG,0.5,FALSE,,,,,,2:3,multiexposure+surface_detail,square,35,6,auto,,,,"https://firefly.adobe.com/generate/images?style=photo&seed=42&seed=242&seed=4242&seed=2442&prompt=there+is+a+small+building+with+a+clock+on+the+top+of+it%2C+banff+national+park%2C+alvaro+siza%2C+sukkot%2C+mountainscape%2C+slightly+overexposed%2C+before+a+stucco+wall%2C+wide+angel+shot%2C+katinka+reinke%2C+softair+center+landscape%2C+environmental+shot%2C+italy%2C+cedar%2C+roman+nose%2C+wideshot%2C+tree&modelInputVersion=v2&aspectRatio=square&creativity=6&guideStrength=35&exif={""mode""%3A""auto""}&style=multiexposure&style=surface_detail"
r1a0968bft,"there is a field of flowers that are in the middle of a field, gemmy woud binnendijk, datapipeline or river, perfect-full-shot, very colourful, muck, bleached colours, waving, lined up horizontally, red water, roadside, very clear view, outside on the ground",77:51,1,6.520767844,6.520767844,0.997,1,5,1,768,1024,960,39,EulerEDMSampler,VanillaCFG,6.33976459,TRUE,44,DPMPP2SAncestralSampler,IdentityGuider,4.339860766,FALSE,2:3,vibrant_colors,landscape,100,8,auto,,,,"https://firefly.adobe.com/generate/images?style=photo&seed=42&seed=242&seed=4242&seed=2442&prompt=there+is+a+field+of+flowers+that+are+in+the+middle+of+a+field%2C+gemmy+woud+binnendijk%2C+datapipeline+or+river%2C+perfect-full-shot%2C+very+colourful%2C+muck%2C+bleached+colours%2C+waving%2C+lined+up+horizontally%2C+red+water%2C+roadside%2C+very+clear+view%2C+outside+on+the+ground&modelInputVersion=v2&aspectRatio=landscape&creativity=8&guideStrength=100&exif={""mode""%3A""auto""}&style=vibrant_colors"
r1a0f5585t,"windmills on a small island in a body of water, sickly green colors, museum photo, close up shot from the side, simple gable roofs, giant speakers, 1890 photo, editorial, two giant towers, manufacturing, npr",77:51,2,4.803199628,4.803199628,0.998,3,4,2,768,896,1088,38,HeunEDMSampler,VanillaCFG,6.51557627,TRUE,33,LinearMultistepSampler,VanillaCFG,7.47303785,FALSE,2:1,gomori_photography+golden_hour,square,46,6,auto,,,,"https://firefly.adobe.com/generate/images?style=photo&seed=42&seed=242&seed=4242&seed=2442&prompt=windmills+on+a+small+island+in+a+body+of+water%2C+sickly+green+colors%2C+museum+photo%2C+close+up+shot+from+the+side%2C+simple+gable+roofs%2C+giant+speakers%2C+1890+photo%2C+editorial%2C+two+giant+towers%2C+manufacturing%2C+npr&modelInputVersion=v2&aspectRatio=square&creativity=6&guideStrength=46&exif={""mode""%3A""auto""}&style=gomori_photography&style=golden_hour"
r1a11b3c0t,"cars parked in a parking lot in front of a yellow building, abbondio stazio, location of a dark old house, in a city square, bare trees, well rendered, open space, view from the street, shops, with mountains in the background, seen from the back, soft shadowing, ermine, pillar",134:89,4,2.525257601,2.525257601,0.997,2,4,2,768,768,1344,40,HeunEDMSampler,VanillaCFG,4.832368067,TRUE,42,LinearMultistepSampler,VanillaCFG,3.742289707,FALSE,3:4,backlighting,portrait,50,10,auto,,,,"https://firefly.adobe.com/generate/images?style=photo&seed=42&seed=242&seed=4242&seed=2442&prompt=cars+parked+in+a+parking+lot+in+front+of+a+yellow+building%2C+abbondio+stazio%2C+location+of+a+dark+old+house%2C+in+a+city+square%2C+bare+trees%2C+well+rendered%2C+open+space%2C+view+from+the+street%2C+shops%2C+with+mountains+in+the+background%2C+seen+from+the+back%2C+soft+shadowing%2C+ermine%2C+pillar&modelInputVersion=v2&aspectRatio=portrait&creativity=10&guideStrength=50&exif={""mode""%3A""auto""}&style=backlighting"
r1a170ddbt,"there is a table with a lamp, a book, and a basket of flowers, close up shot of an amulet, blue and black color scheme, installation art, auction photo, wind chimes, tie-dye, psychic, crane, necklace, space elevator, cloese-up, stand, detailed, oc, home display, libra",51:77,2,6.970460387,6.970460387,0.998,4,5,3,768,768,1344,34,LinearMultistepSampler,VanillaCFG,2.871208744,FALSE,,,,,,1:2,dark,widescreen,50,3,manual,16,10,243,"https://firefly.adobe.com/generate/images?style=photo&seed=42&seed=242&seed=4242&seed=2442&prompt=there+is+a+table+with+a+lamp%2C+a+book%2C+and+a+basket+of+flowers%2C+close+up+shot+of+an+amulet%2C+blue+and+black+color+scheme%2C+installation+art%2C+auction+photo%2C+wind+chimes%2C+tie-dye%2C+psychic%2C+crane%2C+necklace%2C+space+elevator%2C+cloese-up%2C+stand%2C+detailed%2C+oc%2C+home+display%2C+libra&modelInputVersion=v2&aspectRatio=widescreen&creativity=3&guideStrength=50&exif={""mode""%3A""manual""%2C""details""%3A{""aperture""%3A16%2C""focal_length""%3A243%2C""shutter_speed""%3A10}}&style=dark"
r1a1d24b2t,"arafes on a hill with a view of a valley below, empty wheat field, mountain lakes, telephoto vacation picture, bussiere and roberto ferri, sparse winter landscape, 33mm photo, water reservoir, across the face portrait, inspired by Altichiero, gravel and scree ground, a blond, lone person in the distance",134:89,3,8.776607088,8.776607088,0.995,3,2,4,768,1664,576,33,EulerEDMSampler,VanillaCFG,3.298423289,TRUE,35,HeunEDMSampler,IdentityGuider,4.226939427,TRUE,2:3,monochromatic,landscape,50,7,auto,,,,"https://firefly.adobe.com/generate/images?style=photo&seed=42&seed=242&seed=4242&seed=2442&prompt=arafes+on+a+hill+with+a+view+of+a+valley+below%2C+empty+wheat+field%2C+mountain+lakes%2C+telephoto+vacation+picture%2C+bussiere+and+roberto+ferri%2C+sparse+winter+landscape%2C+33mm+photo%2C+water+reservoir%2C+across+the+face+portrait%2C+inspired+by+Altichiero%2C+gravel+and+scree+ground%2C+a+blond%2C+lone+person+in+the+distance&modelInputVersion=v2&aspectRatio=landscape&creativity=7&guideStrength=50&exif={""mode""%3A""auto""}&style=monochromatic"
r1a1d7e72t,"there is a large room with a clock in it and people standing around, beautiful sculpted details, infinite hallway, inspired by Théodore Géricault, catwalk photo, entrance, apollo, plutus su, curvaceous, detailed, closeup at the food, roman, gliding, arc, the, april, 2 0 1 0 photo",134:89,1,5.268581666,5.268581666,0.998,1,5,0,512,896,1088,47,EulerAncestralSampler,VanillaCFG,5.195357235,TRUE,43,DPMPP2SAncestralSampler,VanillaCFG,6.563449416,TRUE,4:5,dark+misty+monochromatic,landscape,95,7,manual,2.8,10,142,"https://firefly.adobe.com/generate/images?style=photo&seed=42&seed=242&seed=4242&seed=2442&prompt=there+is+a+large+room+with+a+clock+in+it+and+people+standing+around%2C+beautiful+sculpted+details%2C+infinite+hallway%2C+inspired+by+Théodore+Géricault%2C+catwalk+photo%2C+entrance%2C+apollo%2C+plutus+su%2C+curvaceous%2C+detailed%2C+closeup+at+the+food%2C+roman%2C+gliding%2C+arc%2C+the%2C+april%2C+2+0+1+0+photo&modelInputVersion=v2&aspectRatio=landscape&creativity=7&guideStrength=95&exif={""mode""%3A""manual""%2C""details""%3A{""aperture""%3A2.8%2C""focal_length""%3A142%2C""shutter_speed""%3A10}}&style=dark&style=misty&style=monochromatic"
r1a2095b2t,"there is a lone horse standing in a field with a mountain in the background, slovakia, giant crater in distance, sunny winter day, taken with a pentax k1000, grass spiral mountain landscape, long perspective, hardturm, giant, photo photo",134:89,2,8.733222769,8.733222769,0.995,2,2,1,768,1280,768,41,DPMPP2MSampler,VanillaCFG,4.831726612,TRUE,42,EulerAncestralSampler,VanillaCFG,5.422054323,FALSE,2:1,pastel_colors,widescreen,0,8,auto,,,,"https://firefly.adobe.com/generate/images?style=photo&seed=42&seed=242&seed=4242&seed=2442&prompt=there+is+a+lone+horse+standing+in+a+field+with+a+mountain+in+the+background%2C+slovakia%2C+giant+crater+in+distance%2C+sunny+winter+day%2C+taken+with+a+pentax+k1000%2C+grass+spiral+mountain+landscape%2C+long+perspective%2C+hardturm%2C+giant%2C+photo+photo&modelInputVersion=v2&aspectRatio=widescreen&creativity=8&guideStrength=0&exif={""mode""%3A""auto""}&style=pastel_colors"
r1a28d44bt,"trees with yellow leaves in a forest with a hill in the background, fairy circles, in the swiss alps, yellow infrared, yellow gemstones, rich bright sunny colors, cedar, large tall, yellow seaweed, whip, a photo",77:51,1,5.962903883,5.962903883,0.996,3,2,2,768,832,1152,34,HeunEDMSampler,VanillaCFG,6.187357354,TRUE,33,DPMPP2SAncestralSampler,IdentityGuider,4.836803885,TRUE,9:16,vibrant_colors,square,50,5,manual,4,0.0006,261,"https://firefly.adobe.com/generate/images?style=photo&seed=42&seed=242&seed=4242&seed=2442&prompt=trees+with+yellow+leaves+in+a+forest+with+a+hill+in+the+background%2C+fairy+circles%2C+in+the+swiss+alps%2C+yellow+infrared%2C+yellow+gemstones%2C+rich+bright+sunny+colors%2C+cedar%2C+large+tall%2C+yellow+seaweed%2C+whip%2C+a+photo&modelInputVersion=v2&aspectRatio=square&creativity=5&guideStrength=50&exif={""mode""%3A""manual""%2C""details""%3A{""aperture""%3A4%2C""focal_length""%3A261%2C""shutter_speed""%3A0.0006}}&style=vibrant_colors"
r1a2d8b02t,"mountains are in the background, bocages, corrected, very clear, canopee, greenish colors, full shot, summertime, arkane lyon, over water, view from side, control, shaven, argentic, perfect-full-shot, debilitation, typical, high detalied, vanara, travel, displayed",134:89,1,7.07606234,7.07606234,0.996,1,2,3,768,768,1280,45,DPMPP2SAncestralSampler,VanillaCFG,5.935828141,TRUE,45,LinearMultistepSampler,IdentityGuider,4.75482352,FALSE,1:2,backlighting,portrait,0,8,manual,4,0.066,101,"https://firefly.adobe.com/generate/images?style=photo&seed=42&seed=242&seed=4242&seed=2442&prompt=mountains+are+in+the+background%2C+bocages%2C+corrected%2C+very+clear%2C+canopee%2C+greenish+colors%2C+full+shot%2C+summertime%2C+arkane+lyon%2C+over+water%2C+view+from+side%2C+control%2C+shaven%2C+argentic%2C+perfect-full-shot%2C+debilitation%2C+typical%2C+high+detalied%2C+vanara%2C+travel%2C+displayed&modelInputVersion=v2&aspectRatio=portrait&creativity=8&guideStrength=0&exif={""mode""%3A""manual""%2C""details""%3A{""aperture""%3A4%2C""focal_length""%3A101%2C""shutter_speed""%3A0.066}}&style=backlighting"
r1a343192t,"there are posters and posters on the floor of a building, bad camera, castle library, comfortable atmosphere, hung above the door, yellow walls, no flash, mimmo rottela, front view dramatic, sales, entrance, rebecca oborn, renato muccillo",134:89,2,6.687268609,6.687268609,1,3,2,4,768,1664,576,35,EulerEDMSampler,IdentityGuider,,FALSE,,,,,,1:1,surface_detail,square,100,10,auto,,,,"https://firefly.adobe.com/generate/images?style=photo&seed=42&seed=242&seed=4242&seed=2442&prompt=there+are+posters+and+posters+on+the+floor+of+a+building%2C+bad+camera%2C+castle+library%2C+comfortable+atmosphere%2C+hung+above+the+door%2C+yellow+walls%2C+no+flash%2C+mimmo+rottela%2C+front+view+dramatic%2C+sales%2C+entrance%2C+rebecca+oborn%2C+renato+muccillo&modelInputVersion=v2&aspectRatio=square&creativity=10&guideStrength=100&exif={""mode""%3A""auto""}&style=surface_detail"
r1a4651edt,"people walking in front of a large brick building with a clock tower, secrets inside the vatican, with overhead cloudy skies, january 20th, real image, barracks, the crown is very high, 2022 photo, regale, highly detailed architecture, 9",134:89,4,6.983029784,6.983029784,0.996,4,2,5,768,768,1344,37,EulerAncestralSampler,IdentityGuider,,TRUE,45,DPMPP2SAncestralSampler,VanillaCFG,,TRUE,4:3,multiexposure+knolling,widescreen,100,2,auto,,,,"https://firefly.adobe.com/generate/images?style=photo&seed=42&seed=242&seed=4242&seed=2442&prompt=people+walking+in+front+of+a+large+brick+building+with+a+clock+tower%2C+secrets+inside+the+vatican%2C+with+overhead+cloudy+skies%2C+january+20th%2C+real+image%2C+barracks%2C+the+crown+is+very+high%2C+2022+photo%2C+regale%2C+highly+detailed+architecture%2C+9&modelInputVersion=v2&aspectRatio=widescreen&creativity=2&guideStrength=100&exif={""mode""%3A""auto""}&style=multiexposure&style=knolling"
r1a485a99t,"people are walking up and down the stairs of a Spanish-style building, bernini, crowded square, during spring, best photo, tombs, marilyn church h, editorial, luminous colorful, sittin, roman face, editorial photo",77:51,1,4.418290584,4.418290584,0.997,3,0,0,512,832,1152,45,LinearMultistepSampler,VanillaCFG,3.717553661,TRUE,49,DPMPP2MSampler,VanillaCFG,1.193989614,TRUE,5:4,muted+multiexposure+closeup,widescreen,22,4,manual,1.4,0.0006,299,"https://firefly.adobe.com/generate/images?style=photo&seed=42&seed=242&seed=4242&seed=2442&prompt=people+are+walking+up+and+down+the+stairs+of+a+Spanish-style+building%2C+bernini%2C+crowded+square%2C+during+spring%2C+best+photo%2C+tombs%2C+marilyn+church+h%2C+editorial%2C+luminous+colorful%2C+sittin%2C+roman+face%2C+editorial+photo&modelInputVersion=v2&aspectRatio=widescreen&creativity=4&guideStrength=22&exif={""mode""%3A""manual""%2C""details""%3A{""aperture""%3A1.4%2C""focal_length""%3A299%2C""shutter_speed""%3A0.0006}}&style=muted&style=multiexposure&style=closeup"
r1a499b96t,"there is a snow-covered mountain with a cloud in the sky, optical flare, clear silhouette, at high noon, digital photo, astral appearance, praising the sun, hermes, ears shine through the light, vervia, iranian, cloisonne, desert, apparition, dramatic lighting",134:89,1,7.106617646,7.106617646,0.996,3,3,2,768,1664,576,47,HeunEDMSampler,IdentityGuider,,FALSE,,,,,,2:3,cool_colors,widescreen,100,9,manual,5.6,0.125,187,"https://firefly.adobe.com/generate/images?style=photo&seed=42&seed=242&seed=4242&seed=2442&prompt=there+is+a+snow-covered+mountain+with+a+cloud+in+the+sky%2C+optical+flare%2C+clear+silhouette%2C+at+high+noon%2C+digital+photo%2C+astral+appearance%2C+praising+the+sun%2C+hermes%2C+ears+shine+through+the+light%2C+vervia%2C+iranian%2C+cloisonne%2C+desert%2C+apparition%2C+dramatic+lighting&modelInputVersion=v2&aspectRatio=widescreen&creativity=9&guideStrength=100&exif={""mode""%3A""manual""%2C""details""%3A{""aperture""%3A5.6%2C""focal_length""%3A187%2C""shutter_speed""%3A0.125}}&style=cool_colors"
r1a57cb29t,"there is a horse grazing in a field in front of a mountain, dolomites, extreme wide shot, image from afar, oct, torii in a mountain with trees, nature photo, editorial",77:51,4,6.209526479,6.209526479,1,3,3,3,768,768,1280,38,HeunEDMSampler,IdentityGuider,,TRUE,40,EulerAncestralSampler,VanillaCFG,,FALSE,2:1,cool_colors+surface_detail,widescreen,100,4,manual,22,0.004,94,"https://firefly.adobe.com/generate/images?style=photo&seed=42&seed=242&seed=4242&seed=2442&prompt=there+is+a+horse+grazing+in+a+field+in+front+of+a+mountain%2C+dolomites%2C+extreme+wide+shot%2C+image+from+afar%2C+oct%2C+torii+in+a+mountain+with+trees%2C+nature+photo%2C+editorial&modelInputVersion=v2&aspectRatio=widescreen&creativity=4&guideStrength=100&exif={""mode""%3A""manual""%2C""details""%3A{""aperture""%3A22%2C""focal_length""%3A94%2C""shutter_speed""%3A0.004}}&style=cool_colors&style=surface_detail"
r1a5903fct,"sunset over the ocean with a boat in the distance, coherent photo, 80 mm photo, ( ( ( kauai ) ) ), from wheaton illinois, the sun is shining, photographic, red-yellow colors, 2223194009, luxury, 2010 photo",134:89,3,7.665640616,7.665640616,0.997,2,3,5,512,1152,832,47,DPMPP2MSampler,VanillaCFG,7.60859275,FALSE,,,,,,5:4,vibrant_colors+knolling,portrait,100,3,manual,1.2,0.066,250,"https://firefly.adobe.com/generate/images?style=photo&seed=42&seed=242&seed=4242&seed=2442&prompt=sunset+over+the+ocean+with+a+boat+in+the+distance%2C+coherent+photo%2C+80+mm+photo%2C+(+(+(+kauai+)+)+)%2C+from+wheaton+illinois%2C+the+sun+is+shining%2C+photographic%2C+red-yellow+colors%2C+2223194009%2C+luxury%2C+2010+photo&modelInputVersion=v2&aspectRatio=portrait&creativity=3&guideStrength=100&exif={""mode""%3A""manual""%2C""details""%3A{""aperture""%3A1.2%2C""focal_length""%3A250%2C""shutter_speed""%3A0.066}}&style=vibrant_colors&style=knolling"
r1a60a2bdt,"there is a small stream running through a grassy field next to a forest, mountain lake, favolaschia - calocera, polished, landscape architecture photo, colorful vegetation, media photo, full-length view, alps, crystal lake, mattell, hay, guardian of the holy lake, original, corduroy, half-length photo",51:77,1,3.341072729,3.341072729,0.998,1,2,1,768,1344,768,45,LinearMultistepSampler,VanillaCFG,2.925460156,TRUE,39,DPMPP2MSampler,VanillaCFG,4.335060829,TRUE,1:2,pastel_colors,square,100,3,manual,2.8,10,276,"https://firefly.adobe.com/generate/images?style=photo&seed=42&seed=242&seed=4242&seed=2442&prompt=there+is+a+small+stream+running+through+a+grassy+field+next+to+a+forest%2C+mountain+lake%2C+favolaschia+-+calocera%2C+polished%2C+landscape+architecture+photo%2C+colorful+vegetation%2C+media+photo%2C+full-length+view%2C+alps%2C+crystal+lake%2C+mattell%2C+hay%2C+guardian+of+the+holy+lake%2C+original%2C+corduroy%2C+half-length+photo&modelInputVersion=v2&aspectRatio=square&creativity=3&guideStrength=100&exif={""mode""%3A""manual""%2C""details""%3A{""aperture""%3A2.8%2C""focal_length""%3A276%2C""shutter_speed""%3A10}}&style=pastel_colors"
r1a711e27t,"there is a view of a lake and a forest from a hill, espoo, two medium-sized islands, 985530902, half-length photo, july, monastery, habitat 6 7, 8/8, Japanese, a photo",77:51,2,7.887494288,7.887494288,0.998,1,1,2,768,832,1152,47,DPMPP2MSampler,IdentityGuider,,TRUE,48,LinearMultistepSampler,VanillaCFG,,FALSE,5:4,fisheye+shallow_depth_of_field,portrait,0,10,auto,,,,"https://firefly.adobe.com/generate/images?style=photo&seed=42&seed=242&seed=4242&seed=2442&prompt=there+is+a+view+of+a+lake+and+a+forest+from+a+hill%2C+espoo%2C+two+medium-sized+islands%2C+985530902%2C+half-length+photo%2C+july%2C+monastery%2C+habitat+6+7%2C+8/8%2C+Japanese%2C+a+photo&modelInputVersion=v2&aspectRatio=portrait&creativity=10&guideStrength=0&exif={""mode""%3A""auto""}&style=fisheye&style=shallow_depth_of_field"
r1a7346d0t,"there is a small building in the middle of a field with a mountain in the background, interior of a mountain hut, limestone, pine trees in the background, underground facility, wide shot photo, detail, tree in the background, ghetto, photo photo, 1505",77:51,1,2.727661231,2.727661231,0.998,3,1,3,768,1344,704,36,EulerEDMSampler,VanillaCFG,8.735991402,TRUE,43,DPMPP2MSampler,IdentityGuider,5.889911375,TRUE,16:9,monochromatic+surreal_lighting,widescreen,0,7,auto,,,,"https://firefly.adobe.com/generate/images?style=photo&seed=42&seed=242&seed=4242&seed=2442&prompt=there+is+a+small+building+in+the+middle+of+a+field+with+a+mountain+in+the+background%2C+interior+of+a+mountain+hut%2C+limestone%2C+pine+trees+in+the+background%2C+underground+facility%2C+wide+shot+photo%2C+detail%2C+tree+in+the+background%2C+ghetto%2C+photo+photo%2C+1505&modelInputVersion=v2&aspectRatio=widescreen&creativity=7&guideStrength=0&exif={""mode""%3A""auto""}&style=monochromatic&style=surreal_lighting"
r1a7b8c42t,"doorway to a building with a cross on the side of it, in the colosseum, shelter, closeup photo, evening sun, untethered stelae, 2010 photo, 1850, photography",89:134,1,8.831616748,8.831616748,0.996,2,2,4,512,832,1216,37,HeunEDMSampler,VanillaCFG,6.803612275,TRUE,34,DPMPP2MSampler,VanillaCFG,5.507518017,TRUE,5:4,shallow_depth_of_field,widescreen,63,3,auto,,,,"https://firefly.adobe.com/generate/images?style=photo&seed=42&seed=242&seed=4242&seed=2442&prompt=doorway+to+a+building+with+a+cross+on+the+side+of+it%2C+in+the+colosseum%2C+shelter%2C+closeup+photo%2C+evening+sun%2C+untethered+stelae%2C+2010+photo%2C+1850%2C+photography&modelInputVersion=v2&aspectRatio=widescreen&creativity=3&guideStrength=63&exif={""mode""%3A""auto""}&style=shallow_depth_of_field"
r1a7bb1d6t,"there is a clear blue lake surrounded by trees and rocks, krenz, mineral collections, Italy, 2014, front on, full-length photo, swat, lightweight, multicolor glints, july 2011, breathtaking, editorial, 34531",77:51,2,5.59062355,5.59062355,0.997,3,1,5,768,1664,576,45,LinearMultistepSampler,VanillaCFG,1.689731354,FALSE,,,,,,3:4,,widescreen,50,2,auto,,,,"https://firefly.adobe.com/generate/images?style=photo&seed=42&seed=242&seed=4242&seed=2442&prompt=there+is+a+clear+blue+lake+surrounded+by+trees+and+rocks%2C+krenz%2C+mineral+collections%2C+Italy%2C+2014%2C+front+on%2C+full-length+photo%2C+swat%2C+lightweight%2C+multicolor+glints%2C+july+2011%2C+breathtaking%2C+editorial%2C+34531&modelInputVersion=v2&aspectRatio=widescreen&creativity=2&guideStrength=50&exif={""mode""%3A""auto""}"
r1a7e4791t,"view of a city with a lot of buildings and a hill, slightly hard shadows, archimboldo, july 2011, de tomaso, through my eyes, fata morgana giant mirrors, Sicilian, metro, marsden, no flash, two male, ello, buffalo, booru, wide long view, waving",188:125,1,6.659705923,6.659705923,0.999,3,2,0,512,1024,960,44,HeunEDMSampler,VanillaCFG,10.60285954,FALSE,,,,,,16:9,pastel_colors,landscape,100,5,manual,4,0.004,27,"https://firefly.adobe.com/generate/images?style=photo&seed=42&seed=242&seed=4242&seed=2442&prompt=view+of+a+city+with+a+lot+of+buildings+and+a+hill%2C+slightly+hard+shadows%2C+archimboldo%2C+july+2011%2C+de+tomaso%2C+through+my+eyes%2C+fata+morgana+giant+mirrors%2C+Sicilian%2C+metro%2C+marsden%2C+no+flash%2C+two+male%2C+ello%2C+buffalo%2C+booru%2C+wide+long+view%2C+waving&modelInputVersion=v2&aspectRatio=landscape&creativity=5&guideStrength=100&exif={""mode""%3A""manual""%2C""details""%3A{""aperture""%3A4%2C""focal_length""%3A27%2C""shutter_speed""%3A0.004}}&style=pastel_colors"
r1a7feb2bt,"bales of hay are stacked in a field, sandro bottiecelli, autumn overgrowth, in a suburban backyard, at noon, low res, from italica, round-cropped, jury, outside in a farm, midday light, mill, carravaggio, quarter view, webs, at midday, 24 mp, in majestic, hoses",77:51,2,7.343291208,7.343291208,0.998,2,2,2,512,832,1216,34,EulerAncestralSampler,VanillaCFG,5.601267051,TRUE,37,LinearMultistepSampler,VanillaCFG,6.406598875,FALSE,3:4,grainy_film+bokeh+pastel_colors+low_lighting,widescreen,100,8,manual,22,1,276,"https://firefly.adobe.com/generate/images?style=photo&seed=42&seed=242&seed=4242&seed=2442&prompt=bales+of+hay+are+stacked+in+a+field%2C+sandro+bottiecelli%2C+autumn+overgrowth%2C+in+a+suburban+backyard%2C+at+noon%2C+low+res%2C+from+italica%2C+round-cropped%2C+jury%2C+outside+in+a+farm%2C+midday+light%2C+mill%2C+carravaggio%2C+quarter+view%2C+webs%2C+at+midday%2C+24+mp%2C+in+majestic%2C+hoses&modelInputVersion=v2&aspectRatio=widescreen&creativity=8&guideStrength=100&exif={""mode""%3A""manual""%2C""details""%3A{""aperture""%3A22%2C""focal_length""%3A276%2C""shutter_speed""%3A1}}&style=grainy_film&style=bokeh&style=pastel_colors&style=low_lighting"
r1a845144t,"there is a cow standing on a grassy hill with mountains in the background, radiolaria, in the dolomites, overhead view, goodness, godrays from the right, slightly overexposed, view for miles, seen from the long distance, editorial, however",77:51,2,7.692287047,7.692287047,0.996,3,2,3,512,1600,640,34,DPMPP2SAncestralSampler,VanillaCFG,4.2704651,TRUE,46,DPMPP2MSampler,VanillaCFG,7.462599753,TRUE,2:1,muted+harsh_light,portrait,100,7,auto,,,,"https://firefly.adobe.com/generate/images?style=photo&seed=42&seed=242&seed=4242&seed=2442&prompt=there+is+a+cow+standing+on+a+grassy+hill+with+mountains+in+the+background%2C+radiolaria%2C+in+the+dolomites%2C+overhead+view%2C+goodness%2C+godrays+from+the+right%2C+slightly+overexposed%2C+view+for+miles%2C+seen+from+the+long+distance%2C+editorial%2C+however&modelInputVersion=v2&aspectRatio=portrait&creativity=7&guideStrength=100&exif={""mode""%3A""auto""}&style=muted&style=harsh_light"
r1a877849t,"there are many birds that are standing on the dock by the water, chateau de versailles, tourist photo, sun and shadow, royal garden background, platypus, road into the forest with a lake, low lighting, DSLR photo",77:51,2,3.961667764,3.961667764,0.995,3,2,3,768,1024,960,45,HeunEDMSampler,VanillaCFG,7.133073914,TRUE,43,DPMPP2SAncestralSampler,VanillaCFG,8.025661748,TRUE,5:4,harsh_light,landscape,0,4,auto,,,,"https://firefly.adobe.com/generate/images?style=photo&seed=42&seed=242&seed=4242&seed=2442&prompt=there+are+many+birds+that+are+standing+on+the+dock+by+the+water%2C+chateau+de+versailles%2C+tourist+photo%2C+sun+and+shadow%2C+royal+garden+background%2C+platypus%2C+road+into+the+forest+with+a+lake%2C+low+lighting%2C+DSLR+photo&modelInputVersion=v2&aspectRatio=landscape&creativity=4&guideStrength=0&exif={""mode""%3A""auto""}&style=harsh_light"
r1a8d7a86t,"there are many people walking on the street in the city, from louvre, blue sky without clouds, walking at the park, royal photo, oaks, large, low aperture street level, lampposts, DSLR photo, sables crossed in background, stands in center with open arms, telephoto vacation picture, archway, white metal, empty",77:51,1,6.454534575,6.454534575,1,2,3,3,768,1216,832,39,LinearMultistepSampler,VanillaCFG,0.7312955856,TRUE,40,EulerEDMSampler,IdentityGuider,4.356347453,TRUE,9:16,vibrant_colors+dramatic_light+shallow_depth_of_field,widescreen,0,7,manual,2,0.004,140,"https://firefly.adobe.com/generate/images?style=photo&seed=42&seed=242&seed=4242&seed=2442&prompt=there+are+many+people+walking+on+the+street+in+the+city%2C+from+louvre%2C+blue+sky+without+clouds%2C+walking+at+the+park%2C+royal+photo%2C+oaks%2C+large%2C+low+aperture+street+level%2C+lampposts%2C+DSLR+photo%2C+sables+crossed+in+background%2C+stands+in+center+with+open+arms%2C+telephoto+vacation+picture%2C+archway%2C+white+metal%2C+empty&modelInputVersion=v2&aspectRatio=widescreen&creativity=7&guideStrength=0&exif={""mode""%3A""manual""%2C""details""%3A{""aperture""%3A2%2C""focal_length""%3A140%2C""shutter_speed""%3A0.004}}&style=vibrant_colors&style=dramatic_light&style=shallow_depth_of_field"
r1a8ee526t,"canal with boats and buildings at night with lights on, auction photo, Venice, 2010 photo, evan lee, ocean view, marketsquare, gemma chen, canon photo, thy",134:89,1,2.822827803,2.822827803,0.996,2,3,3,768,1088,960,39,EulerEDMSampler,VanillaCFG,6.855167163,TRUE,40,HeunEDMSampler,VanillaCFG,5.321139861,TRUE,4:5,simple+gomori_photography+shallow_depth_of_field,portrait,50,2,auto,,,,"https://firefly.adobe.com/generate/images?style=photo&seed=42&seed=242&seed=4242&seed=2442&prompt=canal+with+boats+and+buildings+at+night+with+lights+on%2C+auction+photo%2C+Venice%2C+2010+photo%2C+evan+lee%2C+ocean+view%2C+marketsquare%2C+gemma+chen%2C+canon+photo%2C+thy&modelInputVersion=v2&aspectRatio=portrait&creativity=2&guideStrength=50&exif={""mode""%3A""auto""}&style=simple&style=gomori_photography&style=shallow_depth_of_field"
r1a8fe570t,"there is a boat that is going down the river in the city, from louvre, grey cloudy skies, datapipeline or river, distant photo, old bridge, landscape photo, evening light, 8/8, 2, small river, landscape",77:51,2,6.693476453,6.693476453,0.998,4,4,3,768,896,1152,38,EulerEDMSampler,VanillaCFG,4.799781426,FALSE,,,,,,1:1,bw,portrait,100,8,auto,,,,"https://firefly.adobe.com/generate/images?style=photo&seed=42&seed=242&seed=4242&seed=2442&prompt=there+is+a+boat+that+is+going+down+the+river+in+the+city%2C+from+louvre%2C+grey+cloudy+skies%2C+datapipeline+or+river%2C+distant+photo%2C+old+bridge%2C+landscape+photo%2C+evening+light%2C+8/8%2C+2%2C+small+river%2C+landscape&modelInputVersion=v2&aspectRatio=portrait&creativity=8&guideStrength=100&exif={""mode""%3A""auto""}&style=bw"
r1a91c337t,"there is a stone wall with a gate and a mountain in the background, vaccaro, 2010 photo, resort, full-length photo, clear photo, aokan, full-length photo, grape, cone-shaped, museum photo",77:51,1,6.641753641,6.641753641,0.998,3,5,3,768,704,1344,39,DPMPP2MSampler,IdentityGuider,,TRUE,35,EulerEDMSampler,VanillaCFG,,FALSE,2:1,golden_hour,landscape,0,5,manual,1.2,0.125,66,"https://firefly.adobe.com/generate/images?style=photo&seed=42&seed=242&seed=4242&seed=2442&prompt=there+is+a+stone+wall+with+a+gate+and+a+mountain+in+the+background%2C+vaccaro%2C+2010+photo%2C+resort%2C+full-length+photo%2C+clear+photo%2C+aokan%2C+full-length+photo%2C+grape%2C+cone-shaped%2C+museum+photo&modelInputVersion=v2&aspectRatio=landscape&creativity=5&guideStrength=0&exif={""mode""%3A""manual""%2C""details""%3A{""aperture""%3A1.2%2C""focal_length""%3A66%2C""shutter_speed""%3A0.125}}&style=golden_hour"
r1a9783cdt,"there is a statue of a man on a horse in front of a building, exquisite marble details, multi-layered huge architectures, imperial brutalist base, all roads lead to Rome, wide grand staircase, close photo, holo, at midday, very detailed",77:51,1,7.972092973,7.972092973,0.998,4,4,4,768,832,1216,44,EulerEDMSampler,IdentityGuider,,TRUE,35,EulerEDMSampler,VanillaCFG,,FALSE,9:16,low_lighting,widescreen,5,5,auto,,,,"https://firefly.adobe.com/generate/images?style=photo&seed=42&seed=242&seed=4242&seed=2442&prompt=there+is+a+statue+of+a+man+on+a+horse+in+front+of+a+building%2C+exquisite+marble+details%2C+multi-layered+huge+architectures%2C+imperial+brutalist+base%2C+all+roads+lead+to+Rome%2C+wide+grand+staircase%2C+close+photo%2C+holo%2C+at+midday%2C+very+detailed&modelInputVersion=v2&aspectRatio=widescreen&creativity=5&guideStrength=5&exif={""mode""%3A""auto""}&style=low_lighting"
r1a9acd94t,"there are many people walking around in front of a large building, classic roman mythology, who, yum, perfect structure, beware the ides of march, temple ruins, professional foto, ancient buildings, denning, marketing photo, victo",89:134,4,7.936624851,7.936624851,0.997,1,3,4,512,832,1216,44,DPMPP2SAncestralSampler,IdentityGuider,,FALSE,,,,,,4:3,pastel_colors+backlighting+closeup,square,50,7,auto,,,,"https://firefly.adobe.com/generate/images?style=photo&seed=42&seed=242&seed=4242&seed=2442&prompt=there+are+many+people+walking+around+in+front+of+a+large+building%2C+classic+roman+mythology%2C+who%2C+yum%2C+perfect+structure%2C+beware+the+ides+of+march%2C+temple+ruins%2C+professional+foto%2C+ancient+buildings%2C+denning%2C+marketing+photo%2C+victo&modelInputVersion=v2&aspectRatio=square&creativity=7&guideStrength=50&exif={""mode""%3A""auto""}&style=pastel_colors&style=backlighting&style=closeup"
r1a9de6e9t,"there are many flowers in a wooden planter on the sidewalk, Ireland, bright and fun colors, stone walls, high quality product photo, but very good looking, roof garden, sbt, thick set features, peaceful and serene, full of detail, in a city park, orange flowers, garden environment, 70 mm photo, praised",134:89,3,8.568123626,8.568123626,0.997,1,5,5,768,1600,640,38,DPMPP2SAncestralSampler,IdentityGuider,,TRUE,42,LinearMultistepSampler,VanillaCFG,,FALSE,5:4,underwater+dramatic_light,portrait,50,2,manual,2.8,0.008,113,"https://firefly.adobe.com/generate/images?style=photo&seed=42&seed=242&seed=4242&seed=2442&prompt=there+are+many+flowers+in+a+wooden+planter+on+the+sidewalk%2C+Ireland%2C+bright+and+fun+colors%2C+stone+walls%2C+high+quality+product+photo%2C+but+very+good+looking%2C+roof+garden%2C+sbt%2C+thick+set+features%2C+peaceful+and+serene%2C+full+of+detail%2C+in+a+city+park%2C+orange+flowers%2C+garden+environment%2C+70+mm+photo%2C+praised&modelInputVersion=v2&aspectRatio=portrait&creativity=2&guideStrength=50&exif={""mode""%3A""manual""%2C""details""%3A{""aperture""%3A2.8%2C""focal_length""%3A113%2C""shutter_speed""%3A0.008}}&style=underwater&style=dramatic_light"
r1aa43470t,"there is a field of flowers that are next to a body of water, Dutch style, yellow flash, light cream and white colors, unprocessed colors, very high bloom amount, bulbous, faded color, twisted waterway, no flash, asparagus, in the sun, datapipeline or river, photo 15 mm, sap, albino",77:51,2,6.405335292,6.405335292,0.998,1,5,5,512,1472,704,45,EulerEDMSampler,IdentityGuider,,FALSE,,,,,,9:16,shallow_depth_of_field,square,50,10,auto,,,,"https://firefly.adobe.com/generate/images?style=photo&seed=42&seed=242&seed=4242&seed=2442&prompt=there+is+a+field+of+flowers+that+are+next+to+a+body+of+water%2C+Dutch+style%2C+yellow+flash%2C+light+cream+and+white+colors%2C+unprocessed+colors%2C+very+high+bloom+amount%2C+bulbous%2C+faded+color%2C+twisted+waterway%2C+no+flash%2C+asparagus%2C+in+the+sun%2C+datapipeline+or+river%2C+photo+15+mm%2C+sap%2C+albino&modelInputVersion=v2&aspectRatio=square&creativity=10&guideStrength=50&exif={""mode""%3A""auto""}&style=shallow_depth_of_field"
r1aa4cc99t,"mountains in the background with snow on them and a house in the foreground, bad camera, landscape from a car window, other smaller buildings, low contrast, resort, soft colors, full-length view, front photo, it is very huge, area 3, partially gold, sap, at midday, powder, two stories, malt",77:51,3,8.032991199,8.032991199,0.999,3,1,4,768,1152,832,39,EulerAncestralSampler,IdentityGuider,,TRUE,38,EulerEDMSampler,VanillaCFG,,TRUE,4:5,bw+surreal_lighting+wide_angle,landscape,0,10,manual,2,0.016,110,"https://firefly.adobe.com/generate/images?style=photo&seed=42&seed=242&seed=4242&seed=2442&prompt=mountains+in+the+background+with+snow+on+them+and+a+house+in+the+foreground%2C+bad+camera%2C+landscape+from+a+car+window%2C+other+smaller+buildings%2C+low+contrast%2C+resort%2C+soft+colors%2C+full-length+view%2C+front+photo%2C+it+is+very+huge%2C+area+3%2C+partially+gold%2C+sap%2C+at+midday%2C+powder%2C+two+stories%2C+malt&modelInputVersion=v2&aspectRatio=landscape&creativity=10&guideStrength=0&exif={""mode""%3A""manual""%2C""details""%3A{""aperture""%3A2%2C""focal_length""%3A110%2C""shutter_speed""%3A0.016}}&style=bw&style=surreal_lighting&style=wide_angle"
r1aa4db16t,"snowy road with a light post and a stone wall, madrid, extreme long shot, botanic, magical leafs falling, ivory, curvilinear, real image, terraced, colorless, Paris, vivid details, limbs, at noon, Edward, cute adorable, Adrian, dark",77:51,2,5.118763714,5.118763714,0.999,3,2,3,768,1152,832,34,DPMPP2MSampler,VanillaCFG,3.35807403,TRUE,35,HeunEDMSampler,VanillaCFG,4.25399449,TRUE,2:3,,portrait,50,6,manual,2,0.016,45,"https://firefly.adobe.com/generate/images?style=photo&seed=42&seed=242&seed=4242&seed=2442&prompt=snowy+road+with+a+light+post+and+a+stone+wall%2C+madrid%2C+extreme+long+shot%2C+botanic%2C+magical+leafs+falling%2C+ivory%2C+curvilinear%2C+real+image%2C+terraced%2C+colorless%2C+Paris%2C+vivid+details%2C+limbs%2C+at+noon%2C+Edward%2C+cute+adorable%2C+Adrian%2C+dark&modelInputVersion=v2&aspectRatio=portrait&creativity=6&guideStrength=50&exif={""mode""%3A""manual""%2C""details""%3A{""aperture""%3A2%2C""focal_length""%3A45%2C""shutter_speed""%3A0.016}}"
r1aa53167t,"there is a goat standing in the grass near a pile of rocks, view from the side, fotografia, traps, black and reddish, January 20th, family-friendly, above view, 8mm, -4",77:51,1,7.882023092,7.882023092,1,3,1,1,512,1152,832,39,EulerAncestralSampler,IdentityGuider,,TRUE,37,DPMPP2SAncestralSampler,IdentityGuider,,TRUE,16:9,muted+backlighting,widescreen,100,8,manual,8,0.125,235,"https://firefly.adobe.com/generate/images?style=photo&seed=42&seed=242&seed=4242&seed=2442&prompt=there+is+a+goat+standing+in+the+grass+near+a+pile+of+rocks%2C+view+from+the+side%2C+fotografia%2C+traps%2C+black+and+reddish%2C+January+20th%2C+family-friendly%2C+above+view%2C+8mm%2C+-4&modelInputVersion=v2&aspectRatio=widescreen&creativity=8&guideStrength=100&exif={""mode""%3A""manual""%2C""details""%3A{""aperture""%3A8%2C""focal_length""%3A235%2C""shutter_speed""%3A0.125}}&style=muted&style=backlighting"
r1aa63558t,"there are many people walking around a stone walkway in a city, ruins of ancient Rome, sunny winter day, high quality image, 32 megapixel, classical antiquities, market, original, Felucia landscape, European, softair center landscape, wonderful scene, Rome, wooden, vibrant scene",134:89,1,2.984609959,2.984609959,0.999,4,2,2,768,1408,704,42,DPMPP2MSampler,VanillaCFG,4.823371575,TRUE,44,DPMPP2SAncestralSampler,IdentityGuider,4.98056537,TRUE,16:9,otherworldly_depiction+misty+surreal_lighting,landscape,100,7,manual,4,0.016,40,"https://firefly.adobe.com/generate/images?style=photo&seed=42&seed=242&seed=4242&seed=2442&prompt=there+are+many+people+walking+around+a+stone+walkway+in+a+city%2C+ruins+of+ancient+Rome%2C+sunny+winter+day%2C+high+quality+image%2C+32+megapixel%2C+classical+antiquities%2C+market%2C+original%2C+Felucia+landscape%2C+European%2C+softair+center+landscape%2C+wonderful+scene%2C+Rome%2C+wooden%2C+vibrant+scene&modelInputVersion=v2&aspectRatio=landscape&creativity=7&guideStrength=100&exif={""mode""%3A""manual""%2C""details""%3A{""aperture""%3A4%2C""focal_length""%3A40%2C""shutter_speed""%3A0.016}}&style=otherworldly_depiction&style=misty&style=surreal_lighting"
r1aa7459at,"there are people walking up a mountain trail in the mountains, dolomites, gravel and scree ground, lined up horizontally, horse on top, in heaven, seen from outside, tourism, displayed, at midday, details, fascinating and imposing, immense",77:51,4,7.57559548,7.57559548,0.999,2,2,3,768,896,1088,43,EulerAncestralSampler,VanillaCFG,8.2269456,FALSE,,,,,,2:1,antique_photo+studio_light+closeup,landscape,100,9,manual,1.4,0.004,129,"https://firefly.adobe.com/generate/images?style=photo&seed=42&seed=242&seed=4242&seed=2442&prompt=there+are+people+walking+up+a+mountain+trail+in+the+mountains%2C+dolomites%2C+gravel+and+scree+ground%2C+lined+up+horizontally%2C+horse+on+top%2C+in+heaven%2C+seen+from+outside%2C+tourism%2C+displayed%2C+at+midday%2C+details%2C+fascinating+and+imposing%2C+immense&modelInputVersion=v2&aspectRatio=landscape&creativity=9&guideStrength=100&exif={""mode""%3A""manual""%2C""details""%3A{""aperture""%3A1.4%2C""focal_length""%3A129%2C""shutter_speed""%3A0.004}}&style=antique_photo&style=studio_light&style=closeup"
r1ab0bb20t,"there is a dirt road lined with trees and leaves, Duchy of Lituania, golden dappled dynamic lighting, park on a bright sunny day, forest, high quality nature photography, in sunny weather, ancient wood environment, Vienna, blissful landscape, with walkways, Ohio",89:134,1,2.629068401,2.629068401,1,1,1,4,512,704,1408,41,EulerEDMSampler,VanillaCFG,6.931418974,TRUE,36,HeunEDMSampler,VanillaCFG,5.922882211,FALSE,9:16,surface_detail,portrait,100,7,auto,,,,"https://firefly.adobe.com/generate/images?style=photo&seed=42&seed=242&seed=4242&seed=2442&prompt=there+is+a+dirt+road+lined+with+trees+and+leaves%2C+Duchy+of+Lituania%2C+golden+dappled+dynamic+lighting%2C+park+on+a+bright+sunny+day%2C+forest%2C+high+quality+nature+photography%2C+in+sunny+weather%2C+ancient+wood+environment%2C+Vienna%2C+blissful+landscape%2C+with+walkways%2C+Ohio&modelInputVersion=v2&aspectRatio=portrait&creativity=7&guideStrength=100&exif={""mode""%3A""auto""}&style=surface_detail"
r1ab1679et,"there is a plane flying over a brick building with arches, Sienna, bastion, dressed in 12th-century attire, editorial photo, public art, view from the streets, portcullis, editorial",77:51,1,8.022962749,8.022962749,1,3,4,5,512,768,1280,40,DPMPP2MSampler,IdentityGuider,,FALSE,,,,,,1:1,harsh_light+shallow_depth_of_field,landscape,0,4,manual,22,0.016,267,"https://firefly.adobe.com/generate/images?style=photo&seed=42&seed=242&seed=4242&seed=2442&prompt=there+is+a+plane+flying+over+a+brick+building+with+arches%2C+Sienna%2C+bastion%2C+dressed+in+12th-century+attire%2C+editorial+photo%2C+public+art%2C+view+from+the+streets%2C+portcullis%2C+editorial&modelInputVersion=v2&aspectRatio=landscape&creativity=4&guideStrength=0&exif={""mode""%3A""manual""%2C""details""%3A{""aperture""%3A22%2C""focal_length""%3A267%2C""shutter_speed""%3A0.016}}&style=harsh_light&style=shallow_depth_of_field"
r1ad2de34t,"view of a building with statues on the side of it, Pope, detail, railing, halation, photo from the back, the imperial palace, Machiavellian, cl, staff, royal photo, 1111",134:89,4,4.590937348,4.590937348,0.999,1,5,4,768,768,1344,44,DPMPP2MSampler,VanillaCFG,2.767357137,FALSE,,,,,,1:2,isometric+low_lighting,square,100,4,auto,,,,"https://firefly.adobe.com/generate/images?style=photo&seed=42&seed=242&seed=4242&seed=2442&prompt=view+of+a+building+with+statues+on+the+side+of+it%2C+Pope%2C+detail%2C+railing%2C+halation%2C+photo+from+the+back%2C+the+imperial+palace%2C+Machiavellian%2C+cl%2C+staff%2C+royal+photo%2C+1111&modelInputVersion=v2&aspectRatio=square&creativity=4&guideStrength=100&exif={""mode""%3A""auto""}&style=isometric&style=low_lighting"
r1ad3fa6dt,"image of a painting of a church with a statue in the center, Vatican, empress, full-body wide shot, clean photo, 2019 trending photo, group photo, majesty in noble clothes, full room view, blue coat, taken with Sony Alpha 9, set 1860, middle close-up, Lu Ji, mural art",77:51,3,4.958963458,4.958963458,0.999,2,2,9,512,704,1408,37,LinearMultistepSampler,IdentityGuider,,TRUE,41,LinearMultistepSampler,IdentityGuider,,FALSE,3:2,long-time_exposure+shot_from_below,square,50,7,auto,,,,"https://firefly.adobe.com/generate/images?style=photo&seed=42&seed=242&seed=4242&seed=2442&prompt=image+of+a+painting+of+a+church+with+a+statue+in+the+center%2C+Vatican%2C+empress%2C+full-body+wide+shot%2C+clean+photo%2C+2019+trending+photo%2C+group+photo%2C+majesty+in+noble+clothes%2C+full+room+view%2C+blue+coat%2C+taken+with+Sony+Alpha+9%2C+set+1860%2C+middle+close-up%2C+Lu+Ji%2C+mural+art&modelInputVersion=v2&aspectRatio=square&creativity=7&guideStrength=50&exif={""mode""%3A""auto""}&style=long-time_exposure&style=shot_from_below"
r1ad9cd64t,"there is a clock on a pole in the middle of a forest, Moringa oleifera leaves, azure sky, Kumamoto, spring colors, oak, 200mm wide shot, fine structure texture, twitching and writhing, bittersweet, at midday, leaves in the air, close-up view",134:89,4,7.846699827,7.846699827,0.997,2,2,1,768,704,1408,36,HeunEDMSampler,VanillaCFG,5.735459467,TRUE,40,EulerAncestralSampler,IdentityGuider,4.799800761,TRUE,3:4,bw+multiexposure+closeup,portrait,100,3,manual,2,0.125,147,"https://firefly.adobe.com/generate/images?style=photo&seed=42&seed=242&seed=4242&seed=2442&prompt=there+is+a+clock+on+a+pole+in+the+middle+of+a+forest%2C+Moringa+oleifera+leaves%2C+azure+sky%2C+Kumamoto%2C+spring+colors%2C+oak%2C+200mm+wide+shot%2C+fine+structure+texture%2C+twitching+and+writhing%2C+bittersweet%2C+at+midday%2C+leaves+in+the+air%2C+close-up+view&modelInputVersion=v2&aspectRatio=portrait&creativity=3&guideStrength=100&exif={""mode""%3A""manual""%2C""details""%3A{""aperture""%3A2%2C""focal_length""%3A147%2C""shutter_speed""%3A0.125}}&style=bw&style=multiexposure&style=closeup"
r1ae12b3ft,"cars driving down a street with a large multicolored light on the side, Italian flag, Christmas night, vertical lines, taken with my Nikon D3, Naples, in rows, white lights, noon, Rome backdrop, red and white lighting, hanging, with glowing lights at night, prayer flags, green and blue and warm theme, seen from the long distance",134:89,1,5.347690034,5.347690034,0.999,4,1,1,768,1088,896,38,EulerEDMSampler,VanillaCFG,2.357877558,FALSE,,,,,,1:1,,widescreen,58,10,manual,1.4,0.5,299,"https://firefly.adobe.com/generate/images?style=photo&seed=42&seed=242&seed=4242&seed=2442&prompt=cars+driving+down+a+street+with+a+large+multicolored+light+on+the+side%2C+Italian+flag%2C+Christmas+night%2C+vertical+lines%2C+taken+with+my+Nikon+D3%2C+Naples%2C+in+rows%2C+white+lights%2C+noon%2C+Rome+backdrop%2C+red+and+white+lighting%2C+hanging%2C+with+glowing+lights+at+night%2C+prayer+flags%2C+green+and+blue+and+warm+theme%2C+seen+from+the+long+distance&modelInputVersion=v2&aspectRatio=widescreen&creativity=10&guideStrength=58&exif={""mode""%3A""manual""%2C""details""%3A{""aperture""%3A1.4%2C""focal_length""%3A299%2C""shutter_speed""%3A0.5}}"
r1aef663et,"there is a woman standing outside of a house in the snow, Alps, exhaust smoke, telephoto vacation picture, roof background, decoration, editorial, morning, 3945074687, incense smoke fills the air, home interior, chimneys on buildings, Italy, huge details",77:51,2,8.047491429,8.047491429,1,1,1,1,768,832,1152,44,HeunEDMSampler,VanillaCFG,6.553836902,FALSE,,,,,,9:16,low_lighting+macrophotography,landscape,0,10,auto,,,,"https://firefly.adobe.com/generate/images?style=photo&seed=42&seed=242&seed=4242&seed=2442&prompt=there+is+a+woman+standing+outside+of+a+house+in+the+snow%2C+Alps%2C+exhaust+smoke%2C+telephoto+vacation+picture%2C+roof+background%2C+decoration%2C+editorial%2C+morning%2C+3945074687%2C+incense+smoke+fills+the+air%2C+home+interior%2C+chimneys+on+buildings%2C+Italy%2C+huge+details&modelInputVersion=v2&aspectRatio=landscape&creativity=10&guideStrength=0&exif={""mode""%3A""auto""}&style=low_lighting&style=macrophotography"
r1af60295t,"there is a tree standing in the water, Hua Cheng, winter sun, reflections ray, view from the side, lake setting, with branches reaching the sky, brown mist, Sichuan, little detail, high quality product photo",77:51,1,6.197267507,6.197267507,0.999,2,0,1,768,704,1344,43,EulerEDMSampler,IdentityGuider,,TRUE,27,EulerAncestralSampler,IdentityGuider,,TRUE,9:16,knolling,landscape,50,4,manual,8,0.125,211,"https://firefly.adobe.com/generate/images?style=photo&seed=42&seed=242&seed=4242&seed=2442&prompt=there+is+a+tree+standing+in+the+water%2C+Hua+Cheng%2C+winter+sun%2C+reflections+ray%2C+view+from+the+side%2C+lake+setting%2C+with+branches+reaching+the+sky%2C+brown+mist%2C+Sichuan%2C+little+detail%2C+high+quality+product+photo&modelInputVersion=v2&aspectRatio=landscape&creativity=4&guideStrength=50&exif={""mode""%3A""manual""%2C""details""%3A{""aperture""%3A8%2C""focal_length""%3A211%2C""shutter_speed""%3A0.125}}&style=knolling"
r1b09da9ct,"trees are growing in front of a building with a clock tower, Vatican in background, museum picture, long view, royal palace, head and bust only, view from window, 8/8, in front of the house, f/2, Tadema, sunny at noon",77:51,1,6.475555865,6.475555865,0.999,3,0,0,768,704,1344,36,EulerEDMSampler,VanillaCFG,6.672130502,TRUE,44,DPMPP2MSampler,IdentityGuider,6.135639478,FALSE,2:3,misty+vibrant_colors,square,27,3,manual,22,0.125,186,"https://firefly.adobe.com/generate/images?style=photo&seed=42&seed=242&seed=4242&seed=2442&prompt=trees+are+growing+in+front+of+a+building+with+a+clock+tower%2C+Vatican+in+background%2C+museum+picture%2C+long+view%2C+royal+palace%2C+head+and+bust+only%2C+view+from+window%2C+8/8%2C+in+front+of+the+house%2C+f/2%2C+Tadema%2C+sunny+at+noon&modelInputVersion=v2&aspectRatio=square&creativity=3&guideStrength=27&exif={""mode""%3A""manual""%2C""details""%3A{""aperture""%3A22%2C""focal_length""%3A186%2C""shutter_speed""%3A0.125}}&style=misty&style=vibrant_colors"
r1b106abdt,"there is a dirt road that leads to a house in the mountains, Austrian architecture, medium wide front shot, taken with a Pentax K1000, restaurant, the fall season, in the Dolomites, editorial, small fence, station, real photo, 33mm photo",77:51,1,4.793422468,4.793422468,0.996,1,0,3,768,1344,704,40,HeunEDMSampler,VanillaCFG,3.446303043,TRUE,42,DPMPP2MSampler,IdentityGuider,3.885075256,FALSE,4:3,warm_colors,square,50,4,manual,5.6,0.0006,285,"https://firefly.adobe.com/generate/images?style=photo&seed=42&seed=242&seed=4242&seed=2442&prompt=there+is+a+dirt+road+that+leads+to+a+house+in+the+mountains%2C+Austrian+architecture%2C+medium+wide+front+shot%2C+taken+with+a+Pentax+K1000%2C+restaurant%2C+the+fall+season%2C+in+the+Dolomites%2C+editorial%2C+small+fence%2C+station%2C+real+photo%2C+33mm+photo&modelInputVersion=v2&aspectRatio=square&creativity=4&guideStrength=50&exif={""mode""%3A""manual""%2C""details""%3A{""aperture""%3A5.6%2C""focal_length""%3A285%2C""shutter_speed""%3A0.0006}}&style=warm_colors"
r1b165d45t,"there is a car parked in front of a church with a clock tower, sunny winter day, mosque synagogue interior, view from the side, museum photo, Jules, front view, taken from the high street, a quaint, mountains surrounding, an 94, 2",134:89,2,7.933731361,7.933731361,0.997,4,2,3,768,1088,896,40,HeunEDMSampler,VanillaCFG,3.29904669,TRUE,44,EulerAncestralSampler,IdentityGuider,3.901704327,TRUE,2:3,,landscape,100,3,auto,,,,"https://firefly.adobe.com/generate/images?style=photo&seed=42&seed=242&seed=4242&seed=2442&prompt=there+is+a+car+parked+in+front+of+a+church+with+a+clock+tower%2C+sunny+winter+day%2C+mosque+synagogue+interior%2C+view+from+the+side%2C+museum+photo%2C+Jules%2C+front+view%2C+taken+from+the+high+street%2C+a+quaint%2C+mountains+surrounding%2C+an+94%2C+2&modelInputVersion=v2&aspectRatio=landscape&creativity=3&guideStrength=100&exif={""mode""%3A""auto""}"
r1b177fe1t,"there is a horse standing in the grass near a mountain, cut into the side of a mountain, in the Dolomites, apparent tooth, 10/10, viewed from the ground, detailed terrain, hill with trees, full of golden layers, high-res photo, maritime pine, editorial, 4",51:77,2,8.195360241,8.195360241,0.995,2,2,3,768,1600,640,42,EulerEDMSampler,IdentityGuider,,TRUE,44,DPMPP2SAncestralSampler,VanillaCFG,,FALSE,5:4,multiexposure+knolling,square,100,7,manual,2.8,0.008,265,"https://firefly.adobe.com/generate/images?style=photo&seed=42&seed=242&seed=4242&seed=2442&prompt=there+is+a+horse+standing+in+the+grass+near+a+mountain%2C+cut+into+the+side+of+a+mountain%2C+in+the+Dolomites%2C+apparent+tooth%2C+10/10%2C+viewed+from+the+ground%2C+detailed+terrain%2C+hill+with+trees%2C+full+of+golden+layers%2C+high-res+photo%2C+maritime+pine%2C+editorial%2C+4&modelInputVersion=v2&aspectRatio=square&creativity=7&guideStrength=100&exif={""mode""%3A""manual""%2C""details""%3A{""aperture""%3A2.8%2C""focal_length""%3A265%2C""shutter_speed""%3A0.008}}&style=multiexposure&style=knolling"
r1b17f0f0t,"there are some berries on the branches of a tree, ground covered with snow, lotus flowers, smoothed, berets, rose, consistency, spectators, simplistic, thick bushes, from the waist up, hard edges",51:77,1,3.295711213,3.295711213,0.995,2,3,3,512,768,1344,39,LinearMultistepSampler,VanillaCFG,5.523218017,FALSE,,,,,,1:1,golden_hour+photographed_through_window,widescreen,57,3,auto,,,,"https://firefly.adobe.com/generate/images?style=photo&seed=42&seed=242&seed=4242&seed=2442&prompt=there+are+some+berries+on+the+branches+of+a+tree%2C+ground+covered+with+snow%2C+lotus+flowers%2C+smoothed%2C+berets%2C+rose%2C+consistency%2C+spectators%2C+simplistic%2C+thick+bushes%2C+from+the+waist+up%2C+hard+edges&modelInputVersion=v2&aspectRatio=widescreen&creativity=3&guideStrength=57&exif={""mode""%3A""auto""}&style=golden_hour&style=photographed_through_window"
r1b1c1019t,"there is a police officer on a horse-drawn carriage in front of a building, Jesus kissing Maria Maddalena, art decoration, climber, full-length photo, legendary god holding spear, levitation, window open, on a wall, gold paint, Old Testament, one contrasting small feature, podium, editorial",51:77,1,8.681029938,8.681029938,0.998,1,9,9,768,1152,896,40,DPMPP2MSampler,IdentityGuider,,TRUE,31,DPMPP2MSampler,VanillaCFG,,TRUE,3:2,backlighting,landscape,100,9,auto,,,,"https://firefly.adobe.com/generate/images?style=photo&seed=42&seed=242&seed=4242&seed=2442&prompt=there+is+a+police+officer+on+a+horse-drawn+carriage+in+front+of+a+building%2C+Jesus+kissing+Maria+Maddalena%2C+art+decoration%2C+climber%2C+full-length+photo%2C+legendary+god+holding+spear%2C+levitation%2C+window+open%2C+on+a+wall%2C+gold+paint%2C+Old+Testament%2C+one+contrasting+small+feature%2C+podium%2C+editorial&modelInputVersion=v2&aspectRatio=landscape&creativity=9&guideStrength=100&exif={""mode""%3A""auto""}&style=backlighting"
r1b262b72t,"stone slab with writing on it in a museum, half-length photo, old Roman style, ISO: 1600, low lighting, CR3, document, display item, Roman numerals, a beautiful detailed orixa, boulevard, ax, C4, draw",134:89,4,3.03534932,3.03534932,1,3,2,2,768,896,1152,29,HeunEDMSampler,VanillaCFG,7.438721447,FALSE,,,,,,1:2,,square,100,7,auto,,,,"https://firefly.adobe.com/generate/images?style=photo&seed=42&seed=242&seed=4242&seed=2442&prompt=stone+slab+with+writing+on+it+in+a+museum%2C+half-length+photo%2C+old+Roman+style%2C+ISO:+1600%2C+low+lighting%2C+CR3%2C+document%2C+display+item%2C+Roman+numerals%2C+a+beautiful+detailed+orixa%2C+boulevard%2C+ax%2C+C4%2C+draw&modelInputVersion=v2&aspectRatio=square&creativity=7&guideStrength=100&exif={""mode""%3A""auto""}"
r1b2765ebt,"there is a man sitting on a bench in a park, autumn mountains, Italy, no flash, fantasia photo, landscape architecture photo, portlet photo, shy looking down, children's playground, Coban, editorial photo",77:51,2,3.077112569,3.077112569,0.995,1,2,0,768,1472,704,34,EulerEDMSampler,VanillaCFG,4.609528058,FALSE,,,,,,2:1,knolling,landscape,63,3,auto,,,,"https://firefly.adobe.com/generate/images?style=photo&seed=42&seed=242&seed=4242&seed=2442&prompt=there+is+a+man+sitting+on+a+bench+in+a+park%2C+autumn+mountains%2C+Italy%2C+no+flash%2C+fantasia+photo%2C+landscape+architecture+photo%2C+portlet+photo%2C+shy+looking+down%2C+children's+playground%2C+Coban%2C+editorial+photo&modelInputVersion=v2&aspectRatio=landscape&creativity=3&guideStrength=63&exif={""mode""%3A""auto""}&style=knolling"
r1b32a6bct,"statue of a woman holding a fan in a room, victory, very famous photo, made of stone, open wings, hanging in the Louvre, in a large hall, ancient soldier, full picture, tempera, 5mm, understated, sprawling, ball, champion",51:77,2,4.652253774,4.652253774,0.998,2,2,3,768,960,1088,43,DPMPP2MSampler,VanillaCFG,3.224370599,TRUE,39,EulerEDMSampler,VanillaCFG,4.433206324,TRUE,1:1,knolling,portrait,50,4,manual,22,0.004,20,"https://firefly.adobe.com/generate/images?style=photo&seed=42&seed=242&seed=4242&seed=2442&prompt=statue+of+a+woman+holding+a+fan+in+a+room%2C+victory%2C+very+famous+photo%2C+made+of+stone%2C+open+wings%2C+hanging+in+the+Louvre%2C+in+a+large+hall%2C+ancient+soldier%2C+full+picture%2C+tempera%2C+5mm%2C+understated%2C+sprawling%2C+ball%2C+champion&modelInputVersion=v2&aspectRatio=portrait&creativity=4&guideStrength=50&exif={""mode""%3A""manual""%2C""details""%3A{""aperture""%3A22%2C""focal_length""%3A20%2C""shutter_speed""%3A0.004}}&style=knolling"
r1b4e82c4t,"there is a close-up of a pink flower with a green center, tulips, very soft shadowing, softened diffuse light, opal petals, pastel colors, open belly, crisp smooth lines, pastel colors, mild colors, falling petals, silks",77:51,3,7.685551147,7.685551147,0.995,3,9,9,768,960,1088,41,DPMPP2MSampler,IdentityGuider,,TRUE,37,LinearMultistepSampler,VanillaCFG,,TRUE,2:1,gomori_photography+maximalism+simple+underwater+multiexposure+surface_detail,portrait,100,8,auto,,,,"https://firefly.adobe.com/generate/images?style=photo&seed=42&seed=242&seed=4242&seed=2442&prompt=there+is+a+close-up+of+a+pink+flower+with+a+green+center%2C+tulips%2C+very+soft+shadowing%2C+softened+diffuse+light%2C+opal+petals%2C+pastel+colors%2C+open+belly%2C+crisp+smooth+lines%2C+pastel+colors%2C+mild+colors%2C+falling+petals%2C+silks&modelInputVersion=v2&aspectRatio=portrait&creativity=8&guideStrength=100&exif={""mode""%3A""auto""}&style=gomori_photography&style=maximalism&style=simple&style=underwater&style=multiexposure&style=surface_detail"
r1b547547t,"there is a bench in front of a church with a clock tower, Helsinki, linden trees, side elevation, summer light, brick building, half-body photo, church interior",77:51,2,6.739540408,6.739540408,0.995,2,9,3,512,1088,896,32,DPMPP2MSampler,VanillaCFG,4.291136997,TRUE,37,LinearMultistepSampler,VanillaCFG,4.276532148,TRUE,5:4,vibrant_colors+landscape_photography,square,5,3,manual,5.6,0.004,238,"https://firefly.adobe.com/generate/images?style=photo&seed=42&seed=242&seed=4242&seed=2442&prompt=there+is+a+bench+in+front+of+a+church+with+a+clock+tower%2C+Helsinki%2C+linden+trees%2C+side+elevation%2C+summer+light%2C+brick+building%2C+half-body+photo%2C+church+interior&modelInputVersion=v2&aspectRatio=square&creativity=3&guideStrength=5&exif={""mode""%3A""manual""%2C""details""%3A{""aperture""%3A5.6%2C""focal_length""%3A238%2C""shutter_speed""%3A0.004}}&style=vibrant_colors&style=landscape_photography"
r1b57dbb2t,"there is a path surrounded by trees and grass, rocky lake shore, birches, light contrast, huge tree trunks, Quebec, 2995599206, in a woodland glade, soaring, on the coast, beautiful shadowing, in a jungle environment, bark, Norwegian landscape, critically acclaimed",51:77,1,5.798249659,5.798249659,0.999,2,1,3,768,1664,576,38,HeunEDMSampler,VanillaCFG,5.605537141,TRUE,43,EulerAncestralSampler,IdentityGuider,4.563801807,FALSE,1:1,,portrait,0,10,auto,,,,"https://firefly.adobe.com/generate/images?style=photo&seed=42&seed=242&seed=4242&seed=2442&prompt=there+is+a+path+surrounded+by+trees+and+grass%2C+rocky+lake+shore%2C+birches%2C+light+contrast%2C+huge+tree+trunks%2C+Quebec%2C+2995599206%2C+in+a+woodland+glade%2C+soaring%2C+on+the+coast%2C+beautiful+shadowing%2C+in+a+jungle+environment%2C+bark%2C+Norwegian+landscape%2C+critically+acclaimed&modelInputVersion=v2&aspectRatio=portrait&creativity=10&guideStrength=0&exif={""mode""%3A""auto""}"
r1b61c7b1t,"there are many people walking around in front of a large building, classic Roman mythology, temple ruins, professional photo, ancient buildings, marketing photo, victory",89:134,1,5.133135791,5.133135791,1,3,4,3,768,960,1088,30,DPMPP2SAncestralSampler,IdentityGuider,,TRUE,48,EulerAncestralSampler,IdentityGuider,,TRUE,9:16,chaotic+multiexposure+knolling,portrait,100,10,manual,1.4,10,249,"https://firefly.adobe.com/generate/images?style=photo&seed=42&seed=242&seed=4242&seed=2442&prompt=there+are+many+people+walking+around+in+front+of+a+large+building%2C+classic+Roman+mythology%2C+temple+ruins%2C+professional+photo%2C+ancient+buildings%2C+marketing+photo%2C+victory&modelInputVersion=v2&aspectRatio=portrait&creativity=10&guideStrength=100&exif={""mode""%3A""manual""%2C""details""%3A{""aperture""%3A1.4%2C""focal_length""%3A249%2C""shutter_speed""%3A10}}&style=chaotic&style=multiexposure&style=knolling"
r1b6c1adbt,"there is a snow-covered street with a staircase and a building, old village, alpine architecture, houses on stilts, old Asian village, contrasty, street level view, seen from the back, rustic setting",51:77,2,7.526366996,7.526366996,0.999,4,5,3,768,1152,896,45,EulerEDMSampler,VanillaCFG,5.016890973,TRUE,37,DPMPP2SAncestralSampler,IdentityGuider,3.840676672,TRUE,16:9,muted+knolling,landscape,0,2,manual,2,0.0006,217,"https://firefly.adobe.com/generate/images?style=photo&seed=42&seed=242&seed=4242&seed=2442&prompt=there+is+a+snow-covered+street+with+a+staircase+and+a+building%2C+old+village%2C+alpine+architecture%2C+houses+on+stilts%2C+old+Asian+village%2C+contrasty%2C+street+level+view%2C+seen+from+the+back%2C+rustic+setting&modelInputVersion=v2&aspectRatio=landscape&creativity=2&guideStrength=0&exif={""mode""%3A""manual""%2C""details""%3A{""aperture""%3A2%2C""focal_length""%3A217%2C""shutter_speed""%3A0.0006}}&style=muted&style=knolling"
r1b790721t,"there is a clock on the top of a building with a statue on it, the night crown, intricate fantasy spear, awarded-winning photo, editorial, cupid, Swiss, portcullis, intricate",89:134,2,5.814757698,5.814757698,0.998,2,1,1,768,832,1216,46,EulerAncestralSampler,VanillaCFG,7.790980262,FALSE,,,,,,2:3,simple+warm_colors+wide_angle,portrait,84,5,manual,8,0.0006,182,"https://firefly.adobe.com/generate/images?style=photo&seed=42&seed=242&seed=4242&seed=2442&prompt=there+is+a+clock+on+the+top+of+a+building+with+a+statue+on+it%2C+the+night+crown%2C+intricate+fantasy+spear%2C+awarded-winning+photo%2C+editorial%2C+cupid%2C+Swiss%2C+portcullis%2C+intricate&modelInputVersion=v2&aspectRatio=portrait&creativity=5&guideStrength=84&exif={""mode""%3A""manual""%2C""details""%3A{""aperture""%3A8%2C""focal_length""%3A182%2C""shutter_speed""%3A0.0006}}&style=simple&style=warm_colors&style=wide_angle"
r1b8b1b14t,"boats are traveling in the water near a city with a clock tower, Biennale, rough water, lagoon, tourist photo, raw file, Venice, portlet photo",77:51,3,7.913635935,7.913635935,0.999,3,1,3,768,1024,1024,39,EulerAncestralSampler,VanillaCFG,1.219692046,TRUE,39,EulerAncestralSampler,VanillaCFG,6.043916943,TRUE,3:4,chaotic+beautiful+dark+warm_colors+multiexposure,widescreen,100,4,auto,,,,"https://firefly.adobe.com/generate/images?style=photo&seed=42&seed=242&seed=4242&seed=2442&prompt=boats+are+traveling+in+the+water+near+a+city+with+a+clock+tower%2C+Biennale%2C+rough+water%2C+lagoon%2C+tourist+photo%2C+raw+file%2C+Venice%2C+portlet+photo&modelInputVersion=v2&aspectRatio=widescreen&creativity=4&guideStrength=100&exif={""mode""%3A""auto""}&style=chaotic&style=beautiful&style=dark&style=warm_colors&style=multiexposure"
r1b9e9917t,"mountains in the distance with a grassy field and a fence, Venice Biennale, smoking rock, idyllic vineyard, above lush garden and hot spring, Boka, slight overcast lighting, harvest",77:51,1,8.851030209,8.851030209,0.997,4,1,3,512,1344,768,43,EulerAncestralSampler,VanillaCFG,5.391805605,TRUE,47,DPMPP2SAncestralSampler,IdentityGuider,7.059479178,TRUE,1:2,macrophotography,square,100,4,manual,5.6,1,299,"https://firefly.adobe.com/generate/images?style=photo&seed=42&seed=242&seed=4242&seed=2442&prompt=mountains+in+the+distance+with+a+grassy+field+and+a+fence%2C+Venice+Biennale%2C+smoking+rock%2C+idyllic+vineyard%2C+above+lush+garden+and+hot+spring%2C+Boka%2C+slight+overcast+lighting%2C+harvest&modelInputVersion=v2&aspectRatio=square&creativity=4&guideStrength=100&exif={""mode""%3A""manual""%2C""details""%3A{""aperture""%3A5.6%2C""focal_length""%3A299%2C""shutter_speed""%3A1}}&style=macrophotography"
r1baf2ce0t,"several soccer players are playing soccer on a green field, Yamamoto, Italy, concert photo, 2013, editorial image, lined up horizontally, training, at the World Cup, very sharp photo, sports broadcast",134:89,1,7.834137287,7.834137287,0.997,2,2,1,512,1600,640,42,DPMPP2SAncestralSampler,VanillaCFG,7.143513174,FALSE,,,,,,16:9,monochromatic+studio_light+shot_from_below,portrait,100,10,manual,8,0.0006,59,"https://firefly.adobe.com/generate/images?style=photo&seed=42&seed=242&seed=4242&seed=2442&prompt=several+soccer+players+are+playing+soccer+on+a+green+field%2C+Yamamoto%2C+Italy%2C+concert+photo%2C+2013%2C+editorial+image%2C+lined+up+horizontally%2C+training%2C+at+the+World+Cup%2C+very+sharp+photo%2C+sports+broadcast&modelInputVersion=v2&aspectRatio=portrait&creativity=10&guideStrength=100&exif={""mode""%3A""manual""%2C""details""%3A{""aperture""%3A8%2C""focal_length""%3A59%2C""shutter_speed""%3A0.0006}}&style=monochromatic&style=studio_light&style=shot_from_below"
r1bc23d6et,"there is a small patch of grass growing on the side of a mountain, slovenian, angular dynamic white rock floor, pastel colors, rubble, alp",77:51,1,6.766558589,6.766558589,0.995,3,1,2,768,1344,768,43,HeunEDMSampler,VanillaCFG,6.313422806,TRUE,38,HeunEDMSampler,VanillaCFG,3.592588242,FALSE,2:1,long-time_exposure+landscape_photography,landscape,37,8,auto,,,,"https://firefly.adobe.com/generate/images?style=photo&seed=42&seed=242&seed=4242&seed=2442&prompt=there+is+a+small+patch+of+grass+growing+on+the+side+of+a+mountain%2C+slovenian%2C+angular+dynamic+white+rock+floor%2C+pastel+colors%2C+rubble%2C+alp&modelInputVersion=v2&aspectRatio=landscape&creativity=8&guideStrength=37&exif={""mode""%3A""auto""}&style=long-time_exposure&style=landscape_photography"
r1bc355f2t,"mountains with a valley in the background and a road in the foreground, Dolomites in the background, slightly overexposed, panorama view of the sky, 4800K",77:51,3,4.125304018,4.125304018,0.998,1,2,3,768,1408,704,39,LinearMultistepSampler,VanillaCFG,6.88038416,TRUE,44,EulerEDMSampler,VanillaCFG,5.923990652,FALSE,1:1,isometric+backlighting,landscape,27,10,manual,1.4,0.008,183,"https://firefly.adobe.com/generate/images?style=photo&seed=42&seed=242&seed=4242&seed=2442&prompt=mountains+with+a+valley+in+the+background+and+a+road+in+the+foreground%2C+Dolomites+in+the+background%2C+slightly+overexposed%2C+panorama+view+of+the+sky%2C+4800K&modelInputVersion=v2&aspectRatio=landscape&creativity=10&guideStrength=27&exif={""mode""%3A""manual""%2C""details""%3A{""aperture""%3A1.4%2C""focal_length""%3A183%2C""shutter_speed""%3A0.008}}&style=isometric&style=backlighting"
r1bc3a653t,"there is a field of yellow flowers in the foreground with a farm in the distance, medieval French landscape, clouded, sharp photo, each land is a different color",134:89,2,5.910691186,5.910691186,0.999,2,2,4,768,960,1024,41,LinearMultistepSampler,VanillaCFG,3.028524578,TRUE,45,HeunEDMSampler,IdentityGuider,5.496360061,TRUE,4:3,dramatic_light+shot_from_below,portrait,50,9,manual,5.6,0.125,156,"https://firefly.adobe.com/generate/images?style=photo&seed=42&seed=242&seed=4242&seed=2442&prompt=there+is+a+field+of+yellow+flowers+in+the+foreground+with+a+farm+in+the+distance%2C+medieval+French+landscape%2C+clouded%2C+sharp+photo%2C+each+land+is+a+different+color&modelInputVersion=v2&aspectRatio=portrait&creativity=9&guideStrength=50&exif={""mode""%3A""manual""%2C""details""%3A{""aperture""%3A5.6%2C""focal_length""%3A156%2C""shutter_speed""%3A0.125}}&style=dramatic_light&style=shot_from_below"
r1bc3dd23t,"photo of a road with a barrier on the side of it, hill with trees, thick bushes, roadside",77:51,3,7.384519371,7.384519371,0.999,2,1,5,512,1024,960,39,EulerEDMSampler,VanillaCFG,2.748572015,TRUE,44,EulerEDMSampler,VanillaCFG,4.555772814,TRUE,3:2,long-time_exposure+shallow_depth_of_field,portrait,95,10,manual,22,0.004,176,"https://firefly.adobe.com/generate/images?style=photo&seed=42&seed=242&seed=4242&seed=2442&prompt=photo+of+a+road+with+a+barrier+on+the+side+of+it%2C+hill+with+trees%2C+thick+bushes%2C+roadside&modelInputVersion=v2&aspectRatio=portrait&creativity=10&guideStrength=95&exif={""mode""%3A""manual""%2C""details""%3A{""aperture""%3A22%2C""focal_length""%3A176%2C""shutter_speed""%3A0.004}}&style=long-time_exposure&style=shallow_depth_of_field"
r1bc4e4act,"there is a large shiny object in the snow near a fence, chrome art, Alps, liquid sculpture, shelter, embossed",134:89,4,6.666711461,6.666711461,0.996,3,1,1,768,1344,704,37,DPMPP2MSampler,IdentityGuider,,TRUE,42,LinearMultistepSampler,VanillaCFG,,TRUE,9:16,muted+long-time_exposure+wide_angle,portrait,50,3,manual,1.2,0.008,49,"https://firefly.adobe.com/generate/images?style=photo&seed=42&seed=242&seed=4242&seed=2442&prompt=there+is+a+large+shiny+object+in+the+snow+near+a+fence%2C+chrome+art%2C+Alps%2C+liquid+sculpture%2C+shelter%2C+embossed&modelInputVersion=v2&aspectRatio=portrait&creativity=3&guideStrength=50&exif={""mode""%3A""manual""%2C""details""%3A{""aperture""%3A1.2%2C""focal_length""%3A49%2C""shutter_speed""%3A0.008}}&style=muted&style=long-time_exposure&style=wide_angle"
r1bc92a89t,"people are walking around a city square with a tall building, Pantheon, Roman sculpture, obelisks, Roman goddess, close photo",77:51,1,6.071999275,6.071999275,0.997,4,3,2,768,1472,704,37,EulerEDMSampler,IdentityGuider,,FALSE,,,,,,4:3,gomori_photography+isometric+closeup,landscape,0,5,manual,4,0.066,30,"https://firefly.adobe.com/generate/images?style=photo&seed=42&seed=242&seed=4242&seed=2442&prompt=people+are+walking+around+a+city+square+with+a+tall+building%2C+Pantheon%2C+Roman+sculpture%2C+obelisks%2C+Roman+goddess%2C+close+photo&modelInputVersion=v2&aspectRatio=landscape&creativity=5&guideStrength=0&exif={""mode""%3A""manual""%2C""details""%3A{""aperture""%3A4%2C""focal_length""%3A30%2C""shutter_speed""%3A0.066}}&style=gomori_photography&style=isometric&style=closeup"
r1bca2388t,"there are many hats on a shelf in a closet, Lapland, band merchandise, maroon, crafts and souvenirs, comfort posse, Dolomites, brand colors are red and blue, beanie.",134:89,1,7.512943285,7.512943285,0.998,1,2,3,512,1216,832,40,LinearMultistepSampler,VanillaCFG,6.514883312,TRUE,41,DPMPP2SAncestralSampler,IdentityGuider,3.011262885,TRUE,1:1,,landscape,0,5,auto,,,,"https://firefly.adobe.com/generate/images?style=photo&seed=42&seed=242&seed=4242&seed=2442&prompt=there+are+many+hats+on+a+shelf+in+a+closet%2C+Lapland%2C+band+merchandise%2C+maroon%2C+crafts+and+souvenirs%2C+comfort+posse%2C+Dolomites%2C+brand+colors+are+red+and+blue%2C+beanie.&modelInputVersion=v2&aspectRatio=landscape&creativity=5&guideStrength=0&exif={""mode""%3A""auto""}"
r1bcfab73t,"there is a person riding a horse down a dirt road, Reunion Island landscape, lookout tower, real photo, single pine, 35mm photo, HD photo",77:51,4,2.949721565,2.949721565,0.996,2,0,4,768,1344,704,38,DPMPP2MSampler,VanillaCFG,5.941198409,TRUE,36,EulerEDMSampler,IdentityGuider,8.996748933,TRUE,4:3,dramatic_light,widescreen,86,4,manual,22,0.004,159,"https://firefly.adobe.com/generate/images?style=photo&seed=42&seed=242&seed=4242&seed=2442&prompt=there+is+a+person+riding+a+horse+down+a+dirt+road%2C+Reunion+Island+landscape%2C+lookout+tower%2C+real+photo%2C+single+pine%2C+35mm+photo%2C+HD+photo&modelInputVersion=v2&aspectRatio=widescreen&creativity=4&guideStrength=86&exif={""mode""%3A""manual""%2C""details""%3A{""aperture""%3A22%2C""focal_length""%3A159%2C""shutter_speed""%3A0.004}}&style=dramatic_light"
r1bd70210t,"there is a view of a street from a bus window, Black Forest, inside a barn, stony road, the fall season, photo taken from behind, entrance, golf course",77:51,3,5.011427818,5.011427818,0.997,2,1,5,768,1728,576,41,EulerEDMSampler,VanillaCFG,4.844116322,TRUE,41,DPMPP2MSampler,VanillaCFG,5.116197229,TRUE,16:9,vibrant_colors,landscape,0,5,auto,,,,"https://firefly.adobe.com/generate/images?style=photo&seed=42&seed=242&seed=4242&seed=2442&prompt=there+is+a+view+of+a+street+from+a+bus+window%2C+Black+Forest%2C+inside+a+barn%2C+stony+road%2C+the+fall+season%2C+photo+taken+from+behind%2C+entrance%2C+golf+course&modelInputVersion=v2&aspectRatio=landscape&creativity=5&guideStrength=0&exif={""mode""%3A""auto""}&style=vibrant_colors"
r1bdb6385t,"there is a large statue of a bear in a building, the Vatican, Metropolitan Museum photo, piglet, rock art, cramped, museum setting",89:134,2,3.733606145,3.733606145,0.995,2,2,0,768,832,1152,34,EulerEDMSampler,VanillaCFG,3.132523798,FALSE,,,,,,1:2,grainy_film+beautiful+isometric+vibrant_colors,widescreen,44,10,manual,16,0.008,127,"https://firefly.adobe.com/generate/images?style=photo&seed=42&seed=242&seed=4242&seed=2442&prompt=there+is+a+large+statue+of+a+bear+in+a+building%2C+the+Vatican%2C+Metropolitan+Museum+photo%2C+piglet%2C+rock+art%2C+cramped%2C+museum+setting&modelInputVersion=v2&aspectRatio=widescreen&creativity=10&guideStrength=44&exif={""mode""%3A""manual""%2C""details""%3A{""aperture""%3A16%2C""focal_length""%3A127%2C""shutter_speed""%3A0.008}}&style=grainy_film&style=beautiful&style=isometric&style=vibrant_colors"
r1bddecd6t,"graffiti on the side of a train car with a train in the background, Genesis, typographic, inside of a metro train, family, arms, on display",77:51,1,3.719181901,3.719181901,0.997,1,1,2,512,896,1152,42,DPMPP2SAncestralSampler,IdentityGuider,,TRUE,36,LinearMultistepSampler,VanillaCFG,,TRUE,3:2,monochromatic,widescreen,0,7,auto,,,,"https://firefly.adobe.com/generate/images?style=photo&seed=42&seed=242&seed=4242&seed=2442&prompt=graffiti+on+the+side+of+a+train+car+with+a+train+in+the+background%2C+Genesis%2C+typographic%2C+inside+of+a+metro+train%2C+family%2C+arms%2C+on+display&modelInputVersion=v2&aspectRatio=widescreen&creativity=7&guideStrength=0&exif={""mode""%3A""auto""}&style=monochromatic"
r1be2a3d5t,"people walking in a courtyard of a town with a yellow building, Dolomites, theme park, midday sun, polished architecture, street of teal stone",134:89,3,6.408103938,6.408103938,0.999,1,2,3,512,704,1344,34,EulerEDMSampler,IdentityGuider,,TRUE,37,DPMPP2SAncestralSampler,IdentityGuider,,TRUE,2:3,,square,50,4,auto,,,,"https://firefly.adobe.com/generate/images?style=photo&seed=42&seed=242&seed=4242&seed=2442&prompt=people+walking+in+a+courtyard+of+a+town+with+a+yellow+building%2C+Dolomites%2C+theme+park%2C+midday+sun%2C+polished+architecture%2C+street+of+teal+stone&modelInputVersion=v2&aspectRatio=square&creativity=4&guideStrength=50&exif={""mode""%3A""auto""}"
r1be4943bt,"there are many people working in a large kitchen with a big bowl, Saitama Prefecture, flowing milk, HD photo, commanding, mozzarella",77:51,4,7.776394516,7.776394516,0.998,4,1,4,768,1664,576,40,LinearMultistepSampler,IdentityGuider,,TRUE,43,EulerAncestralSampler,VanillaCFG,,TRUE,16:9,,square,0,4,manual,4,0.0006,34,"https://firefly.adobe.com/generate/images?style=photo&seed=42&seed=242&seed=4242&seed=2442&prompt=there+are+many+people+working+in+a+large+kitchen+with+a+big+bowl%2C+Saitama+Prefecture%2C+flowing+milk%2C+HD+photo%2C+commanding%2C+mozzarella&modelInputVersion=v2&aspectRatio=square&creativity=4&guideStrength=0&exif={""mode""%3A""manual""%2C""details""%3A{""aperture""%3A4%2C""focal_length""%3A34%2C""shutter_speed""%3A0.0006}}"
r1bf00696t,"there are people walking around in a courtyard of a large building, large windows to French town, on a cloudy day, capital plaza, monarchy, brightly lit!",89:134,2,2.814545679,2.814545679,0.997,2,2,3,768,960,1088,41,DPMPP2SAncestralSampler,IdentityGuider,,TRUE,26,DPMPP2MSampler,IdentityGuider,,TRUE,1:2,backlighting,portrait,100,10,auto,,,,"https://firefly.adobe.com/generate/images?style=photo&seed=42&seed=242&seed=4242&seed=2442&prompt=there+are+people+walking+around+in+a+courtyard+of+a+large+building%2C+large+windows+to+French+town%2C+on+a+cloudy+day%2C+capital+plaza%2C+monarchy%2C+brightly+lit!&modelInputVersion=v2&aspectRatio=portrait&creativity=10&guideStrength=100&exif={""mode""%3A""auto""}&style=backlighting"
r1bf4e594t,"there is a large fountain with a clock on it in the middle of a city, Vienna Secession, outdoor stage, patterned tilework, at golden hour",77:51,1,8.176139984,8.176139984,0.999,2,1,2,768,1152,896,42,DPMPP2MSampler,VanillaCFG,2.650059042,FALSE,,,,,,9:16,antique_photo+product_photo+harsh_light+photographed_through_window,landscape,0,3,auto,,,,"https://firefly.adobe.com/generate/images?style=photo&seed=42&seed=242&seed=4242&seed=2442&prompt=there+is+a+large+fountain+with+a+clock+on+it+in+the+middle+of+a+city%2C+Vienna+Secession%2C+outdoor+stage%2C+patterned+tilework%2C+at+golden+hour&modelInputVersion=v2&aspectRatio=landscape&creativity=3&guideStrength=0&exif={""mode""%3A""auto""}&style=antique_photo&style=product_photo&style=harsh_light&style=photographed_through_window"
r1bf7ff83t,"skiers are coming down a snowy slope in a small cabin, wide view of a farm, snowy Italian road, very beautiful scenery, landscape shot",77:51,3,7.969325115,7.969325115,0.997,1,1,1,768,1152,832,37,DPMPP2SAncestralSampler,IdentityGuider,,TRUE,44,HeunEDMSampler,IdentityGuider,,FALSE,1:1,grainy_film+pastel_colors+low_lighting,portrait,50,5,manual,2,0.066,227,"https://firefly.adobe.com/generate/images?style=photo&seed=42&seed=242&seed=4242&seed=2442&prompt=skiers+are+coming+down+a+snowy+slope+in+a+small+cabin%2C+wide+view+of+a+farm%2C+snowy+Italian+road%2C+very+beautiful+scenery%2C+landscape+shot&modelInputVersion=v2&aspectRatio=portrait&creativity=5&guideStrength=50&exif={""mode""%3A""manual""%2C""details""%3A{""aperture""%3A2%2C""focal_length""%3A227%2C""shutter_speed""%3A0.066}}&style=grainy_film&style=pastel_colors&style=low_lighting"
r1bfbaab3t,"there is a red flower in the middle of a field, tulip, having fun in the sun, city park, interesting details",51:77,3,7.901231107,7.901231107,0.998,1,0,0,512,1088,960,46,EulerAncestralSampler,VanillaCFG,2.850401782,TRUE,47,EulerEDMSampler,VanillaCFG,3.929035494,FALSE,2:3,cool_colors,widescreen,50,2,manual,22,0.016,186,"https://firefly.adobe.com/generate/images?style=photo&seed=42&seed=242&seed=4242&seed=2442&prompt=there+is+a+red+flower+in+the+middle+of+a+field%2C+tulip%2C+having+fun+in+the+sun%2C+city+park%2C+interesting+details&modelInputVersion=v2&aspectRatio=widescreen&creativity=2&guideStrength=50&exif={""mode""%3A""manual""%2C""details""%3A{""aperture""%3A22%2C""focal_length""%3A186%2C""shutter_speed""%3A0.016}}&style=cool_colors"
r1c028de8t,"there is a statue of a man riding a horse in front of a building, telephoto vacation picture, grand scale, chess piece, real image",77:51,3,4.039083832,4.039083832,1,1,1,2,512,704,1344,41,DPMPP2SAncestralSampler,VanillaCFG,2.549629685,FALSE,,,,,,2:3,pastel_colors,widescreen,0,8,manual,2.8,0.008,76,"https://firefly.adobe.com/generate/images?style=photo&seed=42&seed=242&seed=4242&seed=2442&prompt=there+is+a+statue+of+a+man+riding+a+horse+in+front+of+a+building%2C+telephoto+vacation+picture%2C+grand+scale%2C+chess+piece%2C+real+image&modelInputVersion=v2&aspectRatio=widescreen&creativity=8&guideStrength=0&exif={""mode""%3A""manual""%2C""details""%3A{""aperture""%3A2.8%2C""focal_length""%3A76%2C""shutter_speed""%3A0.008}}&style=pastel_colors"
r1c070921t,"there is a building with a clock tower on the top of it, Paris school, royal academy, crypt, church background",77:51,3,4.579688179,4.579688179,0.996,2,9,5,512,1600,640,48,HeunEDMSampler,IdentityGuider,,TRUE,41,DPMPP2SAncestralSampler,VanillaCFG,,TRUE,2:1,pastel_colors,portrait,75,3,auto,,,,"https://firefly.adobe.com/generate/images?style=photo&seed=42&seed=242&seed=4242&seed=2442&prompt=there+is+a+building+with+a+clock+tower+on+the+top+of+it%2C+Paris+school%2C+royal+academy%2C+crypt%2C+church+background&modelInputVersion=v2&aspectRatio=portrait&creativity=3&guideStrength=75&exif={""mode""%3A""auto""}&style=pastel_colors"
r1c09b002t,"there is a small cabin on a mountainside with a view of the valley, Dolomites in the background, extremely detailed rocky crag, rocky ground, wide shot",77:51,1,4.417942613,4.417942613,1,4,1,2,512,1408,704,40,EulerAncestralSampler,VanillaCFG,3.381220661,TRUE,43,DPMPP2MSampler,IdentityGuider,7.743771072,TRUE,4:5,bw,portrait,50,3,auto,,,,"https://firefly.adobe.com/generate/images?style=photo&seed=42&seed=242&seed=4242&seed=2442&prompt=there+is+a+small+cabin+on+a+mountainside+with+a+view+of+the+valley%2C+Dolomites+in+the+background%2C+extremely+detailed+rocky+crag%2C+rocky+ground%2C+wide+shot&modelInputVersion=v2&aspectRatio=portrait&creativity=3&guideStrength=50&exif={""mode""%3A""auto""}&style=bw"
r1c146589t,"there is a large tree that has fallen over in the woods, the fall of summer, high-quality image, entangled foliage, outdoors",77:51,4,8.454055966,8.454055966,0.999,2,5,5,512,768,1280,35,DPMPP2MSampler,VanillaCFG,5.729038473,TRUE,45,EulerAncestralSampler,VanillaCFG,8.283757377,TRUE,3:2,dark+photographed_through_window,widescreen,0,6,auto,,,,"https://firefly.adobe.com/generate/images?style=photo&seed=42&seed=242&seed=4242&seed=2442&prompt=there+is+a+large+tree+that+has+fallen+over+in+the+woods%2C+the+fall+of+summer%2C+high-quality+image%2C+entangled+foliage%2C+outdoors&modelInputVersion=v2&aspectRatio=widescreen&creativity=6&guideStrength=0&exif={""mode""%3A""auto""}&style=dark&style=photographed_through_window"
r1c1e3ec9t,"there is a cow that is standing in the grass by the road, Black Forest, slight overcast weather, traveling through the mountains, wide shot, skiing",77:51,1,7.438458562,7.438458562,0.995,1,3,5,512,1024,1024,41,DPMPP2MSampler,VanillaCFG,6.237553295,TRUE,43,DPMPP2SAncestralSampler,VanillaCFG,4.842667363,TRUE,2:1,dark,landscape,50,9,auto,,,,"https://firefly.adobe.com/generate/images?style=photo&seed=42&seed=242&seed=4242&seed=2442&prompt=there+is+a+cow+that+is+standing+in+the+grass+by+the+road%2C+Black+Forest%2C+slight+overcast+weather%2C+traveling+through+the+mountains%2C+wide+shot%2C+skiing&modelInputVersion=v2&aspectRatio=landscape&creativity=9&guideStrength=50&exif={""mode""%3A""auto""}&style=dark"
r1c1fef8ft,"there is a river running through a city with buildings on the hill, Schlieren, stucco walls, tourist photo, limestone, glossy photo",89:134,1,7.838556374,7.838556374,0.997,1,3,4,768,960,1024,37,DPMPP2MSampler,IdentityGuider,,TRUE,42,DPMPP2MSampler,VanillaCFG,,TRUE,4:5,vibrant_colors,widescreen,0,2,manual,1.4,1,294,"https://firefly.adobe.com/generate/images?style=photo&seed=42&seed=242&seed=4242&seed=2442&prompt=there+is+a+river+running+through+a+city+with+buildings+on+the+hill%2C+Schlieren%2C+stucco+walls%2C+tourist+photo%2C+limestone%2C+glossy+photo&modelInputVersion=v2&aspectRatio=widescreen&creativity=2&guideStrength=0&exif={""mode""%3A""manual""%2C""details""%3A{""aperture""%3A1.4%2C""focal_length""%3A294%2C""shutter_speed""%3A1}}&style=vibrant_colors"
r1c23e440t,"there is a bench overlooking a lake and mountains with a boat in the water, Torri Gate, panoramic view, July, bright blue",77:51,2,7.651911339,7.651911339,0.996,1,5,4,512,1024,960,46,LinearMultistepSampler,IdentityGuider,,FALSE,,,,,,5:4,,landscape,70,4,auto,,,,"https://firefly.adobe.com/generate/images?style=photo&seed=42&seed=242&seed=4242&seed=2442&prompt=there+is+a+bench+overlooking+a+lake+and+mountains+with+a+boat+in+the+water%2C+Torri+Gate%2C+panoramic+view%2C+July%2C+bright+blue&modelInputVersion=v2&aspectRatio=landscape&creativity=4&guideStrength=70&exif={""mode""%3A""auto""}"
r1c243af7t,"there is a cow that is standing on a hill in the grass, hiking in the Rocky Mountains, distant photo, full-length photo, pathway, 80mm photo",77:51,1,6.19803936,6.19803936,0.999,1,5,4,768,832,1152,43,DPMPP2SAncestralSampler,VanillaCFG,5.403678241,TRUE,46,EulerAncestralSampler,VanillaCFG,6.663045169,TRUE,1:1,dark+cool_colors+backlighting,portrait,0,8,auto,,,,"https://firefly.adobe.com/generate/images?style=photo&seed=42&seed=242&seed=4242&seed=2442&prompt=there+is+a+cow+that+is+standing+on+a+hill+in+the+grass%2C+hiking+in+the+Rocky+Mountains%2C+distant+photo%2C+full-length+photo%2C+pathway%2C+80mm+photo&modelInputVersion=v2&aspectRatio=portrait&creativity=8&guideStrength=0&exif={""mode""%3A""auto""}&style=dark&style=cool_colors&style=backlighting"
r1c24a571t,"there is a sign on a pole in a field of flowers, carnivorous plant, botanic garden, beautiful labels, sharp photo",77:51,1,8.934835859,8.934835859,0.997,3,5,2,768,1024,1024,46,LinearMultistepSampler,VanillaCFG,5.710713026,TRUE,36,DPMPP2SAncestralSampler,IdentityGuider,7.300141486,TRUE,4:3,bokeh+shot_from_below,square,0,5,auto,,,,"https://firefly.adobe.com/generate/images?style=photo&seed=42&seed=242&seed=4242&seed=2442&prompt=there+is+a+sign+on+a+pole+in+a+field+of+flowers%2C+carnivorous+plant%2C+botanic+garden%2C+beautiful+labels%2C+sharp+photo&modelInputVersion=v2&aspectRatio=square&creativity=5&guideStrength=0&exif={""mode""%3A""auto""}&style=bokeh&style=shot_from_below"
r1c2ac865t,"mountains with a few people walking on the side, Italy, 50mp, high clouds, editorial",77:51,1,6.284125004,6.284125004,0.998,3,4,2,512,1600,640,32,DPMPP2MSampler,VanillaCFG,2.211657881,TRUE,40,DPMPP2SAncestralSampler,VanillaCFG,9.176004624,FALSE,1:1,multiexposure+photographed_through_window,portrait,48,4,manual,2.8,0.066,75,"https://firefly.adobe.com/generate/images?style=photo&seed=42&seed=242&seed=4242&seed=2442&prompt=mountains+with+a+few+people+walking+on+the+side%2C+Italy%2C+50mp%2C+high+clouds%2C+editorial&modelInputVersion=v2&aspectRatio=portrait&creativity=4&guideStrength=48&exif={""mode""%3A""manual""%2C""details""%3A{""aperture""%3A2.8%2C""focal_length""%3A75%2C""shutter_speed""%3A0.066}}&style=multiexposure&style=photographed_through_window"
r1c31a90bt,"there is a car parked on the side of the street, crenellated balconies, 15th century, stairs to the second floor, ivory, store",51:77,4,6.994083002,6.994083002,0.997,1,4,2,768,1024,960,35,DPMPP2MSampler,IdentityGuider,,FALSE,,,,,,2:1,monochromatic+golden_hour,square,0,10,auto,,,,"https://firefly.adobe.com/generate/images?style=photo&seed=42&seed=242&seed=4242&seed=2442&prompt=there+is+a+car+parked+on+the+side+of+the+street%2C+crenellated+balconies%2C+15th+century%2C+stairs+to+the+second+floor%2C+ivory%2C+store&modelInputVersion=v2&aspectRatio=square&creativity=10&guideStrength=0&exif={""mode""%3A""auto""}&style=monochromatic&style=golden_hour"
r1c402787t,"view of a Roman city with a clock tower in the background, giant columns palace, editorial, blue clear skies, market in ancient Rome",77:51,2,7.206138946,7.206138946,0.999,2,4,2,768,832,1216,39,DPMPP2SAncestralSampler,VanillaCFG,6.101485941,TRUE,38,EulerEDMSampler,VanillaCFG,4.171793771,TRUE,9:16,antique_photo+harsh_light,square,100,8,auto,,,,"https://firefly.adobe.com/generate/images?style=photo&seed=42&seed=242&seed=4242&seed=2442&prompt=view+of+a+Roman+city+with+a+clock+tower+in+the+background%2C+giant+columns+palace%2C+editorial%2C+blue+clear+skies%2C+market+in+ancient+Rome&modelInputVersion=v2&aspectRatio=square&creativity=8&guideStrength=100&exif={""mode""%3A""auto""}&style=antique_photo&style=harsh_light"
r1c4ae120t,"there is a small stream running through a field with trees, Alps, yellow colors, real image",77:51,1,8.330322639,8.330322639,0.996,3,3,2,512,768,1344,36,DPMPP2SAncestralSampler,VanillaCFG,4.865426285,FALSE,,,,,,4:5,long-time_exposure,widescreen,100,2,manual,22,0.004,160,"https://firefly.adobe.com/generate/images?style=photo&seed=42&seed=242&seed=4242&seed=2442&prompt=there+is+a+small+stream+running+through+a+field+with+trees%2C+Alps%2C+yellow+colors%2C+real+image&modelInputVersion=v2&aspectRatio=widescreen&creativity=2&guideStrength=100&exif={""mode""%3A""manual""%2C""details""%3A{""aperture""%3A22%2C""focal_length""%3A160%2C""shutter_speed""%3A0.004}}&style=long-time_exposure"
r1c4d4720t,"there is a view of a road from a bus window, Austria, scenic environment, early morning",77:51,1,8.36080901,8.36080901,0.997,4,3,3,768,960,1088,54,LinearMultistepSampler,VanillaCFG,1.656185509,TRUE,42,DPMPP2SAncestralSampler,IdentityGuider,6.527345588,FALSE,4:5,cool_colors+multiexposure,widescreen,2,4,auto,,,,"https://firefly.adobe.com/generate/images?style=photo&seed=42&seed=242&seed=4242&seed=2442&prompt=there+is+a+view+of+a+road+from+a+bus+window%2C+Austria%2C+scenic+environment%2C+early+morning&modelInputVersion=v2&aspectRatio=widescreen&creativity=4&guideStrength=2&exif={""mode""%3A""auto""}&style=cool_colors&style=multiexposure"
r1c4deb71t,"there is a building covered in green ivy on the side of the road, capital of Estonia, vine-covered, located in Hajibektash complex",77:51,3,3.284595412,3.284595412,0.996,1,3,4,768,1600,640,37,HeunEDMSampler,VanillaCFG,5.943956433,TRUE,43,HeunEDMSampler,VanillaCFG,5.335150387,TRUE,2:3,photographed_through_window,square,51,4,manual,1.2,1,204,"https://firefly.adobe.com/generate/images?style=photo&seed=42&seed=242&seed=4242&seed=2442&prompt=there+is+a+building+covered+in+green+ivy+on+the+side+of+the+road%2C+capital+of+Estonia%2C+vine-covered%2C+located+in+Hajibektash+complex&modelInputVersion=v2&aspectRatio=square&creativity=4&guideStrength=51&exif={""mode""%3A""manual""%2C""details""%3A{""aperture""%3A1.2%2C""focal_length""%3A204%2C""shutter_speed""%3A1}}&style=photographed_through_window"
r1c4e6a62t,"people walking on the sidewalk near a building with a lot of windows, Octoberfest, inside a shed, gate",134:89,3,4.5476539,4.5476539,0.996,2,2,5,512,1600,640,39,DPMPP2MSampler,VanillaCFG,4.476062525,TRUE,37,HeunEDMSampler,IdentityGuider,5.792582187,TRUE,1:2,bw,portrait,100,5,manual,2.8,10,164,"https://firefly.adobe.com/generate/images?style=photo&seed=42&seed=242&seed=4242&seed=2442&prompt=people+walking+on+the+sidewalk+near+a+building+with+a+lot+of+windows%2C+Octoberfest%2C+inside+a+shed%2C+gate&modelInputVersion=v2&aspectRatio=portrait&creativity=5&guideStrength=100&exif={""mode""%3A""manual""%2C""details""%3A{""aperture""%3A2.8%2C""focal_length""%3A164%2C""shutter_speed""%3A10}}&style=bw"
r1c56a2bct,"there is a horse that is standing in the grass near a hill, church in the wood, hazy, telephoto photography",77:51,1,7.190617543,7.190617543,0.995,2,2,0,768,1152,896,31,DPMPP2SAncestralSampler,VanillaCFG,2.113867528,FALSE,,,,,,3:2,bokeh+beautiful+divine+wide_angle,landscape,0,10,auto,,,,"https://firefly.adobe.com/generate/images?style=photo&seed=42&seed=242&seed=4242&seed=2442&prompt=there+is+a+horse+that+is+standing+in+the+grass+near+a+hill%2C+church+in+the+wood%2C+hazy%2C+telephoto+photography&modelInputVersion=v2&aspectRatio=landscape&creativity=10&guideStrength=0&exif={""mode""%3A""auto""}&style=bokeh&style=beautiful&style=divine&style=wide_angle"
r1c5a4928t,"there are many red and white flowers with white centers, tulips, in the morning light, Belgium, soft lines, blast, textile, f/1",51:77,3,3.523063543,3.523063543,0.996,1,2,1,768,896,1088,36,DPMPP2SAncestralSampler,VanillaCFG,5.273732324,TRUE,37,LinearMultistepSampler,IdentityGuider,5.130984354,FALSE,3:4,backlighting,portrait,0,2,auto,,,,"https://firefly.adobe.com/generate/images?style=photo&seed=42&seed=242&seed=4242&seed=2442&prompt=there+are+many+red+and+white+flowers+with+white+centers%2C+tulips%2C+in+the+morning+light%2C+Belgium%2C+soft+lines%2C+blast%2C+textile%2C+f/1&modelInputVersion=v2&aspectRatio=portrait&creativity=2&guideStrength=0&exif={""mode""%3A""auto""}&style=backlighting"
r1c5ec853t,"A man riding a bike with a bunch of people around him, carnival, luminous colorful, dove, full-length view, presentation, festive atmosphere, little kid, front photo, bright white, taken on a Nikon, opera, Tocchini, photographer, listing image, Arcimboldo Giuseppe, DSLR photo, joyful crowd, street parade.",77:51,3,8.619950757,8.619950757,1,3,1,2,768,1024,1024,38,LinearMultistepSampler,VanillaCFG,6.988906602,TRUE,44,DPMPP2SAncestralSampler,VanillaCFG,6.251136681,TRUE,4:3,warm_colors+golden_hour,landscape,0,6,auto,,,,"https://firefly.adobe.com/generate/images?style=photo&seed=42&seed=242&seed=4242&seed=2442&prompt=A+man+riding+a+bike+with+a+bunch+of+people+around+him%2C+carnival%2C+luminous+colorful%2C+dove%2C+full-length+view%2C+presentation%2C+festive+atmosphere%2C+little+kid%2C+front+photo%2C+bright+white%2C+taken+on+a+Nikon%2C+opera%2C+Tocchini%2C+photographer%2C+listing+image%2C+Arcimboldo+Giuseppe%2C+DSLR+photo%2C+joyful+crowd%2C+street+parade.&modelInputVersion=v2&aspectRatio=landscape&creativity=6&guideStrength=0&exif={""mode""%3A""auto""}&style=warm_colors&style=golden_hour"
r1c6377bat,"A large body of water with tall grass in it, Cheng, southern European scenery, cold sunny weather, slightly overexposed, with ancient Chinese aesthetic, mountain water, inspired by Johann Liss, reed on riverbank, lakeside, Kanamemo, spring season city, malt, serene reflection.",77:51,3,8.900797793,8.900797793,0.999,4,1,3,512,1280,768,40,HeunEDMSampler,IdentityGuider,,FALSE,,,,,,2:3,minimalism+simple+macrophotography,square,50,7,auto,,,,"https://firefly.adobe.com/generate/images?style=photo&seed=42&seed=242&seed=4242&seed=2442&prompt=A+large+body+of+water+with+tall+grass+in+it%2C+Cheng%2C+southern+European+scenery%2C+cold+sunny+weather%2C+slightly+overexposed%2C+with+ancient+Chinese+aesthetic%2C+mountain+water%2C+inspired+by+Johann+Liss%2C+reed+on+riverbank%2C+lakeside%2C+Kanamemo%2C+spring+season+city%2C+malt%2C+serene+reflection.&modelInputVersion=v2&aspectRatio=square&creativity=7&guideStrength=50&exif={""mode""%3A""auto""}&style=minimalism&style=simple&style=macrophotography"
r1c6b4a23t,"A clock tower with a flag on top of it, Scottish style, official courthouse, ISO 500, super high detail picture, domes, 600mm, good shading, architecture photo, majestic landmark, proud national symbol.",89:134,1,4.572349352,4.572349352,0.998,1,2,4,768,1536,640,46,EulerEDMSampler,VanillaCFG,6.75899015,TRUE,43,DPMPP2MSampler,VanillaCFG,3.821507089,FALSE,4:5,simple+warm_colors,portrait,84,5,manual,1.4,0.066,88,"https://firefly.adobe.com/generate/images?style=photo&seed=42&seed=242&seed=4242&seed=2442&prompt=A+clock+tower+with+a+flag+on+top+of+it%2C+Scottish+style%2C+official+courthouse%2C+ISO+500%2C+super+high+detail+picture%2C+domes%2C+600mm%2C+good+shading%2C+architecture+photo%2C+majestic+landmark%2C+proud+national+symbol.&modelInputVersion=v2&aspectRatio=portrait&creativity=5&guideStrength=84&exif={""mode""%3A""manual""%2C""details""%3A{""aperture""%3A1.4%2C""focal_length""%3A88%2C""shutter_speed""%3A0.066}}&style=simple&style=warm_colors"
r1c717a46t,"An arched ceiling with a clock and paintings on it, half-length photo, old Roman style, pastel, outdoor photo, classified photo, artistic masterpiece, historical grandeur.",134:89,1,7.059668973,7.059668973,1,2,0,5,512,1152,832,33,DPMPP2SAncestralSampler,VanillaCFG,5.375420362,TRUE,37,HeunEDMSampler,VanillaCFG,5.305773196,TRUE,5:4,bw+studio_light,square,0,2,manual,4,0.5,254,"https://firefly.adobe.com/generate/images?style=photo&seed=42&seed=242&seed=4242&seed=2442&prompt=An+arched+ceiling+with+a+clock+and+paintings+on+it%2C+half-length+photo%2C+old+Roman+style%2C+pastel%2C+outdoor+photo%2C+classified+photo%2C+artistic+masterpiece%2C+historical+grandeur.&modelInputVersion=v2&aspectRatio=square&creativity=2&guideStrength=0&exif={""mode""%3A""manual""%2C""details""%3A{""aperture""%3A4%2C""focal_length""%3A254%2C""shutter_speed""%3A0.5}}&style=bw&style=studio_light"
r1c83ec1dt,"A statue in the middle of a fountain with a clock tower in the background, obelisk, reverse, blog-photo, street-level view, many stone statues, November, grand public square, artistic treasures.",51:77,2,8.290617577,8.290617577,0.996,2,1,0,512,1408,704,43,LinearMultistepSampler,IdentityGuider,,FALSE,,,,,,5:4,,portrait,15,5,auto,,,,"https://firefly.adobe.com/generate/images?style=photo&seed=42&seed=242&seed=4242&seed=2442&prompt=A+statue+in+the+middle+of+a+fountain+with+a+clock+tower+in+the+background%2C+obelisk%2C+reverse%2C+blog-photo%2C+street-level+view%2C+many+stone+statues%2C+November%2C+grand+public+square%2C+artistic+treasures.&modelInputVersion=v2&aspectRatio=portrait&creativity=5&guideStrength=15&exif={""mode""%3A""auto""}"
r1c874ac4t,"A view of a lake and mountains from a bridge, running through an Italian town, very clean, 50MP, fresh bakeries in the background, view from the side, full picture, touring, wide shot, Eterea, AOC, idyllic waterfront, charming village life.",77:51,3,3.72918615,3.72918615,1,1,1,1,512,704,1408,37,DPMPP2SAncestralSampler,VanillaCFG,3.999561397,TRUE,38,DPMPP2MSampler,IdentityGuider,0.9549861485,FALSE,4:5,golden_hour+photographed_through_window,square,0,6,auto,,,,"https://firefly.adobe.com/generate/images?style=photo&seed=42&seed=242&seed=4242&seed=2442&prompt=A+view+of+a+lake+and+mountains+from+a+bridge%2C+running+through+an+Italian+town%2C+very+clean%2C+50MP%2C+fresh+bakeries+in+the+background%2C+view+from+the+side%2C+full+picture%2C+touring%2C+wide+shot%2C+Eterea%2C+AOC%2C+idyllic+waterfront%2C+charming+village+life.&modelInputVersion=v2&aspectRatio=square&creativity=6&guideStrength=0&exif={""mode""%3A""auto""}&style=golden_hour&style=photographed_through_window"
r1c99500bt,"A windmill on the side of a road near a field, narrow and winding cozy streets, Rembrandt exhibition, light green, parks and public space, perfect full shot, magical village, April, bustling with people, tourist photo, raw file, harbor, full-length photo, editorial, picturesque countryside.",77:51,2,7.080749923,7.080749923,0.998,3,2,2,768,1344,704,52,EulerEDMSampler,VanillaCFG,5.896566303,TRUE,44,LinearMultistepSampler,VanillaCFG,1.491785275,TRUE,4:3,monochromatic+surreal_lighting+surface_detail,portrait,0,5,auto,,,,"https://firefly.adobe.com/generate/images?style=photo&seed=42&seed=242&seed=4242&seed=2442&prompt=A+windmill+on+the+side+of+a+road+near+a+field%2C+narrow+and+winding+cozy+streets%2C+Rembrandt+exhibition%2C+light+green%2C+parks+and+public+space%2C+perfect+full+shot%2C+magical+village%2C+April%2C+bustling+with+people%2C+tourist+photo%2C+raw+file%2C+harbor%2C+full-length+photo%2C+editorial%2C+picturesque+countryside.&modelInputVersion=v2&aspectRatio=portrait&creativity=5&guideStrength=0&exif={""mode""%3A""auto""}&style=monochromatic&style=surreal_lighting&style=surface_detail"
r1c9fc42at,"A horse-drawn carriage with a man in front of a building, Bernini, historical reenactment, fleeing merchants, taken with my Nikon D3, church in the background, editorial, November, carrying a tray, cone-shaped, an enormous, TVs, two, a wooden, Roma, stock, vintage charm.",89:134,2,3.763705374,3.763705374,0.999,2,1,3,512,1216,832,37,LinearMultistepSampler,IdentityGuider,,TRUE,36,EulerEDMSampler,VanillaCFG,,TRUE,1:2,minimalism+bw+shot_from_above,portrait,100,10,manual,5.6,0.066,50,"https://firefly.adobe.com/generate/images?style=photo&seed=42&seed=242&seed=4242&seed=2442&prompt=A+horse-drawn+carriage+with+a+man+in+front+of+a+building%2C+Bernini%2C+historical+reenactment%2C+fleeing+merchants%2C+taken+with+my+Nikon+D3%2C+church+in+the+background%2C+editorial%2C+November%2C+carrying+a+tray%2C+cone-shaped%2C+an+enormous%2C+TVs%2C+two%2C+a+wooden%2C+Roma%2C+stock%2C+vintage+charm.&modelInputVersion=v2&aspectRatio=portrait&creativity=10&guideStrength=100&exif={""mode""%3A""manual""%2C""details""%3A{""aperture""%3A5.6%2C""focal_length""%3A50%2C""shutter_speed""%3A0.066}}&style=minimalism&style=bw&style=shot_from_above"
r1c9fdcf4t,"Snowy landscape with a tower in the middle of the water, Alps, beach in the foreground, Snowcrash, CR3, 3/4 view, Vogel photo, church in the background, view from the side, editorial, sunken, bells, serene winter scene.",77:51,2,5.483148469,5.483148469,0.998,4,2,4,768,1408,704,45,DPMPP2SAncestralSampler,VanillaCFG,2.020907618,FALSE,,,,,,5:4,beautiful+maximalism+dramatic_light,portrait,43,4,manual,16,10,75,"https://firefly.adobe.com/generate/images?style=photo&seed=42&seed=242&seed=4242&seed=2442&prompt=Snowy+landscape+with+a+tower+in+the+middle+of+the+water%2C+Alps%2C+beach+in+the+foreground%2C+Snowcrash%2C+CR3%2C+3/4+view%2C+Vogel+photo%2C+church+in+the+background%2C+view+from+the+side%2C+editorial%2C+sunken%2C+bells%2C+serene+winter+scene.&modelInputVersion=v2&aspectRatio=portrait&creativity=4&guideStrength=43&exif={""mode""%3A""manual""%2C""details""%3A{""aperture""%3A16%2C""focal_length""%3A75%2C""shutter_speed""%3A10}}&style=beautiful&style=maximalism&style=dramatic_light"
r1ca0784dt,"A glass cup sitting on a coaster next to a bottle, high-quality product photo, Jinyiwei, coffee cups, Paris, detailed, Leonardo, gourmet, warmth, from the back, best-selling, old school, hanging, H768, classic elegance, exquisite craftsmanship.",51:77,2,7.396947956,7.396947956,0.997,1,2,5,768,832,1152,49,EulerAncestralSampler,VanillaCFG,4.731769349,TRUE,46,EulerEDMSampler,IdentityGuider,5.371566297,TRUE,1:2,harsh_light+wide_angle,square,0,5,auto,,,,"https://firefly.adobe.com/generate/images?style=photo&seed=42&seed=242&seed=4242&seed=2442&prompt=A+glass+cup+sitting+on+a+coaster+next+to+a+bottle%2C+high-quality+product+photo%2C+Jinyiwei%2C+coffee+cups%2C+Paris%2C+detailed%2C+Leonardo%2C+gourmet%2C+warmth%2C+from+the+back%2C+best-selling%2C+old+school%2C+hanging%2C+H768%2C+classic+elegance%2C+exquisite+craftsmanship.&modelInputVersion=v2&aspectRatio=square&creativity=5&guideStrength=0&exif={""mode""%3A""auto""}&style=harsh_light&style=wide_angle"
r1ca254b2t,"A cow standing in the snow on a hill, in Avila pinewood, mountain behind meadow, gold and green, Alp, cypress trees, 50MP, a photo, October, Andor Kollar, empty snowfield, Mary Devinat, mountain ranges, taken with Canon 80D, grassy field, tranquil winter scenery.",77:51,4,5.360036355,5.360036355,0.998,4,2,0,768,1536,640,40,LinearMultistepSampler,VanillaCFG,3.12783891,TRUE,45,EulerEDMSampler,IdentityGuider,4.609312684,TRUE,3:2,chaotic+dramatic_light,widescreen,100,4,auto,,,,"https://firefly.adobe.com/generate/images?style=photo&seed=42&seed=242&seed=4242&seed=2442&prompt=A+cow+standing+in+the+snow+on+a+hill%2C+in+Avila+pinewood%2C+mountain+behind+meadow%2C+gold+and+green%2C+Alp%2C+cypress+trees%2C+50MP%2C+a+photo%2C+October%2C+Andor+Kollar%2C+empty+snowfield%2C+Mary+Devinat%2C+mountain+ranges%2C+taken+with+Canon+80D%2C+grassy+field%2C+tranquil+winter+scenery.&modelInputVersion=v2&aspectRatio=widescreen&creativity=4&guideStrength=100&exif={""mode""%3A""auto""}&style=chaotic&style=dramatic_light"
r1ca2ef38t,"There is a pile of wood next to a staircase and a plant, countryside in Japan, Christmas, Austria, circles, front photo, roof background, torches on the wall, half body photo, beautiful, autumn leaves, traditional architecture, soft sunlight, wooden textures.",77:51,1,4.767508691,4.767508691,0.999,2,2,2,512,1408,704,46,LinearMultistepSampler,VanillaCFG,6.668024902,TRUE,32,HeunEDMSampler,VanillaCFG,5.329099734,TRUE,5:4,vibrant_colors+harsh_light,portrait,0,9,manual,16,0.5,280,"https://firefly.adobe.com/generate/images?style=photo&seed=42&seed=242&seed=4242&seed=2442&prompt=There+is+a+pile+of+wood+next+to+a+staircase+and+a+plant%2C+countryside+in+Japan%2C+Christmas%2C+Austria%2C+circles%2C+front+photo%2C+roof+background%2C+torches+on+the+wall%2C+half+body+photo%2C+beautiful%2C+autumn+leaves%2C+traditional+architecture%2C+soft+sunlight%2C+wooden+textures.&modelInputVersion=v2&aspectRatio=portrait&creativity=9&guideStrength=0&exif={""mode""%3A""manual""%2C""details""%3A{""aperture""%3A16%2C""focal_length""%3A280%2C""shutter_speed""%3A0.5}}&style=vibrant_colors&style=harsh_light"
r1ca5a385t,"There is a clock on the wall with a picture above it, museum artifact, of a 17th century, Cleveland, full-length photo, very sharp photo, three-quarter view, gold hour, puppet, straining, ham, a beautiful detailed orixa, 1789, moor, belle, antique furniture, dramatic lighting.",51:77,3,5.155096648,5.155096648,0.996,1,2,3,768,1280,768,36,HeunEDMSampler,VanillaCFG,3.067233304,TRUE,37,DPMPP2SAncestralSampler,VanillaCFG,6.686998128,FALSE,2:3,surface_detail,landscape,50,6,manual,16,0.066,104,"https://firefly.adobe.com/generate/images?style=photo&seed=42&seed=242&seed=4242&seed=2442&prompt=There+is+a+clock+on+the+wall+with+a+picture+above+it%2C+museum+artifact%2C+of+a+17th+century%2C+Cleveland%2C+full-length+photo%2C+very+sharp+photo%2C+three-quarter+view%2C+gold+hour%2C+puppet%2C+straining%2C+ham%2C+a+beautiful+detailed+orixa%2C+1789%2C+moor%2C+belle%2C+antique+furniture%2C+dramatic+lighting.&modelInputVersion=v2&aspectRatio=landscape&creativity=6&guideStrength=50&exif={""mode""%3A""manual""%2C""details""%3A{""aperture""%3A16%2C""focal_length""%3A104%2C""shutter_speed""%3A0.066}}&style=surface_detail"
r1ca6cc12t,"photo of a statue of a man holding a staff in a room, grandiose portrait, close photo, sitting on a stone throne, made of flesh and muscles, flattering photo, posing for the camera, half-length photo, majestic ambiance, ancient ruins, vibrant colors.",89:134,2,4.287112381,4.287112381,0.999,3,2,4,768,768,1280,35,HeunEDMSampler,IdentityGuider,,TRUE,44,EulerEDMSampler,VanillaCFG,,TRUE,3:4,vibrant_colors,widescreen,0,8,manual,1.2,0.016,145,"https://firefly.adobe.com/generate/images?style=photo&seed=42&seed=242&seed=4242&seed=2442&prompt=photo+of+a+statue+of+a+man+holding+a+staff+in+a+room%2C+grandiose+portrait%2C+close+photo%2C+sitting+on+a+stone+throne%2C+made+of+flesh+and+muscles%2C+flattering+photo%2C+posing+for+the+camera%2C+half-length+photo%2C+majestic+ambiance%2C+ancient+ruins%2C+vibrant+colors.&modelInputVersion=v2&aspectRatio=widescreen&creativity=8&guideStrength=0&exif={""mode""%3A""manual""%2C""details""%3A{""aperture""%3A1.2%2C""focal_length""%3A145%2C""shutter_speed""%3A0.016}}&style=vibrant_colors"
r1cad9823t,"There is a dirt road that leads to a building with a lot of stairs, lots of Roman arches, grass surrounding it, 3/4 view from back, Pompeian, platform, huge pauldrons, editorial image, Jacqueline E, sprawled out, area n, sunny day, architectural details, historic atmosphere.",77:51,4,4.812718063,4.812718063,0.998,3,2,5,768,1024,1024,42,EulerEDMSampler,VanillaCFG,4.093301251,FALSE,,,,,,2:3,vibrant_colors+knolling,portrait,100,8,manual,4,0.5,237,"https://firefly.adobe.com/generate/images?style=photo&seed=42&seed=242&seed=4242&seed=2442&prompt=There+is+a+dirt+road+that+leads+to+a+building+with+a+lot+of+stairs%2C+lots+of+Roman+arches%2C+grass+surrounding+it%2C+3/4+view+from+back%2C+Pompeian%2C+platform%2C+huge+pauldrons%2C+editorial+image%2C+Jacqueline+E%2C+sprawled+out%2C+area+n%2C+sunny+day%2C+architectural+details%2C+historic+atmosphere.&modelInputVersion=v2&aspectRatio=portrait&creativity=8&guideStrength=100&exif={""mode""%3A""manual""%2C""details""%3A{""aperture""%3A4%2C""focal_length""%3A237%2C""shutter_speed""%3A0.5}}&style=isometric&style=isometric&style=vibrant_colors&style=knolling"
r1cb7084et,"There is a bicycle parked on the sidewalk in the rain, snowy Italian road, the city is full of green plants, professional detailed photo, dusting of snow, upscale photo, noon, scorching weather, finely detailed feature, wandering in the city, indoors, skidding, midday, urban reflections, misty ambiance.",51:77,3,5.9658997,5.9658997,0.996,2,1,1,768,1152,896,44,DPMPP2SAncestralSampler,VanillaCFG,6.574669689,TRUE,38,EulerAncestralSampler,VanillaCFG,2.601276786,TRUE,2:1,cool_colors,widescreen,100,7,auto,,,,"https://firefly.adobe.com/generate/images?style=photo&seed=42&seed=242&seed=4242&seed=2442&prompt=There+is+a+bicycle+parked+on+the+sidewalk+in+the+rain%2C+snowy+Italian+road%2C+the+city+is+full+of+green+plants%2C+professional+detailed+photo%2C+dusting+of+snow%2C+upscale+photo%2C+noon%2C+scorching+weather%2C+finely+detailed+feature%2C+wandering+in+the+city%2C+indoors%2C+skidding%2C+midday%2C+urban+reflections%2C+misty+ambiance.&modelInputVersion=v2&aspectRatio=widescreen&creativity=7&guideStrength=100&exif={""mode""%3A""auto""}&style=cool_colors"
r1cc04f4ft,"There is a view of a city with a bridge and a castle, vibrant greenery, bucolic, bright blue sky, Schlieren, 4K, in 2012, 300, JR, May 10, slightly overexposed, Lou, limestone, Vincent, medieval architecture, panoramic view.",134:89,1,5.661416787,5.661416787,0.997,1,2,0,512,1024,1024,43,EulerEDMSampler,VanillaCFG,2.31659532,FALSE,,,,,,1:2,warm_colors+shot_from_below,portrait,100,3,auto,,,,"https://firefly.adobe.com/generate/images?style=photo&seed=42&seed=242&seed=4242&seed=2442&prompt=There+is+a+view+of+a+city+with+a+bridge+and+a+castle%2C+vibrant+greenery%2C+bucolic%2C+bright+blue+sky%2C+Schlieren%2C+4K%2C+in+2012%2C+300%2C+JR%2C+May+10%2C+slightly+overexposed%2C+Lou%2C+limestone%2C+Vincent%2C+medieval+architecture%2C+panoramic+view.&modelInputVersion=v2&aspectRatio=portrait&creativity=3&guideStrength=100&exif={""mode""%3A""auto""}&style=warm_colors&style=shot_from_below"
r1cc0e4e1t,"There is a man walking down a path in the middle of a field, chairlifts, Austrian architecture, no flash, big sky, parks, DSLR photo, long shot, jorogumo, Galileo, 10/10, fairy circle, portlet photo, lawn, F-22, the panorama, area 3, serene landscape, natural beauty.",77:51,2,6.630988436,6.630988436,0.999,1,2,3,512,1472,704,42,HeunEDMSampler,VanillaCFG,2.005578761,FALSE,,,,,,3:4,harsh_light,landscape,95,8,auto,,,,"https://firefly.adobe.com/generate/images?style=photo&seed=42&seed=242&seed=4242&seed=2442&prompt=There+is+a+man+walking+down+a+path+in+the+middle+of+a+field%2C+chairlifts%2C+Austrian+architecture%2C+no+flash%2C+big+sky%2C+parks%2C+DSLR+photo%2C+long+shot%2C+jorogumo%2C+Galileo%2C+10/10%2C+fairy+circle%2C+portlet+photo%2C+lawn%2C+F-22%2C+the+panorama%2C+area+3%2C+serene+landscape%2C+natural+beauty.&modelInputVersion=v2&aspectRatio=landscape&creativity=8&guideStrength=95&exif={""mode""%3A""auto""}&style=harsh_light"
r1cd8d9a4t,"the horse on the snow has a black nose and a blue tail, dramatic action shot, completely framed, July 2011, bull netch floating around, museum piece, dominant white and blue colors, full picture, overhead, smoldering, kelp, signed, shaped picture, ox, dynamic composition.",51:77,2,7.616022409,7.616022409,0.998,3,9,9,768,832,1152,44,DPMPP2MSampler,VanillaCFG,1.845078219,TRUE,47,DPMPP2MSampler,VanillaCFG,4.513311755,FALSE,5:4,low_lighting,landscape,50,4,manual,8,0.008,32,"https://firefly.adobe.com/generate/images?style=photo&seed=42&seed=242&seed=4242&seed=2442&prompt=the+horse+on+the+snow+has+a+black+nose+and+a+blue+tail%2C+dramatic+action+shot%2C+completely+framed%2C+July+2011%2C+bull+netch+floating+around%2C+museum+piece%2C+dominant+white+and+blue+colors%2C+full+picture%2C+overhead%2C+smoldering%2C+kelp%2C+signed%2C+shaped+picture%2C+ox%2C+dynamic+composition.&modelInputVersion=v2&aspectRatio=landscape&creativity=4&guideStrength=50&exif={""mode""%3A""manual""%2C""details""%3A{""aperture""%3A8%2C""focal_length""%3A32%2C""shutter_speed""%3A0.008}}&style=low_lighting"
r1cde4afbt,"There is a small church with a steeple on the side of it, alpine climate, large stone statues of heroes, style of mountainous vistas, shot on a 9.8mm wide-angle lens, plaza, fir trees, March, 2019 trending photo, photo photo, Rutkovski, Sheikh, Italian masterpiece, tranquil setting, soft pastel tones.",77:51,4,3.758112084,3.758112084,0.997,1,1,0,768,1728,576,42,HeunEDMSampler,IdentityGuider,,TRUE,40,DPMPP2MSampler,VanillaCFG,,TRUE,3:4,,widescreen,0,2,auto,,,,"https://firefly.adobe.com/generate/images?style=photo&seed=42&seed=242&seed=4242&seed=2442&prompt=There+is+a+small+church+with+a+steeple+on+the+side+of+it%2C+alpine+climate%2C+large+stone+statues+of+heroes%2C+style+of+mountainous+vistas%2C+shot+on+a+9.8mm+wide-angle+lens%2C+plaza%2C+fir+trees%2C+March%2C+2019+trending+photo%2C+photo+photo%2C+Rutkovski%2C+Sheikh%2C+Italian+masterpiece%2C+tranquil+setting%2C+soft+pastel+tones.&modelInputVersion=v2&aspectRatio=widescreen&creativity=2&guideStrength=0&exif={""mode""%3A""auto""}"
r1ceba29dt,"a man is standing on a ledge next to a waterfall, royal garden background, algae, taps with running water, Vervia, in a row, lot of detail,  refreshing oasis, cascading water.",51:77,2,7.709578142,7.709578142,1,1,1,0,512,832,1216,38,EulerAncestralSampler,VanillaCFG,9.269062331,TRUE,35,HeunEDMSampler,IdentityGuider,5.000521149,TRUE,2:3,product_photo+divine,portrait,0,2,manual,16,1,297,"https://firefly.adobe.com/generate/images?style=photo&seed=42&seed=242&seed=4242&seed=2442&prompt=a+man+is+standing+on+a+ledge+next+to+a+waterfall%2C+royal+garden+background%2C+algae%2C+taps+with+running+water%2C+Vervia%2C+in+a+row%2C+lot+of+detail%2C++refreshing+oasis%2C+cascading+water.&modelInputVersion=v2&aspectRatio=portrait&creativity=2&guideStrength=0&exif={""mode""%3A""manual""%2C""details""%3A{""aperture""%3A16%2C""focal_length""%3A297%2C""shutter_speed""%3A1}}&style=product_photo&style=divine"
r1ced1907t,"There is a small box with a picture on it next to a notebook, cottage decor, in Avila Pinewood, zoomed, Blanca Alvarez, very nice pastel colors, many small details, oud, in my bedroom, reference images (front, on a wooden table), lockbox, very detailed, pristine, vintage aesthetics, antique-inspired props.",51:77,1,4.352447903,4.352447903,0.999,4,3,1,768,1024,960,38,DPMPP2SAncestralSampler,VanillaCFG,5.736527201,FALSE,,,,,,4:5,cool_colors+surface_detail,square,79,9,auto,,,,"https://firefly.adobe.com/generate/images?style=photo&seed=42&seed=242&seed=4242&seed=2442&prompt=There+is+a+small+box+with+a+picture+on+it+next+to+a+notebook%2C+cottage+decor%2C+in+Avila+Pinewood%2C+zoomed%2C+Blanca+Alvarez%2C+very+nice+pastel+colors%2C+many+small+details%2C+oud%2C+in+my+bedroom%2C+reference+images+(front%2C+on+a+wooden+table)%2C+lockbox%2C+very+detailed%2C+pristine%2C+vintage+aesthetics%2C+antique-inspired+props.&modelInputVersion=v2&aspectRatio=square&creativity=9&guideStrength=79&exif={""mode""%3A""auto""}&style=cool_colors&style=surface_detail"
r1cfc8ddat,"There is a bear lying down in the grass, Austria, 2017, in a field, upside down, midday sun, Nakolki, Wyoming, CIA, May, 90-60-90, serene wildlife, natural habitat, summer wildlife photography, peaceful surroundings.",77:51,1,8.453726098,8.453726098,0.998,2,3,2,768,768,1344,42,EulerEDMSampler,IdentityGuider,,FALSE,,,,,,5:4,surreal_lighting,widescreen,31,7,manual,16,10,99,"https://firefly.adobe.com/generate/images?style=photo&seed=42&seed=242&seed=4242&seed=2442&prompt=There+is+a+bear+lying+down+in+the+grass%2C+Austria%2C+2017%2C+in+a+field%2C+upside+down%2C+midday+sun%2C+Nakolki%2C+Wyoming%2C+CIA%2C+May%2C+90-60-90%2C+serene+wildlife%2C+natural+habitat%2C+summer+wildlife+photography%2C+peaceful+surroundings.&modelInputVersion=v2&aspectRatio=widescreen&creativity=7&guideStrength=31&exif={""mode""%3A""manual""%2C""details""%3A{""aperture""%3A16%2C""focal_length""%3A99%2C""shutter_speed""%3A10}}&style=surreal_lighting"
r1cfe520bt,"Skiers on a ski lift going up a snowy mountain, subject made of white mesh rope, view from the side, distant clouds, taken with Canon 80D, looking down at a massive crater, cable electric wires, product photo, Mount Olympus, tram, halation, palladium, in rows, terminal, winter adventure, thrilling heights.",77:51,2,6.349094068,6.349094068,0.997,1,3,3,768,896,1088,45,DPMPP2MSampler,VanillaCFG,5.856812874,TRUE,39,EulerEDMSampler,IdentityGuider,7.477244999,TRUE,4:5,divine+cool_colors+long-time_exposure,widescreen,50,6,auto,,,,"https://firefly.adobe.com/generate/images?style=photo&seed=42&seed=242&seed=4242&seed=2442&prompt=Skiers+on+a+ski+lift+going+up+a+snowy+mountain%2C+subject+made+of+white+mesh+rope%2C+view+from+the+side%2C+distant+clouds%2C+taken+with+Canon+80D%2C+looking+down+at+a+massive+crater%2C+cable+electric+wires%2C+product+photo%2C+Mount+Olympus%2C+tram%2C+halation%2C+palladium%2C+in+rows%2C+terminal%2C+winter+adventure%2C+thrilling+heights.&modelInputVersion=v2&aspectRatio=widescreen&creativity=6&guideStrength=50&exif={""mode""%3A""auto""}&style=divine&style=cool_colors&style=long-time_exposure"
r1d00d8ect,"There are two dandelions growing in the grass, wilted flowers, no blur DOF bokeh, fields of green, photography, in a background green forest, stock photograph, trailing white vapor, classified photo, natural macro photography, ethereal atmosphere.",51:77,4,6.047273597,6.047273597,0.997,3,4,0,768,1408,704,40,LinearMultistepSampler,VanillaCFG,4.883607397,TRUE,48,EulerAncestralSampler,VanillaCFG,3.739156366,TRUE,2:3,underwater+dark,landscape,77,4,auto,,,,"https://firefly.adobe.com/generate/images?style=photo&seed=42&seed=242&seed=4242&seed=2442&prompt=There+are+two+dandelions+growing+in+the+grass%2C+wilted+flowers%2C+no+blur+DOF+bokeh%2C+fields+of+green%2C+photography%2C+in+a+background+green+forest%2C+stock+photograph%2C+trailing+white+vapor%2C+classified+photo%2C+natural+macro+photography%2C+ethereal+atmosphere.&modelInputVersion=v2&aspectRatio=landscape&creativity=4&guideStrength=77&exif={""mode""%3A""auto""}&style=underwater&style=dark"
r1d1445b6t,"There is a yellow building with a red fire hydrant in front of it, Pontormo, house windows, brown color, Abbondio Stazio, close-up shot from the side, roofs, summer street, taken with Canon 80D, front and side elevation, barracks, at noon, Cecco Bravo, ghetto, roof background, urban cityscape, vibrant colors.",77:51,1,8.280335896,8.280335896,0.998,3,1,0,512,1088,960,38,EulerEDMSampler,VanillaCFG,4.355544631,FALSE,,,,,,4:3,,widescreen,100,8,auto,,,,"https://firefly.adobe.com/generate/images?style=photo&seed=42&seed=242&seed=4242&seed=2442&prompt=There+is+a+yellow+building+with+a+red+fire+hydrant+in+front+of+it%2C+Pontormo%2C+house+windows%2C+brown+color%2C+Abbondio+Stazio%2C+close-up+shot+from+the+side%2C+roofs%2C+summer+street%2C+taken+with+Canon+80D%2C+front+and+side+elevation%2C+barracks%2C+at+noon%2C+Cecco+Bravo%2C+ghetto%2C+roof+background%2C+urban+cityscape%2C+vibrant+colors.&modelInputVersion=v2&aspectRatio=widescreen&creativity=8&guideStrength=100&exif={""mode""%3A""auto""}"
r1d16ad1et,"There is a large brick building with a clock tower on top, Bargello, war theatre, arches and columns, opalescent palace, entrance, whole-length, with walkways, Fumo, encarpus, umami, Fai, 1111, historic architecture, Italian Renaissance influence.",77:51,3,2.809906859,2.809906859,0.998,1,1,0,512,704,1408,42,DPMPP2SAncestralSampler,VanillaCFG,5.928998298,FALSE,,,,,,2:3,monochromatic,landscape,0,10,manual,8,0.004,269,"https://firefly.adobe.com/generate/images?style=photo&seed=42&seed=242&seed=4242&seed=2442&prompt=There+is+a+large+brick+building+with+a+clock+tower+on+top%2C+Bargello%2C+war+theatre%2C+arches+and+columns%2C+opalescent+palace%2C+entrance%2C+whole-length%2C+with+walkways%2C+Fumo%2C+encarpus%2C+umami%2C+Fai%2C+1111%2C+historic+architecture%2C+Italian+Renaissance+influence.&modelInputVersion=v2&aspectRatio=landscape&creativity=10&guideStrength=0&exif={""mode""%3A""manual""%2C""details""%3A{""aperture""%3A8%2C""focal_length""%3A269%2C""shutter_speed""%3A0.004}}&style=monochromatic"
r1d1cf607t,"There is a woman sitting on a chair with a bag, marble columns in the background, young Middle Eastern woman, photo 2010, in a meeting together, violet, in the Argentine Congress, marble walls, Lou, contemporary portrait, intimate setting.",134:89,3,8.564239568,8.564239568,0.999,2,1,2,768,1728,576,43,DPMPP2MSampler,VanillaCFG,3.033692102,TRUE,49,LinearMultistepSampler,IdentityGuider,3.021887915,TRUE,1:2,studio_light,landscape,100,2,auto,,,,"https://firefly.adobe.com/generate/images?style=photo&seed=42&seed=242&seed=4242&seed=2442&prompt=There+is+a+woman+sitting+on+a+chair+with+a+bag%2C+marble+columns+in+the+background%2C+young+Middle+Eastern+woman%2C+photo+2010%2C+in+a+meeting+together%2C+violet%2C+in+the+Argentine+Congress%2C+marble+walls%2C+Lou%2C+contemporary+portrait%2C+intimate+setting.&modelInputVersion=v2&aspectRatio=landscape&creativity=2&guideStrength=100&exif={""mode""%3A""auto""}&style=studio_light"
r1d1d501et,"There is a statue of a man holding a dog in a park, forest, white trees, Venus, July, view from the ground, exhibant, low Dutch angle, satyr, plaster, French garden, artistic sculpture, outdoor art installation.",51:77,3,3.941393492,3.941393492,0.998,3,2,1,768,832,1216,43,DPMPP2SAncestralSampler,VanillaCFG,6.981158574,TRUE,43,EulerEDMSampler,VanillaCFG,3.650388391,TRUE,5:4,antique_photo+minimalism+harsh_light,widescreen,50,7,manual,5.6,0.5,68,"https://firefly.adobe.com/generate/images?style=photo&seed=42&seed=242&seed=4242&seed=2442&prompt=There+is+a+statue+of+a+man+holding+a+dog+in+a+park%2C+forest%2C+white+trees%2C+Venus%2C+July%2C+view+from+the+ground%2C+exhibant%2C+low+Dutch+angle%2C+satyr%2C+plaster%2C+French+garden%2C+artistic+sculpture%2C+outdoor+art+installation.&modelInputVersion=v2&aspectRatio=widescreen&creativity=7&guideStrength=50&exif={""mode""%3A""manual""%2C""details""%3A{""aperture""%3A5.6%2C""focal_length""%3A68%2C""shutter_speed""%3A0.5}}&style=antique_photo&style=minimalism&style=harsh_light"
r1d2bb70at,"Arafed fountain with statues and fountains lit up at night, beautiful high-detail photo, glowing green rocks, high-definition photo, widest shot, dressed in ornate attire, screen, young handsome pale Roma, Thor, holy, nighttime ambiance, architectural beauty.",77:51,2,5.084677499,5.084677499,0.996,3,0,1,768,1152,832,43,HeunEDMSampler,VanillaCFG,2.220415186,TRUE,53,DPMPP2MSampler,VanillaCFG,2.643350661,FALSE,2:1,divine+muted,landscape,0,8,auto,,,,"https://firefly.adobe.com/generate/images?style=photo&seed=42&seed=242&seed=4242&seed=2442&prompt=Arafed+fountain+with+statues+and+fountains+lit+up+at+night%2C+beautiful+high-detail+photo%2C+glowing+green+rocks%2C+high-definition+photo%2C+widest+shot%2C+dressed+in+ornate+attire%2C+screen%2C+young+handsome+pale+Roma%2C+Thor%2C+holy%2C+nighttime+ambiance%2C+architectural+beauty.&modelInputVersion=v2&aspectRatio=landscape&creativity=8&guideStrength=0&exif={""mode""%3A""auto""}&style=divine&style=muted"
r1d3bc675t,"Mountains covered in snow and trees with a person on a snowboard, soft autumn sunlight, Dolomites, high rocks, slightly overexposed, centered close-up, crater, fall, wide establishing shot, pale as the first snow of winter, scarce sun rays peeking, Fai, adventure sports, majestic alpine scenery.",77:51,2,6.677471665,6.677471665,0.997,3,3,2,768,1472,704,40,EulerAncestralSampler,IdentityGuider,,TRUE,37,HeunEDMSampler,IdentityGuider,,FALSE,2:1,dramatic_light+wide_angle,widescreen,50,9,manual,2,0.5,132,"https://firefly.adobe.com/generate/images?style=photo&seed=42&seed=242&seed=4242&seed=2442&prompt=Mountains+covered+in+snow+and+trees+with+a+person+on+a+snowboard%2C+soft+autumn+sunlight%2C+Dolomites%2C+high+rocks%2C+slightly+overexposed%2C+centered+close-up%2C+crater%2C+fall%2C+wide+establishing+shot%2C+pale+as+the+first+snow+of+winter%2C+scarce+sun+rays+peeking%2C+Fai%2C+adventure+sports%2C+majestic+alpine+scenery.&modelInputVersion=v2&aspectRatio=widescreen&creativity=9&guideStrength=50&exif={""mode""%3A""manual""%2C""details""%3A{""aperture""%3A2%2C""focal_length""%3A132%2C""shutter_speed""%3A0.5}}&style=dramatic_light&style=wide_angle"
r1d431afft,"A building with a clock tower and statues on it, ancient Rome man, overpass, large view, side elevation, museum photo, archeological find, classified photo, chris haas, Bernini, portlet photo, cementary, eagles, 1789, barracks, twilight sky, architectural details, historical landmark, distant cityscape.",77:51,3,6.048110653,6.048110653,0.997,1,2,2,512,1344,704,38,EulerEDMSampler,VanillaCFG,5.876473082,FALSE,,,,,,1:2,antique_photo+cool_colors+harsh_light,portrait,74,3,manual,16,0.004,268,"https://firefly.adobe.com/generate/images?style=photo&seed=42&seed=242&seed=4242&seed=2442&prompt=A+building+with+a+clock+tower+and+statues+on+it%2C+ancient+Rome+man%2C+overpass%2C+large+view%2C+side+elevation%2C+museum+photo%2C+archeological+find%2C+classified+photo%2C+chris+haas%2C+Bernini%2C+portlet+photo%2C+cementary%2C+eagles%2C+1789%2C+barracks%2C+twilight+sky%2C+architectural+details%2C+historical+landmark%2C+distant+cityscape.&modelInputVersion=v2&aspectRatio=portrait&creativity=3&guideStrength=74&exif={""mode""%3A""manual""%2C""details""%3A{""aperture""%3A16%2C""focal_length""%3A268%2C""shutter_speed""%3A0.004}}&style=antique_photo&style=cool_colors&style=harsh_light"
r1d4377f7t,"A cow standing on a hill overlooking a valley, Boka, 360º, lots of clouds, Roman nose, Jules, amazing!, rolling countryside, panoramic vista, grazing fields, distant mountains, golden sunlight, serene landscape, rural tranquility.",77:51,3,4.489847111,4.489847111,0.997,2,3,3,512,1024,1024,43,EulerAncestralSampler,VanillaCFG,5.148596728,FALSE,,,,,,4:3,macrophotography,portrait,50,6,auto,,,,"https://firefly.adobe.com/generate/images?style=photo&seed=42&seed=242&seed=4242&seed=2442&prompt=A+cow+standing+on+a+hill+overlooking+a+valley%2C+Boka%2C+360º%2C+lots+of+clouds%2C+Roman+nose%2C+Jules%2C+amazing!%2C+rolling+countryside%2C+panoramic+vista%2C+grazing+fields%2C+distant+mountains%2C+golden+sunlight%2C+serene+landscape%2C+rural+tranquility.&modelInputVersion=v2&aspectRatio=portrait&creativity=6&guideStrength=50&exif={""mode""%3A""auto""}&style=macrophotography"
r1d47bfc2t,"A cat sitting on the steps of a building, Cinq Terre, statue of a woman, French village interior, DSLR photo, exterior wide shot, made from old stone, featured, scarlet and yellow scheme, inside house in village, set photo, editorial, charming alleyway, colorful shutters, quaint cafes, narrow cobblestone streets.",77:51,3,6.247912978,6.247912978,0.999,1,3,3,768,1536,640,40,DPMPP2MSampler,VanillaCFG,6.645791399,FALSE,,,,,,3:2,dramatic_light,landscape,100,7,auto,,,,"https://firefly.adobe.com/generate/images?style=photo&seed=42&seed=242&seed=4242&seed=2442&prompt=A+cat+sitting+on+the+steps+of+a+building%2C+Cinq+Terre%2C+statue+of+a+woman%2C+French+village+interior%2C+DSLR+photo%2C+exterior+wide+shot%2C+made+from+old+stone%2C+featured%2C+scarlet+and+yellow+scheme%2C+inside+house+in+village%2C+set+photo%2C+editorial%2C+charming+alleyway%2C+colorful+shutters%2C+quaint+cafes%2C+narrow+cobblestone+streets.&modelInputVersion=v2&aspectRatio=landscape&creativity=7&guideStrength=100&exif={""mode""%3A""auto""}&style=dramatic_light"
r1d527f65t,"A man standing on a cliff looking out over the mountains, Alps, striations, Galileo, full shot photo, detailed sharp photo, autumn mountains, ""aerial view of a mountain, looking from side and bottom!"", 70mm photo, taken with Canon 80D, cliff, 12k Ursa, ray, breathtaking panorama, rugged terrain, distant peaks, dramatic lighting.",134:89,2,7.118797245,7.118797245,0.996,2,3,3,512,1536,640,39,DPMPP2SAncestralSampler,VanillaCFG,2.605214122,FALSE,,,,,,4:5,,landscape,100,6,manual,2.8,0.0006,207,"https://firefly.adobe.com/generate/images?style=photo&seed=42&seed=242&seed=4242&seed=2442&prompt=A+man+standing+on+a+cliff+looking+out+over+the+mountains%2C+Alps%2C+striations%2C+Galileo%2C+full+shot+photo%2C+detailed+sharp+photo%2C+autumn+mountains%2C+""aerial+view+of+a+mountain%2C+looking+from+side+and+bottom!""%2C+70mm+photo%2C+taken+with+Canon+80D%2C+cliff%2C+12k+Ursa%2C+ray%2C+breathtaking+panorama%2C+rugged+terrain%2C+distant+peaks%2C+dramatic+lighting.&modelInputVersion=v2&aspectRatio=landscape&creativity=6&guideStrength=100&exif={""mode""%3A""manual""%2C""details""%3A{""aperture""%3A2.8%2C""focal_length""%3A207%2C""shutter_speed""%3A0.0006}}"
r1d53fccat,"A snowy scene of a ski resort with a few buildings and a car parked in the driveway, log cabin beneath the Alps, shot with Canon EOS 6D Mark II, in the white clouds fairyland, view from the ground, luxurious onsens, terraces, Rossbach, close-up image, in sunny weather, maternal, winter wonderland, fresh powder, snow-covered slopes, cozy chalets.",77:51,1,5.337336769,5.337336769,0.998,2,1,3,768,1024,960,39,EulerAncestralSampler,VanillaCFG,5.243147162,TRUE,51,HeunEDMSampler,IdentityGuider,5.35958012,TRUE,3:2,warm_colors+golden_hour,widescreen,100,9,manual,22,0.004,44,"https://firefly.adobe.com/generate/images?style=photo&seed=42&seed=242&seed=4242&seed=2442&prompt=A+snowy+scene+of+a+ski+resort+with+a+few+buildings+and+a+car+parked+in+the+driveway%2C+log+cabin+beneath+the+Alps%2C+shot+with+Canon+EOS+6D+Mark+II%2C+in+the+white+clouds+fairyland%2C+view+from+the+ground%2C+luxurious+onsens%2C+terraces%2C+Rossbach%2C+close-up+image%2C+in+sunny+weather%2C+maternal%2C+winter+wonderland%2C+fresh+powder%2C+snow-covered+slopes%2C+cozy+chalets.&modelInputVersion=v2&aspectRatio=widescreen&creativity=9&guideStrength=100&exif={""mode""%3A""manual""%2C""details""%3A{""aperture""%3A22%2C""focal_length""%3A44%2C""shutter_speed""%3A0.004}}&style=warm_colors&style=golden_hour"
r1d679eaet,"A medieval cannon sitting in front of a building with a clock tower, ziggurat, castle library, full-length photo, fine detail, exterior photo, brick, wide shot photo, the Red Citadel, a wooden, moat, medieval fortifications, ancient weaponry, imposing stronghold.",77:51,1,4.61884501,4.61884501,0.995,3,1,3,768,704,1344,40,EulerEDMSampler,VanillaCFG,3.80373534,FALSE,,,,,,3:4,pastel_colors+backlighting,portrait,40,6,auto,,,,"https://firefly.adobe.com/generate/images?style=photo&seed=42&seed=242&seed=4242&seed=2442&prompt=A+medieval+cannon+sitting+in+front+of+a+building+with+a+clock+tower%2C+ziggurat%2C+castle+library%2C+full-length+photo%2C+fine+detail%2C+exterior+photo%2C+brick%2C+wide+shot+photo%2C+the+Red+Citadel%2C+a+wooden%2C+moat%2C+medieval+fortifications%2C+ancient+weaponry%2C+imposing+stronghold.&modelInputVersion=v2&aspectRatio=portrait&creativity=6&guideStrength=40&exif={""mode""%3A""auto""}&style=pastel_colors&style=backlighting"
r1d6e15d3t,"A statue of a woman holding a staff in a red room, dressed in laurel wreath, close photo, white marble, editorial image, illustrious clothes, close-up photo, Latin, in full growth, Edo, pontifex, flowing salmon-colored silk, date, viscous, regal elegance, ornate decoration, opulent interior, classical beauty.",89:134,2,6.291086236,6.291086236,0.995,2,2,2,768,832,1216,34,DPMPP2MSampler,VanillaCFG,3.559041428,TRUE,32,EulerEDMSampler,VanillaCFG,5.315035744,TRUE,16:9,beautiful+otherworldly_depiction+dramatic_light+macrophotography,widescreen,0,9,manual,8,0.0006,276,"https://firefly.adobe.com/generate/images?style=photo&seed=42&seed=242&seed=4242&seed=2442&prompt=A+statue+of+a+woman+holding+a+staff+in+a+red+room%2C+dressed+in+laurel+wreath%2C+close+photo%2C+white+marble%2C+editorial+image%2C+illustrious+clothes%2C+close-up+photo%2C+Latin%2C+in+full+growth%2C+Edo%2C+pontifex%2C+flowing+salmon-colored+silk%2C+date%2C+viscous%2C+regal+elegance%2C+ornate+decoration%2C+opulent+interior%2C+classical+beauty.&modelInputVersion=v2&aspectRatio=widescreen&creativity=9&guideStrength=0&exif={""mode""%3A""manual""%2C""details""%3A{""aperture""%3A8%2C""focal_length""%3A276%2C""shutter_speed""%3A0.0006}}&style=beautiful&style=otherworldly_depiction&style=dramatic_light&style=macrophotography"
r1d79b6e7t,"Three people sitting on a horse-drawn carriage, medieval jester, floats carnival, high-quality image, long black crown, taken with my Nikon D3, podium, happy look, Abbondio Stazio, 3 pm, parents watching, stern like Athena, half-body, wide shot, Roman, rectangular, couple, festive atmosphere, colorful costumes, joyful celebration, historical reenactment.",77:51,2,7.278408355,7.278408355,0.998,2,3,3,768,896,1152,39,EulerEDMSampler,IdentityGuider,,FALSE,,,,,,4:3,long-time_exposure+photographed_through_window,landscape,82,10,auto,,,,"https://firefly.adobe.com/generate/images?style=photo&seed=42&seed=242&seed=4242&seed=2442&prompt=Three+people+sitting+on+a+horse-drawn+carriage%2C+medieval+jester%2C+floats+carnival%2C+high-quality+image%2C+long+black+crown%2C+taken+with+my+Nikon+D3%2C+podium%2C+happy+look%2C+Abbondio+Stazio%2C+3+pm%2C+parents+watching%2C+stern+like+Athena%2C+half-body%2C+wide+shot%2C+Roman%2C+rectangular%2C+couple%2C+festive+atmosphere%2C+colorful+costumes%2C+joyful+celebration%2C+historical+reenactment.&modelInputVersion=v2&aspectRatio=landscape&creativity=10&guideStrength=82&exif={""mode""%3A""auto""}&style=long-time_exposure&style=photographed_through_window"
r1d93553ct,"Cars parked in a parking lot in front of a building, Italian masterpiece, pale orange colors, arched ceiling, film studio, view from the side, official courthouse, Portlet photo, urban architecture, bustling activity, modern transportation, contemporary design.",77:51,3,3.620636171,3.620636171,0.999,3,3,4,512,1408,704,35,EulerEDMSampler,IdentityGuider,,TRUE,37,LinearMultistepSampler,IdentityGuider,,TRUE,2:1,,landscape,100,5,auto,,,,"https://firefly.adobe.com/generate/images?style=photo&seed=42&seed=242&seed=4242&seed=2442&prompt=Cars+parked+in+a+parking+lot+in+front+of+a+building%2C+Italian+masterpiece%2C+pale+orange+colors%2C+arched+ceiling%2C+film+studio%2C+view+from+the+side%2C+official+courthouse%2C+Portlet+photo%2C+urban+architecture%2C+bustling+activity%2C+modern+transportation%2C+contemporary+design.&modelInputVersion=v2&aspectRatio=landscape&creativity=5&guideStrength=100&exif={""mode""%3A""auto""}"
r1d99d1f3t,"Trees and a fence in front of a building with a clock tower, sitting at his Louis XIV desk, gold-dappled light, dome, viewed from the harbor, editorial, October, view from the back, runway photo, raw file, seen from a long distance, catacomb in the background, touring, colonnade, front photo, architectural symmetry, serene garden, historic ambiance, timeless elegance.",77:51,4,6.757417965,6.757417965,0.996,3,2,4,512,1216,832,33,LinearMultistepSampler,IdentityGuider,,TRUE,40,EulerEDMSampler,VanillaCFG,,TRUE,9:16,monochromatic+surreal_lighting+shot_from_above,widescreen,66,4,auto,,,,"https://firefly.adobe.com/generate/images?style=photo&seed=42&seed=242&seed=4242&seed=2442&prompt=Trees+and+a+fence+in+front+of+a+building+with+a+clock+tower%2C+sitting+at+his+Louis+XIV+desk%2C+gold-dappled+light%2C+dome%2C+viewed+from+the+harbor%2C+editorial%2C+October%2C+view+from+the+back%2C+runway+photo%2C+raw+file%2C+seen+from+a+long+distance%2C+catacomb+in+the+background%2C+touring%2C+colonnade%2C+front+photo%2C+architectural+symmetry%2C+serene+garden%2C+historic+ambiance%2C+timeless+elegance.&modelInputVersion=v2&aspectRatio=widescreen&creativity=4&guideStrength=66&exif={""mode""%3A""auto""}&style=monochromatic&style=surreal_lighting&style=shot_from_above"
r1d9a31fct,"there is a circular stone floor with a star on it, in sao paulo, water pipe, roman nose, editorial, old roman style, gray concrete, on a marble pedestal, sewage falling from grates, stone runes on the front, munich, upscale photo",134:89,2,3.836730024,3.836730024,0.997,3,2,3,768,1600,640,33,LinearMultistepSampler,VanillaCFG,5.753004657,FALSE,,,,,,1:1,simple+isometric+landscape_photography,square,50,8,manual,4,0.008,17,"https://firefly.adobe.com/generate/images?style=photo&seed=42&seed=242&seed=4242&seed=2442&prompt=there+is+a+circular+stone+floor+with+a+star+on+it%2C+in+sao+paulo%2C+water+pipe%2C+roman+nose%2C+editorial%2C+old+roman+style%2C+gray+concrete%2C+on+a+marble+pedestal%2C+sewage+falling+from+grates%2C+stone+runes+on+the+front%2C+munich%2C+upscale+photo&modelInputVersion=v2&aspectRatio=square&creativity=8&guideStrength=50&exif={""mode""%3A""manual""%2C""details""%3A{""aperture""%3A4%2C""focal_length""%3A17%2C""shutter_speed""%3A0.008}}&style=simple&style=isometric&style=landscape_photography"
r1d9eaf70t,"Mountains covered in snow and trees with a blue sky, Eurostar, overexposed sunlight, meteor, bus, telephoto vacation picture, wing, 4800K, Abbondio Stazio, large)}, Hermes, beautiful view, bright daylight moody, gorgeous scenery, Olympics, panoramic vista, snowy peaks, serene landscape, winter wonderland, alpine adventure.",134:89,2,6.688351322,6.688351322,1,4,2,1,768,1472,704,40,DPMPP2MSampler,VanillaCFG,4.706125998,TRUE,42,EulerEDMSampler,IdentityGuider,5.456783273,TRUE,4:5,harsh_light+shot_from_above,landscape,50,8,manual,1.2,1,192,"https://firefly.adobe.com/generate/images?style=photo&seed=42&seed=242&seed=4242&seed=2442&prompt=Mountains+covered+in+snow+and+trees+with+a+blue+sky%2C+Eurostar%2C+overexposed+sunlight%2C+meteor%2C+bus%2C+telephoto+vacation+picture%2C+wing%2C+4800K%2C+Abbondio+Stazio%2C+large)}%2C+Hermes%2C+beautiful+view%2C+bright+daylight+moody%2C+gorgeous+scenery%2C+Olympics%2C+panoramic+vista%2C+snowy+peaks%2C+serene+landscape%2C+winter+wonderland%2C+alpine+adventure.&modelInputVersion=v2&aspectRatio=landscape&creativity=8&guideStrength=50&exif={""mode""%3A""manual""%2C""details""%3A{""aperture""%3A1.2%2C""focal_length""%3A192%2C""shutter_speed""%3A1}}&style=harsh_light&style=shot_from_above"
r1da851e4t,"Cars parked in front of a mountain with a snow-covered mountain in the background, lots of signs and shops, in the Dolomites, taken with Canon 80D, stalactites, research station, cafe in the clouds, editorial, vibrant alpine village, bustling ski resort, picturesque storefronts, snowy alpine backdrop, mountain exploration.",77:51,2,7.524779216,7.524779216,1,2,2,2,512,1344,704,35,DPMPP2SAncestralSampler,VanillaCFG,4.830519415,FALSE,,,,,,1:1,,widescreen,100,5,manual,2,10,213,"https://firefly.adobe.com/generate/images?style=photo&seed=42&seed=242&seed=4242&seed=2442&prompt=Cars+parked+in+front+of+a+mountain+with+a+snow-covered+mountain+in+the+background%2C+lots+of+signs+and+shops%2C+in+the+Dolomites%2C+taken+with+Canon+80D%2C+stalactites%2C+research+station%2C+cafe+in+the+clouds%2C+editorial%2C+vibrant+alpine+village%2C+bustling+ski+resort%2C+picturesque+storefronts%2C+snowy+alpine+backdrop%2C+mountain+exploration.&modelInputVersion=v2&aspectRatio=widescreen&creativity=5&guideStrength=100&exif={""mode""%3A""manual""%2C""details""%3A{""aperture""%3A2%2C""focal_length""%3A213%2C""shutter_speed""%3A10}}"
r1db1c478t,"Two people playing violin together in the street, in a red Victorian-era dress, behind red curtains, taken in Silver Dollar City, handsome girl, middle shot waist up, Amsterdam, with yellow clothes, Disney Land, close-up photo, action moment, seated in royal ease, tech demo, al fresco, shaded, Greg, melodic harmony, street performance, musical duet, vibrant costume.",134:89,1,8.64823417,8.64823417,0.995,4,5,3,768,1280,768,51,HeunEDMSampler,VanillaCFG,4.193005783,FALSE,,,,,,4:5,studio_light,widescreen,100,6,auto,,,,"https://firefly.adobe.com/generate/images?style=photo&seed=42&seed=242&seed=4242&seed=2442&prompt=Two+people+playing+violin+together+in+the+street%2C+in+a+red+Victorian-era+dress%2C+behind+red+curtains%2C+taken+in+Silver+Dollar+City%2C+handsome+girl%2C+middle+shot+waist+up%2C+Amsterdam%2C+with+yellow+clothes%2C+Disney+Land%2C+close-up+photo%2C+action+moment%2C+seated+in+royal+ease%2C+tech+demo%2C+al+fresco%2C+shaded%2C+Greg%2C+melodic+harmony%2C+street+performance%2C+musical+duet%2C+vibrant+costume.&modelInputVersion=v2&aspectRatio=widescreen&creativity=6&guideStrength=100&exif={""mode""%3A""auto""}&style=studio_light"
r1db2847et,"A tall tower with a clock on it next to a hedge, capital of Estonia, under street lamp, in church, clear photo, very elongated lines, covered with vegetation, HD photo, 70mm photo, editorial, photo photo, architectural elegance, historic charm, urban tranquility, green oasis, timeless beauty.",77:51,3,8.905127497,8.905127497,0.998,2,2,4,768,768,1344,41,EulerEDMSampler,VanillaCFG,4.383565878,TRUE,39,LinearMultistepSampler,IdentityGuider,2.665545715,TRUE,2:1,,square,100,10,manual,22,0.004,221,"https://firefly.adobe.com/generate/images?style=photo&seed=42&seed=242&seed=4242&seed=2442&prompt=A+tall+tower+with+a+clock+on+it+next+to+a+hedge%2C+capital+of+Estonia%2C+under+street+lamp%2C+in+church%2C+clear+photo%2C+very+elongated+lines%2C+covered+with+vegetation%2C+HD+photo%2C+70mm+photo%2C+editorial%2C+photo+photo%2C+architectural+elegance%2C+historic+charm%2C+urban+tranquility%2C+green+oasis%2C+timeless+beauty.&modelInputVersion=v2&aspectRatio=square&creativity=10&guideStrength=100&exif={""mode""%3A""manual""%2C""details""%3A{""aperture""%3A22%2C""focal_length""%3A221%2C""shutter_speed""%3A0.004}}"
r1db351a2t,"A boat sitting on the water near the shore, cypresses and hills, haze over the shoulder shot, castle in the background, small reeds behind the lake, inspired by Mirabello Cavalori, taken with a Canon EOS 5D, January, golden gates, windy weather, hut, malt, tranquil waters, lakeside serenity, misty ambiance, scenic boat ride.",77:51,4,5.525758675,5.525758675,0.997,2,0,4,512,896,1088,43,EulerEDMSampler,VanillaCFG,0.7696391188,FALSE,,,,,,1:1,,square,50,2,auto,,,,"https://firefly.adobe.com/generate/images?style=photo&seed=42&seed=242&seed=4242&seed=2442&prompt=A+boat+sitting+on+the+water+near+the+shore%2C+cypresses+and+hills%2C+haze+over+the+shoulder+shot%2C+castle+in+the+background%2C+small+reeds+behind+the+lake%2C+inspired+by+Mirabello+Cavalori%2C+taken+with+a+Canon+EOS+5D%2C+January%2C+golden+gates%2C+windy+weather%2C+hut%2C+malt%2C+tranquil+waters%2C+lakeside+serenity%2C+misty+ambiance%2C+scenic+boat+ride.&modelInputVersion=v2&aspectRatio=square&creativity=2&guideStrength=50&exif={""mode""%3A""auto""}"
r1db5be20t,"People walking down a street in a town with a mountain in the background, Spielberg, different close-up view, elevator, January 20th, bright and sunny day, view from the window, you can see all the passageways, road street signs, real image, Vanta Black, wide shot, gondola, geo, bustling town life, majestic mountain backdrop, pedestrian exploration, urban charm.",89:134,2,8.994318696,8.994318696,0.997,2,4,4,768,1664,576,45,DPMPP2MSampler,VanillaCFG,0.8285181578,TRUE,48,HeunEDMSampler,VanillaCFG,4.470340726,TRUE,3:4,grainy_film+grainy_film+warm_colors+long-time_exposure+wide_angle,landscape,50,2,auto,,,,"https://firefly.adobe.com/generate/images?style=photo&seed=42&seed=242&seed=4242&seed=2442&prompt=People+walking+down+a+street+in+a+town+with+a+mountain+in+the+background%2C+Spielberg%2C+different+close-up+view%2C+elevator%2C+January+20th%2C+bright+and+sunny+day%2C+view+from+the+window%2C+you+can+see+all+the+passageways%2C+road+street+signs%2C+real+image%2C+Vanta+Black%2C+wide+shot%2C+gondola%2C+geo%2C+bustling+town+life%2C+majestic+mountain+backdrop%2C+pedestrian+exploration%2C+urban+charm.&modelInputVersion=v2&aspectRatio=landscape&creativity=2&guideStrength=50&exif={""mode""%3A""auto""}&style=grainy_film&style=grainy_film&style=warm_colors&style=long-time_exposure&style=wide_angle"
r1db61cf8t,"A table in the middle of a room with wooden walls, choir, Baroque environment, editorial, half-length photo, beautiful high-detail photo, front side view, railing, vertical, attractive photo, ocher, POV photo, philosopher, very detailed image, Fantasia photo, intimate setting, classical ambiance, elegant interior, artistic composition.",51:77,2,2.549185259,2.549185259,0.995,3,4,4,768,1344,768,50,LinearMultistepSampler,VanillaCFG,6.010395917,TRUE,33,DPMPP2MSampler,IdentityGuider,3.327482072,TRUE,5:4,underwater+golden_hour+knolling,portrait,68,2,manual,5.6,0.016,297,"https://firefly.adobe.com/generate/images?style=photo&seed=42&seed=242&seed=4242&seed=2442&prompt=A+table+in+the+middle+of+a+room+with+wooden+walls%2C+choir%2C+Baroque+environment%2C+editorial%2C+half-length+photo%2C+beautiful+high-detail+photo%2C+front+side+view%2C+railing%2C+vertical%2C+attractive+photo%2C+ocher%2C+POV+photo%2C+philosopher%2C+very+detailed+image%2C+Fantasia+photo%2C+intimate+setting%2C+classical+ambiance%2C+elegant+interior%2C+artistic+composition.&modelInputVersion=v2&aspectRatio=portrait&creativity=2&guideStrength=68&exif={""mode""%3A""manual""%2C""details""%3A{""aperture""%3A5.6%2C""focal_length""%3A297%2C""shutter_speed""%3A0.016}}&style=underwater&style=golden_hour&style=knolling"
r1dbe1b11t,"A stone wall with a lamp on it near a lake, by Altichiero, DSLR photo, stone colossus remains, Fantasia photo, Rachel Wall, Lourmarin, very sharp photo, marble hole, portlet photo, ancient ruins, serene lakeside, historical artifact, atmospheric lighting.",51:77,1,6.108702012,6.108702012,0.996,2,3,4,768,1344,704,44,LinearMultistepSampler,VanillaCFG,5.94889778,FALSE,,,,,,4:5,harsh_light,widescreen,0,2,manual,2,0.066,233,"https://firefly.adobe.com/generate/images?style=photo&seed=42&seed=242&seed=4242&seed=2442&prompt=A+stone+wall+with+a+lamp+on+it+near+a+lake%2C+by+Altichiero%2C+DSLR+photo%2C+stone+colossus+remains%2C+Fantasia+photo%2C+Rachel+Wall%2C+Lourmarin%2C+very+sharp+photo%2C+marble+hole%2C+portlet+photo%2C+ancient+ruins%2C+serene+lakeside%2C+historical+artifact%2C+atmospheric+lighting.&modelInputVersion=v2&aspectRatio=widescreen&creativity=2&guideStrength=0&exif={""mode""%3A""manual""%2C""details""%3A{""aperture""%3A2%2C""focal_length""%3A233%2C""shutter_speed""%3A0.066}}&style=harsh_light"
r1dbef145t,"A boat floating in the water near the mountains, green wispy fog, German forest, mirror lake, grey skies, view from the side, crystal waters, 15081959 21121991 01012000 4K, taiga landscape, bubble, tranquil waterways, misty ambiance, nature's reflection, serene wilderness.",77:51,4,3.879079545,3.879079545,0.998,2,3,3,512,1344,768,46,LinearMultistepSampler,IdentityGuider,,TRUE,29,EulerAncestralSampler,VanillaCFG,,TRUE,2:1,monochromatic+closeup,landscape,17,8,manual,8,0.125,42,"https://firefly.adobe.com/generate/images?style=photo&seed=42&seed=242&seed=4242&seed=2442&prompt=A+boat+floating+in+the+water+near+the+mountains%2C+green+wispy+fog%2C+German+forest%2C+mirror+lake%2C+grey+skies%2C+view+from+the+side%2C+crystal+waters%2C+15081959+21121991+01012000+4K%2C+taiga+landscape%2C+bubble%2C+tranquil+waterways%2C+misty+ambiance%2C+nature's+reflection%2C+serene+wilderness.&modelInputVersion=v2&aspectRatio=landscape&creativity=8&guideStrength=17&exif={""mode""%3A""manual""%2C""details""%3A{""aperture""%3A8%2C""focal_length""%3A42%2C""shutter_speed""%3A0.125}}&style=monochromatic&style=closeup"
r1dc4077at,"Cat sitting in the middle of a field, flowing wires with leaves, tea, narrow footpath, bleak color, floral environment, nature's serenity, vibrant foliage, captivating solitude",77:51,4,3.765043259,3.765043259,0.997,4,4,3,768,1024,960,43,HeunEDMSampler,VanillaCFG,3.347273597,TRUE,46,DPMPP2SAncestralSampler,IdentityGuider,3.089404788,TRUE,3:4,antique_photo+shot_from_above,portrait,44,6,auto,,,,"https://firefly.adobe.com/generate/images?style=photo&seed=42&seed=242&seed=4242&seed=2442&prompt=Cat+sitting+in+the+middle+of+a+field%2C+flowing+wires+with+leaves%2C+tea%2C+narrow+footpath%2C+bleak+color%2C+floral+environment%2C+nature's+serenity%2C+vibrant+foliage%2C+captivating+solitude&modelInputVersion=v2&aspectRatio=portrait&creativity=6&guideStrength=44&exif={""mode""%3A""auto""}&style=antique_photo&style=shot_from_above"
r1dd998dft,"People gathered around a fountain with a statue in the background, medieval weapon, Shutterstock, monks, cooking show, white-haired, 2 people, style of Caravaggio, Alpine, large, construction, merchants, catapult, female-looking, Swiss, two male, Adriana Dxim, on set, tourism, casting, cotton. Cultural gathering, historical setting, diverse characters, culinary demonstration, traditional attire, picturesque scenery, dynamic ambiance.",89:134,4,3.203746174,3.203746174,0.995,3,2,3,768,1728,576,37,DPMPP2MSampler,VanillaCFG,5.429134811,FALSE,,,,,,2:1,dark+cool_colors,widescreen,50,3,auto,,,,"https://firefly.adobe.com/generate/images?style=photo&seed=42&seed=242&seed=4242&seed=2442&prompt=People+gathered+around+a+fountain+with+a+statue+in+the+background%2C+medieval+weapon%2C+Shutterstock%2C+monks%2C+cooking+show%2C+white-haired%2C+2+people%2C+style+of+Caravaggio%2C+Alpine%2C+large%2C+construction%2C+merchants%2C+catapult%2C+female-looking%2C+Swiss%2C+two+male%2C+Adriana+Dxim%2C+on+set%2C+tourism%2C+casting%2C+cotton.+Cultural+gathering%2C+historical+setting%2C+diverse+characters%2C+culinary+demonstration%2C+traditional+attire%2C+picturesque+scenery%2C+dynamic+ambiance.&modelInputVersion=v2&aspectRatio=widescreen&creativity=3&guideStrength=50&exif={""mode""%3A""auto""}&style=dark&style=cool_colors"
r1dd9d6bft,"Small street with snow on the ground and a mountain in the background, Italian Renaissance architecture, zenithal view, taken with Canon 80D, estate agent listing photo, barracks, sulfur, museum photo, bright day. Charming winter street, architectural splendor, panoramic vista, real estate showcase, historical significance, vibrant atmosphere.",77:51,3,3.630473393,3.630473393,0.998,2,4,3,768,1664,576,30,DPMPP2SAncestralSampler,VanillaCFG,4.089651015,FALSE,,,,,,9:16,,widescreen,93,10,auto,,,,"https://firefly.adobe.com/generate/images?style=photo&seed=42&seed=242&seed=4242&seed=2442&prompt=Small+street+with+snow+on+the+ground+and+a+mountain+in+the+background%2C+Italian+Renaissance+architecture%2C+zenithal+view%2C+taken+with+Canon+80D%2C+estate+agent+listing+photo%2C+barracks%2C+sulfur%2C+museum+photo%2C+bright+day.+Charming+winter+street%2C+architectural+splendor%2C+panoramic+vista%2C+real+estate+showcase%2C+historical+significance%2C+vibrant+atmosphere.&modelInputVersion=v2&aspectRatio=widescreen&creativity=10&guideStrength=93&exif={""mode""%3A""auto""}"
r1ddc0c98t,"Many figurines on display in a glass case, elegant baroque style, inspired by Heinrich Hofmann, mania, Criterion Collection, accurately detailed, alternate reality ceramic age, perfect full-shot, bows, wide shot photo. Exquisite craftsmanship, artistic collection, intricate details, curated display, visual richness, artistic expression.",134:89,1,4.054546613,4.054546613,0.999,1,4,3,768,1280,768,43,LinearMultistepSampler,VanillaCFG,5.254230152,FALSE,,,,,,4:5,,portrait,50,7,manual,1.4,0.125,98,"https://firefly.adobe.com/generate/images?style=photo&seed=42&seed=242&seed=4242&seed=2442&prompt=Many+figurines+on+display+in+a+glass+case%2C+elegant+baroque+style%2C+inspired+by+Heinrich+Hofmann%2C+mania%2C+Criterion+Collection%2C+accurately+detailed%2C+alternate+reality+ceramic+age%2C+perfect+full-shot%2C+bows%2C+wide+shot+photo.+Exquisite+craftsmanship%2C+artistic+collection%2C+intricate+details%2C+curated+display%2C+visual+richness%2C+artistic+expression.&modelInputVersion=v2&aspectRatio=portrait&creativity=7&guideStrength=50&exif={""mode""%3A""manual""%2C""details""%3A{""aperture""%3A1.4%2C""focal_length""%3A98%2C""shutter_speed""%3A0.125}}"
r1de108dft,"Arafes in a glass pyramid with a clock on top, Herzog & de Meuron, full-length photo, marble carving statue, bright daylight indoor photo, spectators, elongated lines, legendary god holding a spear, Seurat, sculptural, May, lattice, prop, bas-relief. Captivating installation, architectural marvel, harmonious composition, symbolic representation, artistic interpretation, dynamic visual elements.",51:77,2,6.566359961,6.566359961,0.996,2,3,3,768,1024,1024,46,HeunEDMSampler,IdentityGuider,,TRUE,33,DPMPP2SAncestralSampler,VanillaCFG,,TRUE,3:4,monochromatic+dramatic_light,widescreen,100,10,manual,1.2,0.0006,78,"https://firefly.adobe.com/generate/images?style=photo&seed=42&seed=242&seed=4242&seed=2442&prompt=Arafes+in+a+glass+pyramid+with+a+clock+on+top%2C+Herzog+&+de+Meuron%2C+full-length+photo%2C+marble+carving+statue%2C+bright+daylight+indoor+photo%2C+spectators%2C+elongated+lines%2C+legendary+god+holding+a+spear%2C+Seurat%2C+sculptural%2C+May%2C+lattice%2C+prop%2C+bas-relief.+Captivating+installation%2C+architectural+marvel%2C+harmonious+composition%2C+symbolic+representation%2C+artistic+interpretation%2C+dynamic+visual+elements.&modelInputVersion=v2&aspectRatio=widescreen&creativity=10&guideStrength=100&exif={""mode""%3A""manual""%2C""details""%3A{""aperture""%3A1.2%2C""focal_length""%3A78%2C""shutter_speed""%3A0.0006}}&style=monochromatic&style=dramatic_light"
r1de76a54t,"Bench on the side of the water, pale as the first snow of winter, chartreuse, orange, and cyan colors, Montana, golden sacred tree, view from the side, beach between two valleys, HD photo, landscape architecture photo, gentle snow, leaves, on white, Tengri, editorial. Tranquil resting spot, serene natural setting, harmonious color palette, picturesque scenery, ethereal atmosphere, contemplative ambiance.",77:51,3,3.409775654,3.409775654,0.999,3,2,3,768,1024,1024,32,EulerEDMSampler,IdentityGuider,,TRUE,48,DPMPP2MSampler,VanillaCFG,,TRUE,1:1,,square,100,7,auto,,,,"https://firefly.adobe.com/generate/images?style=photo&seed=42&seed=242&seed=4242&seed=2442&prompt=Bench+on+the+side+of+the+water%2C+pale+as+the+first+snow+of+winter%2C+chartreuse%2C+orange%2C+and+cyan+colors%2C+Montana%2C+golden+sacred+tree%2C+view+from+the+side%2C+beach+between+two+valleys%2C+HD+photo%2C+landscape+architecture+photo%2C+gentle+snow%2C+leaves%2C+on+white%2C+Tengri%2C+editorial.+Tranquil+resting+spot%2C+serene+natural+setting%2C+harmonious+color+palette%2C+picturesque+scenery%2C+ethereal+atmosphere%2C+contemplative+ambiance.&modelInputVersion=v2&aspectRatio=square&creativity=7&guideStrength=100&exif={""mode""%3A""auto""}"
r1dea56e5t,"Small table and chairs in a room with a window, apartments, last photo, Swiss, restoration, furniture-filled, calmly conversing, liminal spaces, Caravaggio, front photo, family, empty, ntimate interior setting, cozy atmosphere, personal retreat, nostalgic charm, architectural details, peaceful solitude",77:51,3,6.546840336,6.546840336,0.998,3,2,3,768,1600,640,42,DPMPP2MSampler,VanillaCFG,6.218049676,TRUE,43,EulerEDMSampler,VanillaCFG,5.524206464,TRUE,3:2,muted+wide_angle,portrait,0,3,auto,,,,"https://firefly.adobe.com/generate/images?style=photo&seed=42&seed=242&seed=4242&seed=2442&prompt=Small+table+and+chairs+in+a+room+with+a+window%2C+apartments%2C+last+photo%2C+Swiss%2C+restoration%2C+furniture-filled%2C+calmly+conversing%2C+liminal+spaces%2C+Caravaggio%2C+front+photo%2C+family%2C+empty%2C+ntimate+interior+setting%2C+cozy+atmosphere%2C+personal+retreat%2C+nostalgic+charm%2C+architectural+details%2C+peaceful+solitude&modelInputVersion=v2&aspectRatio=portrait&creativity=3&guideStrength=0&exif={""mode""%3A""auto""}&style=muted&style=wide_angle"
r1df374c1t,"Ruins of a building in the grass, from Italica, red bricks, Ares, HD photo, July 2011, 18th century, Warwick Saint, 50MP, 17th century, bathhouse, Historical remnants, architectural decay, weathered beauty, archaeological significance, time-worn textures, evocative composition.",77:51,2,7.507672104,7.507672104,0.995,4,2,3,768,1024,1024,49,EulerEDMSampler,IdentityGuider,,TRUE,33,EulerAncestralSampler,IdentityGuider,,TRUE,3:4,multiexposure,square,50,10,auto,,,,"https://firefly.adobe.com/generate/images?style=photo&seed=42&seed=242&seed=4242&seed=2442&prompt=Ruins+of+a+building+in+the+grass%2C+from+Italica%2C+red+bricks%2C+Ares%2C+HD+photo%2C+July+2011%2C+18th+century%2C+Warwick+Saint%2C+50MP%2C+17th+century%2C+bathhouse%2C+Historical+remnants%2C+architectural+decay%2C+weathered+beauty%2C+archaeological+significance%2C+time-worn+textures%2C+evocative+composition.&modelInputVersion=v2&aspectRatio=square&creativity=10&guideStrength=50&exif={""mode""%3A""auto""}&style=multiexposure"
r1e14f45ct,"Wall with many pictures and paintings, in a pub, surface of the sun, royal photo, Italy, noir photo, inspired by Louis Eilshemius, 1890 photo, sports photo, round mirror on the wall, high-detail photo, close-up photo, ancient, suns, spangle, occult. Eclectic decor, artistic collage, mysterious ambiance, visual storytelling, hidden symbolism, atmospheric composition.",51:77,4,3.026193601,3.026193601,0.995,3,5,3,512,1024,1024,41,DPMPP2SAncestralSampler,IdentityGuider,,FALSE,,,,,,3:4,dramatic_light,square,100,4,manual,5.6,0.066,177,"https://firefly.adobe.com/generate/images?style=photo&seed=42&seed=242&seed=4242&seed=2442&prompt=Wall+with+many+pictures+and+paintings%2C+in+a+pub%2C+surface+of+the+sun%2C+royal+photo%2C+Italy%2C+noir+photo%2C+inspired+by+Louis+Eilshemius%2C+1890+photo%2C+sports+photo%2C+round+mirror+on+the+wall%2C+high-detail+photo%2C+close-up+photo%2C+ancient%2C+suns%2C+spangle%2C+occult.+Eclectic+decor%2C+artistic+collage%2C+mysterious+ambiance%2C+visual+storytelling%2C+hidden+symbolism%2C+atmospheric+composition.&modelInputVersion=v2&aspectRatio=square&creativity=4&guideStrength=100&exif={""mode""%3A""manual""%2C""details""%3A{""aperture""%3A5.6%2C""focal_length""%3A177%2C""shutter_speed""%3A0.066}}&style=dramatic_light"
r1e251abet,"Two houses in the snow with a mountain in the background, multistory building, front elevation view, wooden elements, smooth white surroundings, snowy Italian road, no filter, saloon exterior, 4800K, Austrian architecture, full view, Area 3, Winter village scene, architectural diversity, tranquil alpine setting, pristine landscape, harmonious design, enchanting atmosphere.",77:51,4,7.796209011,7.796209011,0.995,1,5,3,768,1536,640,40,DPMPP2MSampler,VanillaCFG,0.5,FALSE,,,,,,2:3,dark+surface_detail,portrait,97,2,auto,,,,"https://firefly.adobe.com/generate/images?style=photo&seed=42&seed=242&seed=4242&seed=2442&prompt=Two+houses+in+the+snow+with+a+mountain+in+the+background%2C+multistory+building%2C+front+elevation+view%2C+wooden+elements%2C+smooth+white+surroundings%2C+snowy+Italian+road%2C+no+filter%2C+saloon+exterior%2C+4800K%2C+Austrian+architecture%2C+full+view%2C+Area+3%2C+Winter+village+scene%2C+architectural+diversity%2C+tranquil+alpine+setting%2C+pristine+landscape%2C+harmonious+design%2C+enchanting+atmosphere.&modelInputVersion=v2&aspectRatio=portrait&creativity=2&guideStrength=97&exif={""mode""%3A""auto""}&style=dark&style=surface_detail"
r1e3303ebt,"Man working in a factory with a machine, milk puddles, dark yellowish water, large scales, vinyl, inside view, golden layers, Midlands, Tillamook cheese, July 2011, gradients, Berkey, squid, mead, floor, Elpis. Industrial process, craftsmanship, tactile textures, precise engineering, sensory experience, culinary production.",77:51,4,4.682383757,4.682383757,0.997,2,5,3,512,1088,896,43,DPMPP2MSampler,VanillaCFG,3.771977672,TRUE,43,DPMPP2SAncestralSampler,IdentityGuider,5.425625228,FALSE,3:4,golden_hour+knolling,widescreen,50,3,manual,16,0.066,153,"https://firefly.adobe.com/generate/images?style=photo&seed=42&seed=242&seed=4242&seed=2442&prompt=Man+working+in+a+factory+with+a+machine%2C+milk+puddles%2C+dark+yellowish+water%2C+large+scales%2C+vinyl%2C+inside+view%2C+golden+layers%2C+Midlands%2C+Tillamook+cheese%2C+July+2011%2C+gradients%2C+Berkey%2C+squid%2C+mead%2C+floor%2C+Elpis.+Industrial+process%2C+craftsmanship%2C+tactile+textures%2C+precise+engineering%2C+sensory+experience%2C+culinary+production.&modelInputVersion=v2&aspectRatio=widescreen&creativity=3&guideStrength=50&exif={""mode""%3A""manual""%2C""details""%3A{""aperture""%3A16%2C""focal_length""%3A153%2C""shutter_speed""%3A0.066}}&style=golden_hour&style=knolling"
r1e367d35t,"Man standing in a building with a candle, interior of the old cathedral, Venetian glass, stone pews, digital photo, brick, humid evening, ground-level camera view, Dolman, marker, Canon photo, shade, pillar, seen from the side, medieval, sazed, gig, four. Mystical ambiance, spiritual contemplation, architectural grandeur, ethereal light, historical reverence, sacred space.",77:51,2,6.11591261,6.11591261,0.997,3,5,3,768,960,1088,42,LinearMultistepSampler,VanillaCFG,5.237836639,TRUE,39,DPMPP2SAncestralSampler,IdentityGuider,6.723260677,FALSE,4:5,bw,portrait,0,9,manual,16,0.125,190,"https://firefly.adobe.com/generate/images?style=photo&seed=42&seed=242&seed=4242&seed=2442&prompt=Man+standing+in+a+building+with+a+candle%2C+interior+of+the+old+cathedral%2C+Venetian+glass%2C+stone+pews%2C+digital+photo%2C+brick%2C+humid+evening%2C+ground-level+camera+view%2C+Dolman%2C+marker%2C+Canon+photo%2C+shade%2C+pillar%2C+seen+from+the+side%2C+medieval%2C+sazed%2C+gig%2C+four.+Mystical+ambiance%2C+spiritual+contemplation%2C+architectural+grandeur%2C+ethereal+light%2C+historical+reverence%2C+sacred+space.&modelInputVersion=v2&aspectRatio=portrait&creativity=9&guideStrength=0&exif={""mode""%3A""manual""%2C""details""%3A{""aperture""%3A16%2C""focal_length""%3A190%2C""shutter_speed""%3A0.125}}&style=bw"
r1e3b4cdft,"Man riding a horse on a snowy trail, autumn mountains, yellow and green colors, Dolomites, enormous silver tree, sharp photo, mid-fall, peaks, hemlocks, enclosed in rock, inspired by Ike no Taiga, candy forest, karst landscape, wide shot. Majestic equestrian journey, vibrant autumn hues, rugged natural beauty, serenity in motion, sublime landscapes, poetic harmony.",51:77,3,4.79349523,4.79349523,0.997,2,4,3,512,1536,640,51,DPMPP2SAncestralSampler,VanillaCFG,5.7326482,TRUE,42,LinearMultistepSampler,IdentityGuider,1.927937247,TRUE,1:2,closeup,landscape,100,2,manual,2,0.5,144,"https://firefly.adobe.com/generate/images?style=photo&seed=42&seed=242&seed=4242&seed=2442&prompt=Man+riding+a+horse+on+a+snowy+trail%2C+autumn+mountains%2C+yellow+and+green+colors%2C+Dolomites%2C+enormous+silver+tree%2C+sharp+photo%2C+mid-fall%2C+peaks%2C+hemlocks%2C+enclosed+in+rock%2C+inspired+by+Ike+no+Taiga%2C+candy+forest%2C+karst+landscape%2C+wide+shot.+Majestic+equestrian+journey%2C+vibrant+autumn+hues%2C+rugged+natural+beauty%2C+serenity+in+motion%2C+sublime+landscapes%2C+poetic+harmony.&modelInputVersion=v2&aspectRatio=landscape&creativity=2&guideStrength=100&exif={""mode""%3A""manual""%2C""details""%3A{""aperture""%3A2%2C""focal_length""%3A144%2C""shutter_speed""%3A0.5}}&style=closeup"
r1e504ebbt,"View of a mountain range with a few trees, backlight photo sample, summer evening, Tamborine, 2014, real picture, Chilean, blog-photo, mellow sky blue lighting, Black Forest, 70mm photo. Serene landscape, warm evening glow, nature's tranquility, immersive scenery, ethereal ambiance.",77:51,1,3.025004892,3.025004892,0.995,1,3,3,512,1344,704,44,LinearMultistepSampler,VanillaCFG,2.579357749,TRUE,38,EulerAncestralSampler,VanillaCFG,6.032593153,FALSE,16:9,vibrant_colors+surface_detail,square,50,10,manual,16,0.016,232,"https://firefly.adobe.com/generate/images?style=photo&seed=42&seed=242&seed=4242&seed=2442&prompt=View+of+a+mountain+range+with+a+few+trees%2C+backlight+photo+sample%2C+summer+evening%2C+Tamborine%2C+2014%2C+real+picture%2C+Chilean%2C+blog-photo%2C+mellow+sky+blue+lighting%2C+Black+Forest%2C+70mm+photo.+Serene+landscape%2C+warm+evening+glow%2C+nature's+tranquility%2C+immersive+scenery%2C+ethereal+ambiance.&modelInputVersion=v2&aspectRatio=square&creativity=10&guideStrength=50&exif={""mode""%3A""manual""%2C""details""%3A{""aperture""%3A16%2C""focal_length""%3A232%2C""shutter_speed""%3A0.016}}&style=vibrant_colors&style=surface_detail"
r1e52a39dt,"Statue of a man holding a sword and a sword, golden halo behind her head, by François Bocion, defense attorney, authority, high detail, outside intricate, female lawyer, high details photo, morning, holding a giant weapon, Paris, detail on scene, Jules, Jasmine, law aligned. Symbolic representation, divine aura, majestic strength, intricate craftsmanship, legal symbolism, empowering presence.",77:51,1,8.264960225,8.264960225,0.995,2,3,3,768,1664,576,41,HeunEDMSampler,VanillaCFG,3.020107977,FALSE,,,,,,4:5,chaotic+pastel_colors+dramatic_light,widescreen,100,6,manual,1.2,0.5,155,"https://firefly.adobe.com/generate/images?style=photo&seed=42&seed=242&seed=4242&seed=2442&prompt=Statue+of+a+man+holding+a+sword+and+a+sword%2C+golden+halo+behind+her+head%2C+by+François+Bocion%2C+defense+attorney%2C+authority%2C+high+detail%2C+outside+intricate%2C+female+lawyer%2C+high+details+photo%2C+morning%2C+holding+a+giant+weapon%2C+Paris%2C+detail+on+scene%2C+Jules%2C+Jasmine%2C+law+aligned.+Symbolic+representation%2C+divine+aura%2C+majestic+strength%2C+intricate+craftsmanship%2C+legal+symbolism%2C+empowering+presence.&modelInputVersion=v2&aspectRatio=widescreen&creativity=6&guideStrength=100&exif={""mode""%3A""manual""%2C""details""%3A{""aperture""%3A1.2%2C""focal_length""%3A155%2C""shutter_speed""%3A0.5}}&style=chaotic&style=pastel_colors&style=dramatic_light"
r1e56884ft,"Road winding through the woods, medieval castle in the background, ancient agora of Athens, Bussière and Roberto Ferri, view from the side, camping, 2010 photo, 8K photo, empty road in the middle, hill, Area N. Enchanting pathway, historical backdrop, ancient ruins, tranquil exploration, harmonious coexistence, captivating atmosphere.",77:51,2,6.718118739,6.718118739,0.999,3,2,3,768,704,1344,34,EulerAncestralSampler,VanillaCFG,6.853576376,FALSE,,,,,,3:2,vibrant_colors+shot_from_above,landscape,100,5,auto,,,,"https://firefly.adobe.com/generate/images?style=photo&seed=42&seed=242&seed=4242&seed=2442&prompt=Road+winding+through+the+woods%2C+medieval+castle+in+the+background%2C+ancient+agora+of+Athens%2C+Bussière+and+Roberto+Ferri%2C+view+from+the+side%2C+camping%2C+2010+photo%2C+8K+photo%2C+empty+road+in+the+middle%2C+hill%2C+Area+N.+Enchanting+pathway%2C+historical+backdrop%2C+ancient+ruins%2C+tranquil+exploration%2C+harmonious+coexistence%2C+captivating+atmosphere.&modelInputVersion=v2&aspectRatio=landscape&creativity=5&guideStrength=100&exif={""mode""%3A""auto""}&style=vibrant_colors&style=shot_from_above"
r1e5c27c1t,"Many pink flowers blooming in the garden, tulips, bloom, professional detailed photo, beautiful animal pearl queen, 2017, purple, displayed, wind-kissed picture, gentleman, high bloom amount. Vibrant floral display, delicate beauty, meticulous attention to detail, nature's splendor, poetic elegance, abundant blossoms.",77:51,2,3.138077435,3.138077435,0.999,3,2,3,512,1152,832,47,EulerEDMSampler,IdentityGuider,,TRUE,47,EulerAncestralSampler,VanillaCFG,,FALSE,4:3,maximalism+knolling,landscape,50,3,manual,2.8,1,57,"https://firefly.adobe.com/generate/images?style=photo&seed=42&seed=242&seed=4242&seed=2442&prompt=Many+pink+flowers+blooming+in+the+garden%2C+tulips%2C+bloom%2C+professional+detailed+photo%2C+beautiful+animal+pearl+queen%2C+2017%2C+purple%2C+displayed%2C+wind-kissed+picture%2C+gentleman%2C+high+bloom+amount.+Vibrant+floral+display%2C+delicate+beauty%2C+meticulous+attention+to+detail%2C+nature's+splendor%2C+poetic+elegance%2C+abundant+blossoms.&modelInputVersion=v2&aspectRatio=landscape&creativity=3&guideStrength=50&exif={""mode""%3A""manual""%2C""details""%3A{""aperture""%3A2.8%2C""focal_length""%3A57%2C""shutter_speed""%3A1}}&style=maximalism&style=knolling"
r1e698e5dt,"Boat docked in the water with a sign on it, Quy Ho, cinematic view from a lower angle, skyline, red and white colors, 50MP, bus, on the deck of a ship, view from the side, 2010 photo, high details photo, modern high sharpness photo. Nautical charm, urban waterscape, dynamic composition, striking color contrast, detailed craftsmanship, maritime adventure.",134:89,2,4.071740308,4.071740308,0.997,3,3,3,512,768,1280,42,HeunEDMSampler,IdentityGuider,,TRUE,45,LinearMultistepSampler,VanillaCFG,,TRUE,4:3,,widescreen,50,10,auto,,,,"https://firefly.adobe.com/generate/images?style=photo&seed=42&seed=242&seed=4242&seed=2442&prompt=Boat+docked+in+the+water+with+a+sign+on+it%2C+Quy+Ho%2C+cinematic+view+from+a+lower+angle%2C+skyline%2C+red+and+white+colors%2C+50MP%2C+bus%2C+on+the+deck+of+a+ship%2C+view+from+the+side%2C+2010+photo%2C+high+details+photo%2C+modern+high+sharpness+photo.+Nautical+charm%2C+urban+waterscape%2C+dynamic+composition%2C+striking+color+contrast%2C+detailed+craftsmanship%2C+maritime+adventure.&modelInputVersion=v2&aspectRatio=widescreen&creativity=10&guideStrength=50&exif={""mode""%3A""auto""}"
r1e69b067t,"Two people walking up a trail in the mountains, Dolomites in the background, wide open space, craggy mountains, slightly overexposed, summer weather, noon, skyline, group photo, traps, view from the side, wide shot. Adventurous hike, majestic alpine scenery, boundless exploration, rugged terrain, camaraderie in nature, awe-inspiring vistas.",77:51,3,7.183037204,7.183037204,1,2,1,3,768,960,1088,34,EulerAncestralSampler,VanillaCFG,6.573812884,TRUE,42,LinearMultistepSampler,VanillaCFG,4.252038602,TRUE,2:1,,widescreen,100,9,auto,,,,"https://firefly.adobe.com/generate/images?style=photo&seed=42&seed=242&seed=4242&seed=2442&prompt=Two+people+walking+up+a+trail+in+the+mountains%2C+Dolomites+in+the+background%2C+wide+open+space%2C+craggy+mountains%2C+slightly+overexposed%2C+summer+weather%2C+noon%2C+skyline%2C+group+photo%2C+traps%2C+view+from+the+side%2C+wide+shot.+Adventurous+hike%2C+majestic+alpine+scenery%2C+boundless+exploration%2C+rugged+terrain%2C+camaraderie+in+nature%2C+awe-inspiring+vistas.&modelInputVersion=v2&aspectRatio=widescreen&creativity=9&guideStrength=100&exif={""mode""%3A""auto""}"
r1e7987b3t,"Table with a white tablecloth, retro 50s style, Slovenian, wooden cabinet, distant photo, Ehime, flattering photo. Vintage elegance, nostalgic charm, tasteful aesthetics, inviting ambiance, refined details, serene composition.",51:77,3,3.133977673,3.133977673,0.998,3,2,3,768,768,1344,43,DPMPP2SAncestralSampler,VanillaCFG,1.101888818,FALSE,,,,,,9:16,golden_hour,portrait,100,10,auto,,,,"https://firefly.adobe.com/generate/images?style=photo&seed=42&seed=242&seed=4242&seed=2442&prompt=Table+with+a+white+tablecloth%2C+retro+50s+style%2C+Slovenian%2C+wooden+cabinet%2C+distant+photo%2C+Ehime%2C+flattering+photo.+Vintage+elegance%2C+nostalgic+charm%2C+tasteful+aesthetics%2C+inviting+ambiance%2C+refined+details%2C+serene+composition.&modelInputVersion=v2&aspectRatio=portrait&creativity=10&guideStrength=100&exif={""mode""%3A""auto""}&style=golden_hour"
r1e79c6f9t,"Small white helicopter flying over a field of grass, German forest, levitating above the ground, professional image, alpine scenery, early spring, ticket, on location, performance, detailed image. Aerial perspective, dynamic motion, natural beauty from above, precision engineering, picturesque landscape, cinematic atmosphere.",77:51,3,5.735250992,5.735250992,0.997,1,2,3,768,1472,704,42,EulerEDMSampler,VanillaCFG,3.140967244,TRUE,39,HeunEDMSampler,VanillaCFG,4.402425657,TRUE,1:2,golden_hour,landscape,26,5,manual,2,0.008,96,"https://firefly.adobe.com/generate/images?style=photo&seed=42&seed=242&seed=4242&seed=2442&prompt=Small+white+helicopter+flying+over+a+field+of+grass%2C+German+forest%2C+levitating+above+the+ground%2C+professional+image%2C+alpine+scenery%2C+early+spring%2C+ticket%2C+on+location%2C+performance%2C+detailed+image.+Aerial+perspective%2C+dynamic+motion%2C+natural+beauty+from+above%2C+precision+engineering%2C+picturesque+landscape%2C+cinematic+atmosphere.&modelInputVersion=v2&aspectRatio=landscape&creativity=5&guideStrength=26&exif={""mode""%3A""manual""%2C""details""%3A{""aperture""%3A2%2C""focal_length""%3A96%2C""shutter_speed""%3A0.008}}&style=golden_hour"
r1e8acc5ct,"People standing in a crowd on a city street, Flanders, royal wedding, iStockphoto, dunes in the background, at the terrace, stadium setting, worship of the pope, Excalibur, beautiful day, epic wide shot, race competition, Augean Stables, 2012, royal court, crowds. Festive gathering, ceremonial ambiance, grand celebration, historical significance, bustling atmosphere, majestic procession.",134:89,4,8.002414495,8.002414495,0.999,3,2,3,768,1280,768,34,HeunEDMSampler,VanillaCFG,8.655658064,TRUE,37,HeunEDMSampler,IdentityGuider,4.932438825,TRUE,5:4,dramatic_light,square,50,8,manual,2.8,1,169,"https://firefly.adobe.com/generate/images?style=photo&seed=42&seed=242&seed=4242&seed=2442&prompt=People+standing+in+a+crowd+on+a+city+street%2C+Flanders%2C+royal+wedding%2C+iStockphoto%2C+dunes+in+the+background%2C+at+the+terrace%2C+stadium+setting%2C+worship+of+the+pope%2C+Excalibur%2C+beautiful+day%2C+epic+wide+shot%2C+race+competition%2C+Augean+Stables%2C+2012%2C+royal+court%2C+crowds.+Festive+gathering%2C+ceremonial+ambiance%2C+grand+celebration%2C+historical+significance%2C+bustling+atmosphere%2C+majestic+procession.&modelInputVersion=v2&aspectRatio=square&creativity=8&guideStrength=50&exif={""mode""%3A""manual""%2C""details""%3A{""aperture""%3A2.8%2C""focal_length""%3A169%2C""shutter_speed""%3A1}}&style=dramatic_light"
r1e8e493ct,"Snowy scene of a town with a telephone pole and a mountain in the background, subject made of white mesh rope, vineyard, stadium landscape, covered in white flour, distant town in the valley and hills, Midlands, panorama, PV, 55mm photo. Winter wonderland, tranquil ambiance, picturesque village, ethereal art installation, scenic vineyards, expansive snowy landscape, mesmerizing composition.",77:51,2,4.634045607,4.634045607,0.998,2,2,3,768,832,1152,36,DPMPP2SAncestralSampler,VanillaCFG,7.43178691,TRUE,43,EulerEDMSampler,VanillaCFG,6.602584735,FALSE,3:2,cool_colors+multiexposure,landscape,100,3,auto,,,,"https://firefly.adobe.com/generate/images?style=photo&seed=42&seed=242&seed=4242&seed=2442&prompt=Snowy+scene+of+a+town+with+a+telephone+pole+and+a+mountain+in+the+background%2C+subject+made+of+white+mesh+rope%2C+vineyard%2C+stadium+landscape%2C+covered+in+white+flour%2C+distant+town+in+the+valley+and+hills%2C+Midlands%2C+panorama%2C+PV%2C+55mm+photo.+Winter+wonderland%2C+tranquil+ambiance%2C+picturesque+village%2C+ethereal+art+installation%2C+scenic+vineyards%2C+expansive+snowy+landscape%2C+mesmerizing+composition.&modelInputVersion=v2&aspectRatio=landscape&creativity=3&guideStrength=100&exif={""mode""%3A""auto""}&style=cool_colors&style=multiexposure"
r1e9082f9t,"Many people walking on the beach near the water, Cinque Terre, sunlight and whimsical houses, climbing up a cliffside, DSLR photo, vividly beautiful colors, rock formations, 33mm photo, sunny day with clear sky, all buildings on the bridge, 70mm photo. Coastal stroll, idyllic seaside setting, vibrant coastal architecture, scenic coastal cliffs, lively beach atmosphere, captivating coastal panorama.",77:51,1,8.742384313,8.742384313,0.999,3,2,4,768,768,1344,43,DPMPP2SAncestralSampler,VanillaCFG,3.307696246,TRUE,40,EulerAncestralSampler,VanillaCFG,3.69786428,FALSE,1:1,studio_light,landscape,50,3,auto,,,,"https://firefly.adobe.com/generate/images?style=photo&seed=42&seed=242&seed=4242&seed=2442&prompt=Many+people+walking+on+the+beach+near+the+water%2C+Cinque+Terre%2C+sunlight+and+whimsical+houses%2C+climbing+up+a+cliffside%2C+DSLR+photo%2C+vividly+beautiful+colors%2C+rock+formations%2C+33mm+photo%2C+sunny+day+with+clear+sky%2C+all+buildings+on+the+bridge%2C+70mm+photo.+Coastal+stroll%2C+idyllic+seaside+setting%2C+vibrant+coastal+architecture%2C+scenic+coastal+cliffs%2C+lively+beach+atmosphere%2C+captivating+coastal+panorama.&modelInputVersion=v2&aspectRatio=landscape&creativity=3&guideStrength=50&exif={""mode""%3A""auto""}&style=studio_light"
r1e9ae164t,"Sign indicating the entrance to a building, fantasy gondola boat, panini, very old, well-decorated, secret room upstairs, pestle, are bure boke, expensive restaurant, f/2.8. Intriguing entrance, whimsical design, hidden secrets, historical charm, culinary delights, culinary excellence.",51:77,4,2.993616997,2.993616997,0.999,3,2,4,512,1472,704,50,EulerEDMSampler,IdentityGuider,,FALSE,,,,,,4:5,backlighting+knolling,square,100,8,manual,2,0.004,138,"https://firefly.adobe.com/generate/images?style=photo&seed=42&seed=242&seed=4242&seed=2442&prompt=Sign+indicating+the+entrance+to+a+building%2C+fantasy+gondola+boat%2C+panini%2C+very+old%2C+well-decorated%2C+secret+room+upstairs%2C+pestle%2C+are+bure+boke%2C+expensive+restaurant%2C+f/2.8.+Intriguing+entrance%2C+whimsical+design%2C+hidden+secrets%2C+historical+charm%2C+culinary+delights%2C+culinary+excellence.&modelInputVersion=v2&aspectRatio=square&creativity=8&guideStrength=100&exif={""mode""%3A""manual""%2C""details""%3A{""aperture""%3A2%2C""focal_length""%3A138%2C""shutter_speed""%3A0.004}}&style=backlighting&style=knolling"
r1e9c8a5dt,"Several people in costumes walking down a street with a crowd of people, cow, matte fresco, ermine, January, editorial, cheerful atmosphere, pudica pose, spores, in front and behind, editorial photo. Festive parade, vibrant costumes, historical reenactment, lively street scene, joyous celebration, artistic display.",77:51,3,4.256299548,4.256299548,0.996,2,3,5,512,1344,704,41,DPMPP2MSampler,VanillaCFG,6.451660038,FALSE,,,,,,4:3,beautiful+photographed_through_window,portrait,100,3,auto,,,,"https://firefly.adobe.com/generate/images?style=photo&seed=42&seed=242&seed=4242&seed=2442&prompt=Several+people+in+costumes+walking+down+a+street+with+a+crowd+of+people%2C+cow%2C+matte+fresco%2C+ermine%2C+January%2C+editorial%2C+cheerful+atmosphere%2C+pudica+pose%2C+spores%2C+in+front+and+behind%2C+editorial+photo.+Festive+parade%2C+vibrant+costumes%2C+historical+reenactment%2C+lively+street+scene%2C+joyous+celebration%2C+artistic+display.&modelInputVersion=v2&aspectRatio=portrait&creativity=3&guideStrength=100&exif={""mode""%3A""auto""}&style=beautiful&style=photographed_through_window"
r1ea13eb4t,"Stream running through a forest with yellow trees, Swiss Alps, DSLR photo, 8K photo, landscape 35mm veduta photo, very high angle view, photo photo, editorial photo. Serene natural setting, autumnal beauty, breathtaking mountain stream, panoramic vista, ethereal landscape, artistic interpretation.",51:77,3,8.39246368,8.39246368,0.996,4,3,2,512,1344,768,48,DPMPP2SAncestralSampler,IdentityGuider,,TRUE,30,LinearMultistepSampler,IdentityGuider,,TRUE,9:16,multiexposure,portrait,0,10,manual,8,0.004,94,"https://firefly.adobe.com/generate/images?style=photo&seed=42&seed=242&seed=4242&seed=2442&prompt=Stream+running+through+a+forest+with+yellow+trees%2C+Swiss+Alps%2C+DSLR+photo%2C+8K+photo%2C+landscape+35mm+veduta+photo%2C+very+high+angle+view%2C+photo+photo%2C+editorial+photo.+Serene+natural+setting%2C+autumnal+beauty%2C+breathtaking+mountain+stream%2C+panoramic+vista%2C+ethereal+landscape%2C+artistic+interpretation.&modelInputVersion=v2&aspectRatio=portrait&creativity=10&guideStrength=0&exif={""mode""%3A""manual""%2C""details""%3A{""aperture""%3A8%2C""focal_length""%3A94%2C""shutter_speed""%3A0.004}}&style=multiexposure"
r1ea8ccbbt,"Two cups of coffee and a piece of cake on a tray, Madrid, filled with water, very elongated lines, Shutterstock, hot food, crispy, Paris, praised, uniform, dish, by Giuseppe Abbati, boulevard, small glasses, centered, heat, grind, morning, business. Tempting indulgence, culinary delights, inviting refreshment, artistic arrangement, café culture, gastronomic pleasure.",77:51,3,5.141522288,5.141522288,0.999,1,3,3,768,1472,704,43,LinearMultistepSampler,VanillaCFG,7.92964153,TRUE,38,LinearMultistepSampler,VanillaCFG,4.929047247,FALSE,1:1,maximalism+dramatic_light+closeup,square,0,5,manual,16,0.5,106,"https://firefly.adobe.com/generate/images?style=photo&seed=42&seed=242&seed=4242&seed=2442&prompt=Two+cups+of+coffee+and+a+piece+of+cake+on+a+tray%2C+Madrid%2C+filled+with+water%2C+very+elongated+lines%2C+Shutterstock%2C+hot+food%2C+crispy%2C+Paris%2C+praised%2C+uniform%2C+dish%2C+by+Giuseppe+Abbati%2C+boulevard%2C+small+glasses%2C+centered%2C+heat%2C+grind%2C+morning%2C+business.+Tempting+indulgence%2C+culinary+delights%2C+inviting+refreshment%2C+artistic+arrangement%2C+café+culture%2C+gastronomic+pleasure.&modelInputVersion=v2&aspectRatio=square&creativity=5&guideStrength=0&exif={""mode""%3A""manual""%2C""details""%3A{""aperture""%3A16%2C""focal_length""%3A106%2C""shutter_speed""%3A0.5}}&style=maximalism&style=dramatic_light&style=closeup"
r1eaa5d42t,"Building with a clock tower and a clock on the front, Gothic church background, view from the side, Flemish Baroque, tourist photo, editorial, 2014, image, high details photo, white marble castle in the background, cathedrals and abbeys, beige. Architectural marvel, historical charm, intricate craftsmanship, cultural heritage, majestic skyline, atmospheric composition.",89:134,2,2.638369141,2.638369141,0.995,2,3,4,512,1216,832,33,EulerEDMSampler,VanillaCFG,7.557581553,TRUE,41,DPMPP2SAncestralSampler,VanillaCFG,3.36065908,TRUE,1:1,vibrant_colors+multiexposure,square,100,5,auto,,,,"https://firefly.adobe.com/generate/images?style=photo&seed=42&seed=242&seed=4242&seed=2442&prompt=Building+with+a+clock+tower+and+a+clock+on+the+front%2C+Gothic+church+background%2C+view+from+the+side%2C+Flemish+Baroque%2C+tourist+photo%2C+editorial%2C+2014%2C+image%2C+high+details+photo%2C+white+marble+castle+in+the+background%2C+cathedrals+and+abbeys%2C+beige.+Architectural+marvel%2C+historical+charm%2C+intricate+craftsmanship%2C+cultural+heritage%2C+majestic+skyline%2C+atmospheric+composition.&modelInputVersion=v2&aspectRatio=square&creativity=5&guideStrength=100&exif={""mode""%3A""auto""}&style=vibrant_colors&style=multiexposure"
r1ead3024t,"Group of people walking in a mall with a glass roof, Flemish Baroque, endless street, real image, geometric lines in the sky, from inside the giant palace, view from the side, neon shops, Belgium, Moscow, a photo, editorial. Shopping extravaganza, architectural grandeur, modern urban design, bustling commercial hub, captivating symmetry, vibrant cityscape.",89:134,2,2.865093618,2.865093618,0.999,3,3,5,512,832,1152,33,DPMPP2SAncestralSampler,IdentityGuider,,TRUE,31,DPMPP2MSampler,VanillaCFG,,TRUE,2:1,studio_light+landscape_photography,square,100,8,auto,,,,"https://firefly.adobe.com/generate/images?style=photo&seed=42&seed=242&seed=4242&seed=2442&prompt=Group+of+people+walking+in+a+mall+with+a+glass+roof%2C+Flemish+Baroque%2C+endless+street%2C+real+image%2C+geometric+lines+in+the+sky%2C+from+inside+the+giant+palace%2C+view+from+the+side%2C+neon+shops%2C+Belgium%2C+Moscow%2C+a+photo%2C+editorial.+Shopping+extravaganza%2C+architectural+grandeur%2C+modern+urban+design%2C+bustling+commercial+hub%2C+captivating+symmetry%2C+vibrant+cityscape.&modelInputVersion=v2&aspectRatio=square&creativity=8&guideStrength=100&exif={""mode""%3A""auto""}&style=studio_light&style=landscape_photography"
r1ebee709t,"Train track covered in snow, southern European scenery, 16mm f/1.4, Can Basdogan, real photo, pure white, center image, 8K photo, historic, taken with a Leica camera, background image, leave, editorial. Winter railway journey, serene snowy landscape, nostalgic charm, cinematic perspective, historical ambiance, captivating visual storytelling.",77:51,3,8.319409949,8.319409949,0.995,1,3,4,768,1344,768,46,EulerEDMSampler,VanillaCFG,5.675421419,FALSE,,,,,,4:5,landscape_photography,landscape,0,10,manual,22,0.066,282,"https://firefly.adobe.com/generate/images?style=photo&seed=42&seed=242&seed=4242&seed=2442&prompt=Train+track+covered+in+snow%2C+southern+European+scenery%2C+16mm+f/1.4%2C+Can+Basdogan%2C+real+photo%2C+pure+white%2C+center+image%2C+8K+photo%2C+historic%2C+taken+with+a+Leica+camera%2C+background+image%2C+leave%2C+editorial.+Winter+railway+journey%2C+serene+snowy+landscape%2C+nostalgic+charm%2C+cinematic+perspective%2C+historical+ambiance%2C+captivating+visual+storytelling.&modelInputVersion=v2&aspectRatio=landscape&creativity=10&guideStrength=0&exif={""mode""%3A""manual""%2C""details""%3A{""aperture""%3A22%2C""focal_length""%3A282%2C""shutter_speed""%3A0.066}}&style=landscape_photography"
r1ec70fd3t,"Skiers on a snowy mountain with a mountain in the background, Dolomites, blue sky, editorial, with walkways, alone, white travertine terraces, no filter, taken with a Pentax 1000, panoramic view of a girl, buffalo, travel, 4, mustard, Alpine skiing adventure, majestic mountain scenery, exhilarating winter sports, pristine natural beauty, awe-inspiring panoramic vista, dynamic action shot.",134:89,2,7.935407059,7.935407059,1,3,1,3,768,1280,768,47,LinearMultistepSampler,VanillaCFG,4.080866684,TRUE,42,EulerEDMSampler,IdentityGuider,7.938416,TRUE,9:16,multiexposure,landscape,0,8,auto,,,,"https://firefly.adobe.com/generate/images?style=photo&seed=42&seed=242&seed=4242&seed=2442&prompt=Skiers+on+a+snowy+mountain+with+a+mountain+in+the+background%2C+Dolomites%2C+blue+sky%2C+editorial%2C+with+walkways%2C+alone%2C+white+travertine+terraces%2C+no+filter%2C+taken+with+a+Pentax+1000%2C+panoramic+view+of+a+girl%2C+buffalo%2C+travel%2C+4%2C+mustard%2C+Alpine+skiing+adventure%2C+majestic+mountain+scenery%2C+exhilarating+winter+sports%2C+pristine+natural+beauty%2C+awe-inspiring+panoramic+vista%2C+dynamic+action+shot.&modelInputVersion=v2&aspectRatio=landscape&creativity=8&guideStrength=0&exif={""mode""%3A""auto""}&style=multiexposure"
r1ee65904t,"Large body of water with a forest in the background, Lago di Sorapis, July 2011, raw malachite, tree, close-up photo, editorial, polluted, evergreen branches, 10, 8K photo. Tranquil alpine lake, idyllic natural landscape, emerald water, serene forest reflection, environmental awareness, captivating close-up detail.",77:51,1,4.81959124,4.81959124,0.997,3,1,2,512,1600,640,41,EulerEDMSampler,VanillaCFG,5.043650465,FALSE,,,,,,4:3,bokeh+macrophotography,widescreen,50,10,manual,1.2,0.066,129,"https://firefly.adobe.com/generate/images?style=photo&seed=42&seed=242&seed=4242&seed=2442&prompt=Large+body+of+water+with+a+forest+in+the+background%2C+Lago+di+Sorapis%2C+July+2011%2C+raw+malachite%2C+tree%2C+close-up+photo%2C+editorial%2C+polluted%2C+evergreen+branches%2C+10%2C+8K+photo.+Tranquil+alpine+lake%2C+idyllic+natural+landscape%2C+emerald+water%2C+serene+forest+reflection%2C+environmental+awareness%2C+captivating+close-up+detail.&modelInputVersion=v2&aspectRatio=widescreen&creativity=10&guideStrength=50&exif={""mode""%3A""manual""%2C""details""%3A{""aperture""%3A1.2%2C""focal_length""%3A129%2C""shutter_speed""%3A0.066}}&style=bokeh&style=macrophotography"
r1ee6f90et,"arafed view of a tall building with a clock on it, ornate Gothic Baroque spikes, statue of carving marble, taken with Canon 80D, by Michelangelo Buonarroti, dry archways, Gothic armor, standing in a church, high-quality picture, above side view, Sus. Architectural magnificence, historical craftsmanship, intricate details, divine marble sculpture, dramatic perspective, spiritual ambiance.",51:77,1,5.78716027,5.78716027,0.996,1,2,1,512,1088,896,38,DPMPP2MSampler,VanillaCFG,7.425347581,TRUE,41,EulerEDMSampler,IdentityGuider,4.443973565,TRUE,16:9,harsh_light,landscape,34,6,auto,,,,"https://firefly.adobe.com/generate/images?style=photo&seed=42&seed=242&seed=4242&seed=2442&prompt=arafed+view+of+a+tall+building+with+a+clock+on+it%2C+ornate+Gothic+Baroque+spikes%2C+statue+of+carving+marble%2C+taken+with+Canon+80D%2C+by+Michelangelo+Buonarroti%2C+dry+archways%2C+Gothic+armor%2C+standing+in+a+church%2C+high-quality+picture%2C+above+side+view%2C+Sus.+Architectural+magnificence%2C+historical+craftsmanship%2C+intricate+details%2C+divine+marble+sculpture%2C+dramatic+perspective%2C+spiritual+ambiance.&modelInputVersion=v2&aspectRatio=landscape&creativity=6&guideStrength=34&exif={""mode""%3A""auto""}&style=harsh_light"
r1ef15cb3t,"arafed view of a Roman forum with a clock tower and a hindu forum, f/1.9 6.81mm ISO 40, hindu Coliseum, noon, at the stone ruins, anthropology photo, giant columns palace, Hindu, ancient painting, photography. Timeless archaeological site, ancient grandeur, historical significance, archaeological exploration, cultural heritage, captivating glimpse into the past.",77:51,2,7.081720204,7.081720204,1,2,2,1,512,896,1152,32,HeunEDMSampler,VanillaCFG,4.14602925,FALSE,,,,,,16:9,shot_from_below,square,100,5,manual,2.8,0.125,132,"https://firefly.adobe.com/generate/images?style=photo&seed=42&seed=242&seed=4242&seed=2442&prompt=arafed+view+of+a+Roman+forum+with+a+clock+tower+and+a+hindu+forum%2C+f/1.9+6.81mm+ISO+40%2C+hindu+Coliseum%2C+noon%2C+at+the+stone+ruins%2C+anthropology+photo%2C+giant+columns+palace%2C+Hindu%2C+ancient+painting%2C+photography.+Timeless+archaeological+site%2C+ancient+grandeur%2C+historical+significance%2C+archaeological+exploration%2C+cultural+heritage%2C+captivating+glimpse+into+the+past.&modelInputVersion=v2&aspectRatio=square&creativity=5&guideStrength=100&exif={""mode""%3A""manual""%2C""details""%3A{""aperture""%3A2.8%2C""focal_length""%3A132%2C""shutter_speed""%3A0.125}}&style=shot_from_below"
r1ef16e0dt,"Two people dressed up in costumes and hats, Epiphany, Nikon D3, The Wizard's Magical Tower!!, bus, blue robe, carnival in the background, beautiful lady, Whimsical characters, vibrant costumes, theatrical charm",51:77,1,8.291745846,8.291745846,0.997,2,1,3,768,1536,640,39,HeunEDMSampler,VanillaCFG,3.237856787,TRUE,38,EulerEDMSampler,IdentityGuider,3.896950533,TRUE,5:4,minimalism+muted+low_lighting,square,50,8,auto,,,,"https://firefly.adobe.com/generate/images?style=photo&seed=42&seed=242&seed=4242&seed=2442&prompt=Two+people+dressed+up+in+costumes+and+hats%2C+Epiphany%2C+Nikon+D3%2C+The+Wizard's+Magical+Tower!!%2C+bus%2C+blue+robe%2C+carnival+in+the+background%2C+beautiful+lady%2C+Whimsical+characters%2C+vibrant+costumes%2C+theatrical+charm&modelInputVersion=v2&aspectRatio=square&creativity=8&guideStrength=50&exif={""mode""%3A""auto""}&style=minimalism&style=muted&style=low_lighting"
r1ef8b85ft,"People standing on the sidewalk and walking around with strollers, frantic dancing pose, Italy, two old people, editorial image, January 20th, editorial, Ninjala, inspired by Antoine Le Nain, horned, in the style of singapore, lomo, come on, Sheikh, X. Daily life scene, lively street activity, cultural diversity, candid moments, expressive gestures, vibrant street photography.",77:51,3,4.77529259,4.77529259,0.995,3,2,0,512,1472,704,36,EulerEDMSampler,VanillaCFG,7.774522627,TRUE,40,EulerAncestralSampler,IdentityGuider,5.228878676,FALSE,5:4,,landscape,98,5,manual,16,0.066,252,"https://firefly.adobe.com/generate/images?style=photo&seed=42&seed=242&seed=4242&seed=2442&prompt=People+standing+on+the+sidewalk+and+walking+around+with+strollers%2C+frantic+dancing+pose%2C+Italy%2C+two+old+people%2C+editorial+image%2C+January+20th%2C+editorial%2C+Ninjala%2C+inspired+by+Antoine+Le+Nain%2C+horned%2C+in+the+style+of+singapore%2C+lomo%2C+come+on%2C+Sheikh%2C+X.+Daily+life+scene%2C+lively+street+activity%2C+cultural+diversity%2C+candid+moments%2C+expressive+gestures%2C+vibrant+street+photography.&modelInputVersion=v2&aspectRatio=landscape&creativity=5&guideStrength=98&exif={""mode""%3A""manual""%2C""details""%3A{""aperture""%3A16%2C""focal_length""%3A252%2C""shutter_speed""%3A0.066}}"
r1efcf847t,"Buildings in a city with a black gate and a person walking on the sidewalk, splendid Haussmann architecture, 8K 50mm ISO 10, nice slight overcast weather, a statue, barracks, sweet home, lots of buildings, very high contrast, 30-year-old French woman, IL, Earl, darling, editorial. Architectural elegance, urban charm, atmospheric cityscape, contrasting elements, cultural heritage, sophisticated urban lifestyle.",77:51,1,7.112304809,7.112304809,0.996,1,3,1,768,1088,896,34,EulerEDMSampler,VanillaCFG,6.966638609,TRUE,35,EulerEDMSampler,VanillaCFG,1.551363295,TRUE,4:3,low_lighting+shot_from_above,widescreen,50,5,auto,,,,"https://firefly.adobe.com/generate/images?style=photo&seed=42&seed=242&seed=4242&seed=2442&prompt=Buildings+in+a+city+with+a+black+gate+and+a+person+walking+on+the+sidewalk%2C+splendid+Haussmann+architecture%2C+8K+50mm+ISO+10%2C+nice+slight+overcast+weather%2C+a+statue%2C+barracks%2C+sweet+home%2C+lots+of+buildings%2C+very+high+contrast%2C+30-year-old+French+woman%2C+IL%2C+Earl%2C+darling%2C+editorial.+Architectural+elegance%2C+urban+charm%2C+atmospheric+cityscape%2C+contrasting+elements%2C+cultural+heritage%2C+sophisticated+urban+lifestyle.&modelInputVersion=v2&aspectRatio=widescreen&creativity=5&guideStrength=50&exif={""mode""%3A""auto""}&style=low_lighting&style=shot_from_above"
r1eff17eft,"Wooden walkway leading to a grassy area, reed on riverbank, some background blur, March, in Avila pinewood, golden curve structure, seeds, editorial photo. Serene nature walk, tranquil river setting, natural textures, peaceful ambiance, harmonious composition, botanical beauty.",51:77,2,4.847795195,4.847795195,0.999,2,3,2,768,896,1152,44,EulerAncestralSampler,IdentityGuider,,FALSE,,,,,,2:3,,landscape,36,5,auto,,,,"https://firefly.adobe.com/generate/images?style=photo&seed=42&seed=242&seed=4242&seed=2442&prompt=Wooden+walkway+leading+to+a+grassy+area%2C+reed+on+riverbank%2C+some+background+blur%2C+March%2C+in+Avila+pinewood%2C+golden+curve+structure%2C+seeds%2C+editorial+photo.+Serene+nature+walk%2C+tranquil+river+setting%2C+natural+textures%2C+peaceful+ambiance%2C+harmonious+composition%2C+botanical+beauty.&modelInputVersion=v2&aspectRatio=landscape&creativity=5&guideStrength=36&exif={""mode""%3A""auto""}"
r1f06581bt,"Statue of a man holding a sword and shield in front of a building, an angel, ancient Rome, editorial, front, Michael Angelo, bodhisattva, close photo, dressed in light armor, stone facade, draped with water and spines, hawk, immense detail, stucco walls, on a street, dors. Majestic sculpture, mythological symbolism, architectural embellishment, artistic expression, dramatic stone carving, spiritual aura.",89:134,1,8.594185442,8.594185442,1,4,3,4,768,1152,896,39,DPMPP2MSampler,IdentityGuider,,TRUE,38,EulerAncestralSampler,VanillaCFG,,FALSE,3:2,knolling,landscape,24,7,manual,4,0.0006,261,"https://firefly.adobe.com/generate/images?style=photo&seed=42&seed=242&seed=4242&seed=2442&prompt=Statue+of+a+man+holding+a+sword+and+shield+in+front+of+a+building%2C+an+angel%2C+ancient+Rome%2C+editorial%2C+front%2C+Michael+Angelo%2C+bodhisattva%2C+close+photo%2C+dressed+in+light+armor%2C+stone+facade%2C+draped+with+water+and+spines%2C+hawk%2C+immense+detail%2C+stucco+walls%2C+on+a+street%2C+dors.+Majestic+sculpture%2C+mythological+symbolism%2C+architectural+embellishment%2C+artistic+expression%2C+dramatic+stone+carving%2C+spiritual+aura.&modelInputVersion=v2&aspectRatio=landscape&creativity=7&guideStrength=24&exif={""mode""%3A""manual""%2C""details""%3A{""aperture""%3A4%2C""focal_length""%3A261%2C""shutter_speed""%3A0.0006}}&style=knolling"
r1f1178cet,"Small body of water with a mountain in the background, very close to real nature, gravels around, by Altichiero, full-length photo, full shot photo, shoreline, lot of detail, Krenz, DSLR photo, during spring, lagoon, photo photo. Serene natural oasis, picturesque landscape, tranquil water reflection, immersive nature experience, vibrant spring colors, exquisite detail, harmonious composition.",77:51,1,6.542295285,6.542295285,0.996,2,3,3,768,1344,768,46,DPMPP2MSampler,VanillaCFG,5.508958785,FALSE,,,,,,1:1,surreal_lighting,widescreen,0,10,manual,1.4,0.004,121,"https://firefly.adobe.com/generate/images?style=photo&seed=42&seed=242&seed=4242&seed=2442&prompt=Small+body+of+water+with+a+mountain+in+the+background%2C+very+close+to+real+nature%2C+gravels+around%2C+by+Altichiero%2C+full-length+photo%2C+full+shot+photo%2C+shoreline%2C+lot+of+detail%2C+Krenz%2C+DSLR+photo%2C+during+spring%2C+lagoon%2C+photo+photo.+Serene+natural+oasis%2C+picturesque+landscape%2C+tranquil+water+reflection%2C+immersive+nature+experience%2C+vibrant+spring+colors%2C+exquisite+detail%2C+harmonious+composition.&modelInputVersion=v2&aspectRatio=widescreen&creativity=10&guideStrength=0&exif={""mode""%3A""manual""%2C""details""%3A{""aperture""%3A1.4%2C""focal_length""%3A121%2C""shutter_speed""%3A0.004}}&style=surreal_lighting"
r1f11809bt,"View of a large cathedral with a clock on the front, Italian Renaissance workshop, monolithic granite spikes, exterior photography, rondel, Renaissance religious art, symmetrical detail, taken with Canon 80D. Architectural grandeur, historical significance, intricate stonework, spiritual ambiance, meticulous craftsmanship, timeless beauty.",77:51,2,3.797317838,3.797317838,0.997,4,3,5,768,1088,896,36,EulerEDMSampler,VanillaCFG,3.147357011,FALSE,,,,,,3:4,monochromatic,landscape,50,2,auto,,,,"https://firefly.adobe.com/generate/images?style=photo&seed=42&seed=242&seed=4242&seed=2442&prompt=View+of+a+large+cathedral+with+a+clock+on+the+front%2C+Italian+Renaissance+workshop%2C+monolithic+granite+spikes%2C+exterior+photography%2C+rondel%2C+Renaissance+religious+art%2C+symmetrical+detail%2C+taken+with+Canon+80D.+Architectural+grandeur%2C+historical+significance%2C+intricate+stonework%2C+spiritual+ambiance%2C+meticulous+craftsmanship%2C+timeless+beauty.&modelInputVersion=v2&aspectRatio=landscape&creativity=2&guideStrength=50&exif={""mode""%3A""auto""}&style=monochromatic"
r1f16e2abt,"Boats docked in a harbor with a mountain in the background, spring season city, mozzarella, 50mm portrait, January, HD photo, upscale photo, editorial, boulevard, editorial photo. Coastal charm, maritime atmosphere, vibrant harbor scene, scenic mountain backdrop, culinary delights, artistic perspective, urban lifestyle.",77:51,3,7.479948321,7.479948321,0.998,2,3,2,512,1664,576,53,EulerAncestralSampler,IdentityGuider,,FALSE,,,,,,2:3,bw+shot_from_below,portrait,100,5,manual,22,0.0006,242,"https://firefly.adobe.com/generate/images?style=photo&seed=42&seed=242&seed=4242&seed=2442&prompt=Boats+docked+in+a+harbor+with+a+mountain+in+the+background%2C+spring+season+city%2C+mozzarella%2C+50mm+portrait%2C+January%2C+HD+photo%2C+upscale+photo%2C+editorial%2C+boulevard%2C+editorial+photo.+Coastal+charm%2C+maritime+atmosphere%2C+vibrant+harbor+scene%2C+scenic+mountain+backdrop%2C+culinary+delights%2C+artistic+perspective%2C+urban+lifestyle.&modelInputVersion=v2&aspectRatio=portrait&creativity=5&guideStrength=100&exif={""mode""%3A""manual""%2C""details""%3A{""aperture""%3A22%2C""focal_length""%3A242%2C""shutter_speed""%3A0.0006}}&style=bw&style=shot_from_below"
r1f1a3258t,"Man riding a horse on a trail in the mountains, from 1000 feet in distance, in the Dolomites, view for miles, mammoth, 50-degree up from the horizon, lynx, simplified, trekking, spoon, rugged, beautiful views, seen from the side, minerals, very cool, VAT, 32K, May. Adventurous horseback exploration, breathtaking alpine vistas, rugged wilderness, epic perspective, wildlife encounters, immersive nature experience.",51:77,3,3.268372099,3.268372099,0.997,1,3,5,512,1472,704,44,EulerEDMSampler,VanillaCFG,6.375266412,TRUE,36,EulerEDMSampler,IdentityGuider,6.754182516,TRUE,1:2,vibrant_colors,widescreen,11,5,auto,,,,"https://firefly.adobe.com/generate/images?style=photo&seed=42&seed=242&seed=4242&seed=2442&prompt=Man+riding+a+horse+on+a+trail+in+the+mountains%2C+from+1000+feet+in+distance%2C+in+the+Dolomites%2C+view+for+miles%2C+mammoth%2C+50-degree+up+from+the+horizon%2C+lynx%2C+simplified%2C+trekking%2C+spoon%2C+rugged%2C+beautiful+views%2C+seen+from+the+side%2C+minerals%2C+very+cool%2C+VAT%2C+32K%2C+May.+Adventurous+horseback+exploration%2C+breathtaking+alpine+vistas%2C+rugged+wilderness%2C+epic+perspective%2C+wildlife+encounters%2C+immersive+nature+experience.&modelInputVersion=v2&aspectRatio=widescreen&creativity=5&guideStrength=11&exif={""mode""%3A""auto""}&style=vibrant_colors"
r1f1a9df4t,"Man riding a horse on a rocky trail, volcanic landscape, ISO 100 wide view, conglomerate!, that is 1300 feet tall, walking to the right, desolation, blue sky without clouds, down there, view from the back, midday sun, tectonics, found on a volcano, torrent. Dramatic horseback journey, otherworldly terrain, geological wonders, arid volcanic environment, fearless exploration, rugged beauty, intense sunlight.",134:89,2,5.874598602,5.874598602,0.996,2,3,1,512,704,1344,34,EulerEDMSampler,VanillaCFG,5.132858572,TRUE,40,DPMPP2MSampler,VanillaCFG,3.766633193,TRUE,4:5,divine+isometric+misty+landscape_photography,square,77,4,auto,,,,"https://firefly.adobe.com/generate/images?style=photo&seed=42&seed=242&seed=4242&seed=2442&prompt=Man+riding+a+horse+on+a+rocky+trail%2C+volcanic+landscape%2C+ISO+100+wide+view%2C+conglomerate!%2C+that+is+1300+feet+tall%2C+walking+to+the+right%2C+desolation%2C+blue+sky+without+clouds%2C+down+there%2C+view+from+the+back%2C+midday+sun%2C+tectonics%2C+found+on+a+volcano%2C+torrent.+Dramatic+horseback+journey%2C+otherworldly+terrain%2C+geological+wonders%2C+arid+volcanic+environment%2C+fearless+exploration%2C+rugged+beauty%2C+intense+sunlight.&modelInputVersion=v2&aspectRatio=square&creativity=4&guideStrength=77&exif={""mode""%3A""auto""}&style=divine&style=isometric&style=misty&style=landscape_photography"
r1f20d8b5t,"Two people standing outside of a building talking, Agrigento, journalist photo, a pilgrim, closeup photo, wearing authentic attire, editorial, July, natural history, in church. Human interaction, cultural exchange, historic setting, candid moment, authentic costumes, storytelling, diverse perspectives.",89:134,1,6.825428447,6.825428447,0.998,2,2,2,768,1344,704,40,DPMPP2SAncestralSampler,VanillaCFG,3.233881925,FALSE,,,,,,2:3,divine,landscape,82,4,manual,22,0.066,163,"https://firefly.adobe.com/generate/images?style=photo&seed=42&seed=242&seed=4242&seed=2442&prompt=Two+people+standing+outside+of+a+building+talking%2C+Agrigento%2C+journalist+photo%2C+a+pilgrim%2C+closeup+photo%2C+wearing+authentic+attire%2C+editorial%2C+July%2C+natural+history%2C+in+church.+Human+interaction%2C+cultural+exchange%2C+historic+setting%2C+candid+moment%2C+authentic+costumes%2C+storytelling%2C+diverse+perspectives.&modelInputVersion=v2&aspectRatio=landscape&creativity=4&guideStrength=82&exif={""mode""%3A""manual""%2C""details""%3A{""aperture""%3A22%2C""focal_length""%3A163%2C""shutter_speed""%3A0.066}}&style=divine"
r1f23f4ddt,"Lone tree in a field with mountains in the background, plows, hot day, Larapi, yellowed with age, ant perspective, half-body photo, portlet photo, Khorinis, cannon photo. Solitary beauty, resilient nature, vast open space, rural tranquility, nostalgic ambiance, artistic composition, contrasting elements.",134:89,1,7.448550019,7.448550019,1,3,1,3,768,896,1088,37,DPMPP2MSampler,IdentityGuider,,TRUE,36,DPMPP2SAncestralSampler,VanillaCFG,,TRUE,4:5,golden_hour+shot_from_above,square,50,7,manual,1.2,0.066,86,"https://firefly.adobe.com/generate/images?style=photo&seed=42&seed=242&seed=4242&seed=2442&prompt=Lone+tree+in+a+field+with+mountains+in+the+background%2C+plows%2C+hot+day%2C+Larapi%2C+yellowed+with+age%2C+ant+perspective%2C+half-body+photo%2C+portlet+photo%2C+Khorinis%2C+cannon+photo.+Solitary+beauty%2C+resilient+nature%2C+vast+open+space%2C+rural+tranquility%2C+nostalgic+ambiance%2C+artistic+composition%2C+contrasting+elements.&modelInputVersion=v2&aspectRatio=square&creativity=7&guideStrength=50&exif={""mode""%3A""manual""%2C""details""%3A{""aperture""%3A1.2%2C""focal_length""%3A86%2C""shutter_speed""%3A0.066}}&style=golden_hour&style=shot_from_above"
r1f2c2acft,"Mountains in the distance with a few houses in the foreground, bucolic, picture taken from the ground, August, perfect-full-shot, some trees in the background, Tocchini, well-rendered, looking partly to the left, open space, well-maintained, no detail, linen, rifle, backdrop, Swarovski crystal, at midday, header, jade, evergreen. Idyllic mountain scenery, harmonious rural setting, serene countryside, sun-drenched landscape, peaceful atmosphere, natural simplicity, textured composition.",77:51,2,4.695718267,4.695718267,0.999,1,1,5,768,960,1024,48,EulerAncestralSampler,VanillaCFG,2.229352922,FALSE,,,,,,9:16,,portrait,50,2,auto,,,,"https://firefly.adobe.com/generate/images?style=photo&seed=42&seed=242&seed=4242&seed=2442&prompt=Mountains+in+the+distance+with+a+few+houses+in+the+foreground%2C+bucolic%2C+picture+taken+from+the+ground%2C+August%2C+perfect-full-shot%2C+some+trees+in+the+background%2C+Tocchini%2C+well-rendered%2C+looking+partly+to+the+left%2C+open+space%2C+well-maintained%2C+no+detail%2C+linen%2C+rifle%2C+backdrop%2C+Swarovski+crystal%2C+at+midday%2C+header%2C+jade%2C+evergreen.+Idyllic+mountain+scenery%2C+harmonious+rural+setting%2C+serene+countryside%2C+sun-drenched+landscape%2C+peaceful+atmosphere%2C+natural+simplicity%2C+textured+composition.&modelInputVersion=v2&aspectRatio=portrait&creativity=2&guideStrength=50&exif={""mode""%3A""auto""}"
r1f2f31e2t,"Purple sequinned costumed woman with a pink hat and a pink dress, curiosities carnival, low-angle shot from behind, Venice, shining and happy atmosphere, HD photo, 2014, morning lighting, popping color, wearing festive clothing, new design, feline, view from the streets, boke, horned, flight, in sunny weather. Vivid carnival character, vibrant street festival, theatrical ambiance, vibrant color palette, joyful celebration, dynamic pose, whimsical fashion.",77:51,1,5.398470562,5.398470562,0.999,2,1,1,512,1344,768,52,EulerAncestralSampler,IdentityGuider,,TRUE,32,DPMPP2SAncestralSampler,IdentityGuider,,TRUE,3:2,bw+surreal_lighting+shot_from_below,widescreen,100,3,auto,,,,"https://firefly.adobe.com/generate/images?style=photo&seed=42&seed=242&seed=4242&seed=2442&prompt=Purple+sequinned+costumed+woman+with+a+pink+hat+and+a+pink+dress%2C+curiosities+carnival%2C+low-angle+shot+from+behind%2C+Venice%2C+shining+and+happy+atmosphere%2C+HD+photo%2C+2014%2C+morning+lighting%2C+popping+color%2C+wearing+festive+clothing%2C+new+design%2C+feline%2C+view+from+the+streets%2C+boke%2C+horned%2C+flight%2C+in+sunny+weather.+Vivid+carnival+character%2C+vibrant+street+festival%2C+theatrical+ambiance%2C+vibrant+color+palette%2C+joyful+celebration%2C+dynamic+pose%2C+whimsical+fashion.&modelInputVersion=v2&aspectRatio=widescreen&creativity=3&guideStrength=100&exif={""mode""%3A""auto""}&style=bw&style=surreal_lighting&style=shot_from_below"
r1f3e6681t,"Fence next to the water, Cinq Terre, hilly road, Kanagawa Prefecture, raw file, looking to the right, DSLR photo, sunny day at the beach, 4800K, Canon photo. Coastal serenity, picturesque shoreline, scenic drive, cultural fusion, natural beauty, vibrant colors, outdoor relaxation.",77:51,2,7.243848401,7.243848401,0.998,3,1,2,768,1728,576,40,LinearMultistepSampler,VanillaCFG,4.103738794,TRUE,41,HeunEDMSampler,VanillaCFG,4.481908584,TRUE,5:4,closeup,landscape,100,7,auto,,,,"https://firefly.adobe.com/generate/images?style=photo&seed=42&seed=242&seed=4242&seed=2442&prompt=Fence+next+to+the+water%2C+Cinq+Terre%2C+hilly+road%2C+Kanagawa+Prefecture%2C+raw+file%2C+looking+to+the+right%2C+DSLR+photo%2C+sunny+day+at+the+beach%2C+4800K%2C+Canon+photo.+Coastal+serenity%2C+picturesque+shoreline%2C+scenic+drive%2C+cultural+fusion%2C+natural+beauty%2C+vibrant+colors%2C+outdoor+relaxation.&modelInputVersion=v2&aspectRatio=landscape&creativity=7&guideStrength=100&exif={""mode""%3A""auto""}&style=closeup"
r1f40decct,"Dirt road winding through the woods, bokeh DOF sky, Sumatraism, last light on mountain top, Tamborine, morning, DSLR photo, horizon view, with a tall tree, on the top of a mountain, sunny morning, mountain in the background, outdoor photo. Enchanting forest path, ethereal atmosphere, mystical landscape, tranquil escape, natural serenity, idyllic scenery, introspective journey.",77:51,3,3.851956436,3.851956436,0.998,3,0,4,768,1600,640,44,LinearMultistepSampler,IdentityGuider,,TRUE,39,DPMPP2SAncestralSampler,VanillaCFG,,FALSE,3:2,fisheye+surreal_lighting,square,100,5,auto,,,,"https://firefly.adobe.com/generate/images?style=photo&seed=42&seed=242&seed=4242&seed=2442&prompt=Dirt+road+winding+through+the+woods%2C+bokeh+DOF+sky%2C+Sumatraism%2C+last+light+on+mountain+top%2C+Tamborine%2C+morning%2C+DSLR+photo%2C+horizon+view%2C+with+a+tall+tree%2C+on+the+top+of+a+mountain%2C+sunny+morning%2C+mountain+in+the+background%2C+outdoor+photo.+Enchanting+forest+path%2C+ethereal+atmosphere%2C+mystical+landscape%2C+tranquil+escape%2C+natural+serenity%2C+idyllic+scenery%2C+introspective+journey.&modelInputVersion=v2&aspectRatio=square&creativity=5&guideStrength=100&exif={""mode""%3A""auto""}&style=fisheye&style=surreal_lighting"
r1f446078t,"Train going down the tracks in the mountains, lianas, seen from straight above, fine texture detail, diverse species, sun-dappled, top of a canyon, foliage, limestone, hair made of trees, chaste, full-shot, green colors, Bingus, Encarpus, center view, high sharpness. Spectacular mountain railway, breathtaking aerial view, lush vegetation, ecological diversity, awe-inspiring perspective, immersive nature experience, dramatic scenery.",51:77,4,6.541365637,6.541365637,0.996,2,1,3,512,1600,640,34,EulerAncestralSampler,VanillaCFG,5.6217809,TRUE,45,EulerEDMSampler,VanillaCFG,4.932352191,TRUE,1:2,shot_from_below,landscape,31,7,manual,2,1,164,"https://firefly.adobe.com/generate/images?style=photo&seed=42&seed=242&seed=4242&seed=2442&prompt=Train+going+down+the+tracks+in+the+mountains%2C+lianas%2C+seen+from+straight+above%2C+fine+texture+detail%2C+diverse+species%2C+sun-dappled%2C+top+of+a+canyon%2C+foliage%2C+limestone%2C+hair+made+of+trees%2C+chaste%2C+full-shot%2C+green+colors%2C+Bingus%2C+Encarpus%2C+center+view%2C+high+sharpness.+Spectacular+mountain+railway%2C+breathtaking+aerial+view%2C+lush+vegetation%2C+ecological+diversity%2C+awe-inspiring+perspective%2C+immersive+nature+experience%2C+dramatic+scenery.&modelInputVersion=v2&aspectRatio=landscape&creativity=7&guideStrength=31&exif={""mode""%3A""manual""%2C""details""%3A{""aperture""%3A2%2C""focal_length""%3A164%2C""shutter_speed""%3A1}}&style=shot_from_below"
r1f48d12dt,"Cross on a hill with a view of a city, Stella Alpina flower, sunny winter day, Gyokugan, window view, editorial, in a mountain valley, funeral, Voge photo. Spiritual symbol, tranquil mountain setting, panoramic cityscape, peaceful winter scene, contemplative ambiance, cultural significance, somber moment, breathtaking vista.",51:77,4,2.606271937,2.606271937,0.996,1,2,1,768,960,1024,46,DPMPP2MSampler,IdentityGuider,,FALSE,,,,,,9:16,antique_photo,widescreen,0,6,manual,2.8,0.0006,261,"https://firefly.adobe.com/generate/images?style=photo&seed=42&seed=242&seed=4242&seed=2442&prompt=Cross+on+a+hill+with+a+view+of+a+city%2C+Stella+Alpina+flower%2C+sunny+winter+day%2C+Gyokugan%2C+window+view%2C+editorial%2C+in+a+mountain+valley%2C+funeral%2C+Voge+photo.+Spiritual+symbol%2C+tranquil+mountain+setting%2C+panoramic+cityscape%2C+peaceful+winter+scene%2C+contemplative+ambiance%2C+cultural+significance%2C+somber+moment%2C+breathtaking+vista.&modelInputVersion=v2&aspectRatio=widescreen&creativity=6&guideStrength=0&exif={""mode""%3A""manual""%2C""details""%3A{""aperture""%3A2.8%2C""focal_length""%3A261%2C""shutter_speed""%3A0.0006}}&style=antique_photo"
r1f4a44a7t,"Brick wall next to a sidewalk, Italian masterpiece, above side view, really large bosom, looking sideways, perfect straight lines, Caravaggio, looking away from the camera. Architectural elegance, artistic detailing, historical charm, textured composition, enigmatic gaze, artistic perspective, timeless beauty.",77:51,3,6.422740284,6.422740284,0.999,3,2,0,768,1344,768,31,HeunEDMSampler,VanillaCFG,4.287613767,TRUE,35,EulerEDMSampler,VanillaCFG,4.778259528,TRUE,16:9,gomori_photography+product_photo+dramatic_light,portrait,100,2,auto,,,,"https://firefly.adobe.com/generate/images?style=photo&seed=42&seed=242&seed=4242&seed=2442&prompt=Brick+wall+next+to+a+sidewalk%2C+Italian+masterpiece%2C+above+side+view%2C+really+large+bosom%2C+looking+sideways%2C+perfect+straight+lines%2C+Caravaggio%2C+looking+away+from+the+camera.+Architectural+elegance%2C+artistic+detailing%2C+historical+charm%2C+textured+composition%2C+enigmatic+gaze%2C+artistic+perspective%2C+timeless+beauty.&modelInputVersion=v2&aspectRatio=portrait&creativity=2&guideStrength=100&exif={""mode""%3A""auto""}&style=gomori_photography&style=product_photo&style=dramatic_light"
r1f4f8a51t,"Boats docked on the water near a rocky shore, Cinq Terre, sunny day with clear sky, visible from afar!!, 33mm photo, 50MP, July 2011, crabs, flying over the ocean, photography, halos, 4800K, Salvia, big rocks, NYC, slightly overexposed, navy. Coastal tranquility, vibrant maritime scene, idyllic harbor, captivating aerial perspective, dynamic elements, mesmerizing light, coastal exploration.",77:51,2,8.038025296,8.038025296,0.995,4,2,4,768,1088,896,40,EulerAncestralSampler,VanillaCFG,5.043994988,TRUE,31,HeunEDMSampler,VanillaCFG,2.701106354,FALSE,2:3,,square,50,10,auto,,,,"https://firefly.adobe.com/generate/images?style=photo&seed=42&seed=242&seed=4242&seed=2442&prompt=Boats+docked+on+the+water+near+a+rocky+shore%2C+Cinq+Terre%2C+sunny+day+with+clear+sky%2C+visible+from+afar!!%2C+33mm+photo%2C+50MP%2C+July+2011%2C+crabs%2C+flying+over+the+ocean%2C+photography%2C+halos%2C+4800K%2C+Salvia%2C+big+rocks%2C+NYC%2C+slightly+overexposed%2C+navy.+Coastal+tranquility%2C+vibrant+maritime+scene%2C+idyllic+harbor%2C+captivating+aerial+perspective%2C+dynamic+elements%2C+mesmerizing+light%2C+coastal+exploration.&modelInputVersion=v2&aspectRatio=square&creativity=10&guideStrength=50&exif={""mode""%3A""auto""}"
r1f5ad4e0t,"Statue of a man holding a sword and a dog, [adamantly defined abs]!!, Caravaggio, medium, stick, sculpture, depth, Pepe, display, best, calf, AVP, Godes. Powerful symbolism, dynamic sculpture, artistic expression, canine companion, heroic stance, larger-than-life presence, artistic collaboration.",89:134,4,3.31356432,3.31356432,0.996,2,3,2,768,960,1024,43,EulerAncestralSampler,VanillaCFG,5.588022405,TRUE,45,DPMPP2SAncestralSampler,IdentityGuider,2.222981324,TRUE,4:5,,portrait,100,8,manual,1.2,0.016,246,"https://firefly.adobe.com/generate/images?style=photo&seed=42&seed=242&seed=4242&seed=2442&prompt=Statue+of+a+man+holding+a+sword+and+a+dog%2C+[adamantly+defined+abs]!!%2C+Caravaggio%2C+medium%2C+stick%2C+sculpture%2C+depth%2C+Pepe%2C+display%2C+best%2C+calf%2C+AVP%2C+Godes.+Powerful+symbolism%2C+dynamic+sculpture%2C+artistic+expression%2C+canine+companion%2C+heroic+stance%2C+larger-than-life+presence%2C+artistic+collaboration.&modelInputVersion=v2&aspectRatio=portrait&creativity=8&guideStrength=100&exif={""mode""%3A""manual""%2C""details""%3A{""aperture""%3A1.2%2C""focal_length""%3A246%2C""shutter_speed""%3A0.016}}"
r1f5c8451t,"Two birds sitting on top of a streetlight, white minimalistic background, Norway, dressed all in black, lightbox, in a meeting room, thoughtful pose, frosted glass, signboards, ISO640, 10, editorial. Avian serenity, urban birdscape, minimalistic aesthetics, contemplative atmosphere, artistic juxtaposition, subdued elegance, urban solitude.",77:51,4,3.066895569,3.066895569,0.995,1,1,3,768,960,1024,43,DPMPP2MSampler,IdentityGuider,,TRUE,38,EulerAncestralSampler,VanillaCFG,,TRUE,5:4,misty+grainy_film,portrait,0,10,manual,1.2,0.125,39,"https://firefly.adobe.com/generate/images?style=photo&seed=42&seed=242&seed=4242&seed=2442&prompt=Two+birds+sitting+on+top+of+a+streetlight%2C+white+minimalistic+background%2C+Norway%2C+dressed+all+in+black%2C+lightbox%2C+in+a+meeting+room%2C+thoughtful+pose%2C+frosted+glass%2C+signboards%2C+ISO640%2C+10%2C+editorial.+Avian+serenity%2C+urban+birdscape%2C+minimalistic+aesthetics%2C+contemplative+atmosphere%2C+artistic+juxtaposition%2C+subdued+elegance%2C+urban+solitude.&modelInputVersion=v2&aspectRatio=portrait&creativity=10&guideStrength=0&exif={""mode""%3A""manual""%2C""details""%3A{""aperture""%3A1.2%2C""focal_length""%3A39%2C""shutter_speed""%3A0.125}}&style=misty&style=grainy_film"